U+4E00|yī(32747)
U+4E01|dīng(16)
U+4E03|qī(950)
U+4E07|wàn(1335)
U+4E08|zhàng(112)
U+4E09|sān(3030)
U+4E0A|shàng(12308) shang(392)
U+4E0B|xià(6430) xia(249)
U+4E0D|bù(23305) bu(555)
U+4E0E|yǔ(962) yù(10)
U+4E11|chǒu(31)
U+4E13|zhuān(602)
U+4E14|qiě(1051)
U+4E16|shì(1238)
U+4E18|qiū(58)
U+4E19|bǐng(30)
U+4E1A|yè(2095)
U+4E1B|cóng(69)
U+4E1C|dōng(1601)
U+4E1D|sī(186)
U+4E1F|diū(144)
U+4E22|diū(144)
U+4E24|liǎng(3229)
U+4E25|yán(633)
U+4E27|sàng(22)
U+4E2A|gè(11693) ge(1891) gě(18)
U+4E2B|yā(56)
U+4E2D|zhōng(4875) zhòng(66)
U+4E30|fēng(264)
U+4E32|chuàn(104)
U+4E34|lín(220)
U+4E38|wán(13)
U+4E39|dān(31) dan(11)
U+4E3A|wèi(3962) wéi(2433)
U+4E3B|zhǔ(6884)
U+4E3D|lì(215)
U+4E3E|jǔ(541) ju(8)
U+4E43|nǎi(27)
U+4E45|jiǔ(467)
U+4E48|me(8053)
U+4E49|yì(4472)
U+4E4B|zhī(2282)
U+4E4C|wū(69)
U+4E4E|hu(304) hū(284)
U+4E4F|fá(103)
U+4E50|lè(283) yuè(54)
U+4E52|pīng(29)
U+4E53|pāng(29)
U+4E56|guāi(19)
U+4E58|chéng(106)
U+4E59|yǐ(45)
U+4E5D|jiǔ(1453)
U+4E5F|yě(7359)
U+4E60|xí(836)
U+4E61|xiāng(433)
U+4E66|shū(1446)
U+4E70|mǎi(774)
U+4E71|luàn(357)
U+4E73|rǔ(24)
U+4E82|luàn(357)
U+4E86|le(30101) liǎo(654) liào(19)
U+4E88|yǔ(40)
U+4E89|zhēng(1708)
U+4E8B|shì(3356) shi(210)
U+4E8C|èr(2718)
U+4E8E|yú(3483)
U+4E8F|kuī(71)
U+4E91|yún(207)
U+4E92|hù(288)
U+4E94|wǔ(1864)
U+4E95|jǐng(147)
U+4E9A|yà(26)
U+4E9B|xiē(3689)
U+4E9E|yà(26)
U+4EA1|wáng(94)
U+4EA4|jiāo(642)
U+4EA6|yì(35)
U+4EA7|chǎn(4099)
U+4EA9|mǔ(107)
U+4EAB|xiǎng(76)
U+4EAD|tíng(53)
U+4EAE|liàng(415) liang(134)
U+4EB2|qīn(1029) qin(428)
U+4EBA|rén(16866) ren(280)
U+4EBF|yì(195)
U+4EC0|shén(4045) shen(17)
U+4EC5|jǐn(402)
U+4EC7|chóu(71)
U+4ECA|jīn(1239)
U+4ECB|jiè(156)
U+4ECD|réng(378)
U+4ECE|cóng(3708) cōng(25)
U+4ED3|cāng(47)
U+4ED4|zǐ(132)
U+4ED6|tā(16038)
U+4ED7|zhàng(128)
U+4ED8|fù(83) fu(77)
U+4ED9|xian(18) xiān(17)
U+4EE3|dài(1881)
U+4EE4|lìng(453)
U+4EE5|yǐ(6111)
U+4EEA|yí(120)
U+4EEC|men(14950)
U+4EF0|yǎng(70)
U+4EF6|jiàn(1163)
U+4EF7|jià(430)
U+4EFB|rèn(1235)
U+4EFD|fèn(147) fen(31)
U+4EFF|fǎng(273)
U+4F01|qǐ(244)
U+4F0A|yī(13)
U+4F0D|wu(216)
U+4F0F|fú(100)
U+4F10|fá(52)
U+4F11|xiū(197)
U+4F17|zhòng(1149)
U+4F18|yōu(287)
U+4F19|huǒ(402) huo(117)
U+4F1A|huì(6866) kuài(9)
U+4F1E|sǎn(57)
U+4F1F|wěi(575)
U+4F20|chuán(704) zhuàn(12)
U+4F24|shāng(393)
U+4F2A|wěi(48)
U+4F2F|bó(137) bo(56)
U+4F30|gū(67)
U+4F34|bàn(106)
U+4F36|ling(15)
U+4F38|shēn(307)
U+4F3A|cì(24)
U+4F3C|shì(599) sì(401)
U+4F43|diàn(12)
U+4F46|dàn(2345)
U+4F4D|wèi(1252)
U+4F4E|dī(664)
U+4F4F|zhù(1793)
U+4F51|yòu(11)
U+4F53|tǐ(1746)
U+4F55|hé(691)
U+4F59|yú(287)
U+4F5B|fú(252)
U+4F5C|zuò(4832)
U+4F60|nǐ(10944)
U+4F69|pèi(29)
U+4F73|jiā(21)
U+4F7F|shǐ(2283)
U+4F86|lái(14549)
U+4F8B|lì(369)
U+4F8D|shì(20)
U+4F9B|gōng(305) gòng(11)
U+4F9D|yī(341)
U+4FA6|zhēn(51)
U+4FA7|cè(125)
U+4FAE|wǔ(32)
U+4FB5|qīn(341)
U+4FBF|biàn(1235) pián(58)
U+4FC3|cù(140)
U+4FC4|é(12)
U+4FD7|sú(51)
U+4FD8|fú(31)
U+4FDD|bǎo(852)
U+4FE1|xìn(1068)
U+4FE9|liǎ(196)
U+4FED|jiǎn(9)
U+4FEE|xiū(464)
U+4FEF|fǔ(22)
U+4FF1|jù(18)
U+4FFA|ǎn(122)
U+5006|liǎ(196)
U+5009|cāng(47)
U+500B|gè(11693) ge(1891) gě(18)
U+500D|bèi(219)
U+5011|men(14950)
U+5012|dào(530) dǎo(365)
U+5018|tǎng(45)
U+5019|hou(2060) hòu(300)
U+501A|yǐ(34)
U+501F|jiè(204)
U+5021|chàng(55)
U+5026|juàn(28)
U+503A|zhài(36)
U+503C|zhí(341)
U+503E|qīng(175)
U+5047|jiǎ(222) jià(44)
U+5049|wěi(575)
U+504E|wēi(16)
U+504F|piān(153)
U+505A|zuò(2166)
U+505C|tíng(510)
U+5065|jiàn(142)
U+5074|cè(125)
U+5075|zhēn(51)
U+5076|ǒu(64)
U+5077|tōu(204)
U+507D|wěi(48)
U+507F|cháng(11)
U+5085|fu(201)
U+508D|bàng(47)
U+5098|sǎn(57)
U+5099|bèi(784)
U+50A8|chǔ(25)
U+50AC|cuī(41)
U+50B2|ào(67)
U+50B3|chuán(704) zhuàn(12)
U+50B5|zhài(36)
U+50B7|shāng(393)
U+50BB|shǎ(62)
U+50BE|qīng(175)
U+50C5|jǐn(402)
U+50CF|xiàng(233)
U+50DA|liáo(56)
U+50F1|gù(25)
U+50F5|jiāng(34)
U+50F9|jià(430)
U+5100|yí(120)
U+5104|yì(195)
U+5109|jiǎn(9)
U+511F|cháng(11)
U+512A|yōu(287)
U+5132|chǔ(25)
U+513F|r(3254) ér(581)
U+5141|yǔn(102)
U+5143|yuán(325)
U+5144|xiōng(97) xiong(25)
U+5145|chōng(375)
U+5148|xiān(1962)
U+5149|guāng(1636)
U+514B|kè(172)
U+514D|miǎn(193)
U+5152|r(3254) ér(581)
U+5154|tù(100)
U+515A|dǎng(2652)
U+515C|dōu(43)
U+5165|rù(784)
U+5167|nèi(1434)
U+5168|quán(2824)
U+5169|liǎng(3229)
U+516B|bā(1123)
U+516C|gōng(1289)
U+516D|liù(1035)
U+5171|gòng(1298)
U+5173|guān(1758)
U+5174|xìng(499) xīng(164)
U+5175|bīng(536)
U+5176|qí(1458)
U+5177|jù(705) ju(30)
U+5178|diǎn(98)
U+517B|yǎng(430)
U+517C|jiān(40)
U+517D|shòu(40)
U+5185|nèi(1434)
U+5188|gāng(37)
U+518A|cè(21)
U+518C|cè(21)
U+518D|zài(1697)
U+5192|mào(187)
U+5199|xiě(1171)
U+519B|jūn(1842)
U+519C|nóng(1281)
U+51A4|yuān(48)
U+51AC|dōng(272)
U+51B0|bīng(167)
U+51B2|chōng(428) chòng(33)
U+51B3|jué(1503)
U+51B5|kuàng(719)
U+51B6|yě(61)
U+51B7|lěng(453)
U+51BB|dòng(133)
U+51C0|jìng(152)
U+51C4|qī(16)
U+51C6|zhǔn(897)
U+51C9|liáng(129)
U+51CD|dòng(133)
U+51CF|jiǎn(300)
U+51D1|còu(69)
U+51DD|níng(138)
U+51E0|jǐ(2523) jī(216)
U+51E1|fán(135)
U+51E4|fèng(16)
U+51EB|fú(12)
U+51ED|píng(134)
U+51F0|huáng(16)
U+51F3|dèng(87)
U+51F6|xiōng(78)
U+51F8|tū(31)
U+51F9|āo(31)
U+51FA|chū(6753)
U+51FB|jī(644)
U+51FF|záo(34)
U+5200|dāo(284)
U+5206|fēn(2405) fèn(559) fen(532)
U+5207|qiè(998) qiē(70)
U+520A|kān(50)
U+5211|xíng(115)
U+5212|huà(438) huá(68)
U+5217|liè(270)
U+5219|zé(535)
U+521A|gāng(873)
U+521B|chuàng(435) chuāng(13)
U+521D|chū(405)
U+5224|pàn(252)
U+5225|bié(2043) biè(14)
U+5228|páo(12)
U+5229|lì(1593) li(16)
U+522B|bié(2043) biè(14)
U+522E|guā(105)
U+5230|dào(10331) dao(18)
U+5236|zhì(1850)
U+5237|shuā(140)
U+5239|shā(17) chà(14)
U+523A|cì(162)
U+523B|kè(653)
U+5242|jì(79)
U+5247|zé(535)
U+524A|xuē(194) xiāo(33)
U+524D|qián(3617)
U+524E|shā(17) chà(14)
U+5251|jiàn(79)
U+5254|tī(12)
U+5256|pōu(24)
U+525B|gāng(873)
U+525D|bō(212)
U+5265|bō(212)
U+5267|jù(123)
U+5269|shèng(199)
U+526A|jiǎn(39)
U+526F|fù(313)
U+5272|gē(128)
U+5275|chuàng(435) chuāng(13)
U+527F|jiǎo(25)
U+5287|jù(123)
U+5288|pī(17)
U+528D|jiàn(79)
U+5291|jì(79)
U+529B|lì(2488) li(97)
U+529D|quàn(121)
U+529E|bàn(1187)
U+529F|gōng(381)
U+52A0|jiā(1861)
U+52A1|wu(473) wù(445)
U+52A3|liè(26)
U+52A8|dòng(5030)
U+52A9|zhù(464)
U+52AA|nǔ(251)
U+52B1|lì(93)
U+52B2|jìn(294)
U+52B3|láo(856)
U+52BF|shì(442) shi(10)
U+52C1|jìn(294)
U+52C3|bó(54)
U+52C7|yǒng(223)
U+52C9|miǎn(37)
U+52D2|lēi(13)
U+52D5|dòng(5030)
U+52D8|kān(13)
U+52D9|wu(473) wù(445)
U+52DD|shèng(745)
U+52DE|láo(856)
U+52E2|shì(442) shi(10)
U+52E4|qín(100)
U+52F5|lì(93)
U+52F8|quàn(121)
U+52FB|yún(34)
U+52FE|gōu(42)
U+5300|yún(34)
U+5305|bāo(706)
U+5306|cōng(124)
U+5316|huà(2148)
U+5317|běi(726)
U+5319|shi(13)
U+5320|jiang(70) jiàng(16)
U+532A|fěi(118)
U+532F|huì(73)
U+5339|pǐ(79)
U+533A|qū(1211)
U+533B|yī(460)
U+533E|biǎn(23)
U+5340|qū(1211)
U+5341|shí(4082)
U+5343|qiān(881)
U+5347|shēng(197)
U+5348|wǔ(258) wu(12)
U+534A|bàn(1143)
U+534E|huá(29)
U+534F|xié(150)
U+5351|bēi(13)
U+5354|xié(150)
U+5355|dān(603)
U+5356|mài(479) mai(51)
U+5357|nán(749)
U+535A|bó(121)
U+535C|bo(25)
U+5360|zhàn(343)
U+5361|kǎ(28)
U+5367|wò(45)
U+536B|wèi(340)
U+5370|yìn(300)
U+5371|wēi(308)
U+5373|jí(511)
U+5374|què(1157)
U+5375|luǎn(87)
U+5377|juǎn(115) juàn(14)
U+5378|xiè(28)
U+537B|què(1157)
U+5382|chǎng(731)
U+5385|tīng(59)
U+5386|lì(819)
U+5389|lì(146)
U+538B|yā(625)
U+538C|yàn(67)
U+5395|cè(10)
U+5398|lí(69)
U+539A|hòu(202)
U+539F|yuán(1701)
U+53A2|xiāng(18)
U+53A6|shà(17)
U+53A8|chú(48)
U+53AD|yàn(67)
U+53B2|lì(146)
U+53BB|qù(7347)
U+53BF|xiàn(429)
U+53C2|cān(525) shēn(25)
U+53C3|cān(525) shēn(25)
U+53C8|yòu(4892)
U+53CA|jí(721)
U+53CB|you(437) yǒu(275)
U+53CC|shuāng(373)
U+53CD|fǎn(2114)
U+53D1|fā(4834) fa(174) fà(80)
U+53D4|shū(215) shu(153)
U+53D6|qǔ(916)
U+53D7|shòu(1082)
U+53D8|biàn(1669)
U+53D9|xù(18)
U+53DB|pàn(68)
U+53E0|dié(39)
U+53E2|cóng(69)
U+53E3|kǒu(1647) kou(74)
U+53E4|gǔ(440)
U+53E5|jù(624)
U+53E6|lìng(476)
U+53EA|zhǐ(3118) zhī(749)
U+53EB|jiào(2238)
U+53EC|zhào(235)
U+53ED|ba(25)
U+53EE|dīng(38)
U+53EF|kě(6054)
U+53F0|tái(530)
U+53F2|shǐ(847)
U+53F3|yòu(490)
U+53F6|yè(301)
U+53F7|hào(462) hao(16) háo(12)
U+53F8|sī(309)
U+53F9|tàn(153)
U+53FC|diāo(16)
U+5401|xū(20) yù(12)
U+5403|chī(1684)
U+5404|gè(1806)
U+5406|yāo(37)
U+5408|hé(1585)
U+5409|jí(13)
U+540A|diào(59)
U+540C|tóng(4634) tong(34) tòng(17)
U+540D|míng(767)
U+540E|hòu(4342)
U+5410|tǔ(73) tù(38)
U+5411|xiàng(2542)
U+5413|xià(135)
U+5417|ma(1456) má(93)
U+541B|jūn(34)
U+541E|tūn(30)
U+541F|yín(24)
U+5426|fǒu(230)
U+5427|ba(2073)
U+5428|dūn(157)
U+5429|fēn(48)
U+542B|hán(320)
U+542C|tīng(2028) ting(48)
U+542D|kēng(10)
U+542F|qǐ(60)
U+5435|chǎo(85)
U+5436|ne(2307) nà(13)
U+5438|xī(371)
U+5439|chuī(239)
U+543B|wěn(10)
U+543C|hǒu(63)
U+5440|ya(1018) yā(398)
U+5443|è(14)
U+5446|dāi(136)
U+5448|chéng(40)
U+544A|gào(995)
U+5450|ne(2307) nà(13)
U+5457|bei(22)
U+5458|yuán(1766)
U+545C|wū(11)
U+5462|ne(2307) ní(21)
U+5468|zhōu(396)
U+5473|wèi(281)
U+5475|ā(392) hē(64)
U+5478|pēi(32)
U+547B|shēn(13)
U+547C|hū(378) hu(107)
U+547D|mìng(2703)
U+5480|jǔ(15)
U+5482|zā(18)
U+5486|páo(19)
U+548B|zǎ(17)
U+548C|hé(9513) huo(38) he(24) hè(9)
U+5490|fu(72)
U+5492|zhòu(11)
U+5495|gu(14)
U+5496|kā(9)
U+5499|lóng(26)
U+549B|níng(11)
U+54A6|yí(41)
U+54A7|lie(53)
U+54AC|yǎo(166)
U+54B1|zán(741) zan(11)
U+54B3|hāi(46) ké(39)
U+54B8|xián(10)
U+54BD|yàn(29) yè(23) yān(9)
U+54C0|āi(55)
U+54C1|pǐn(876)
U+54C4|hōng(26) hǒng(14)
U+54C6|duō(30)
U+54C7|wa(76) wā(26)
U+54C8|hā(228)
U+54CD|xiǎng(798)
U+54CE|āi(302)
U+54CF|gén(56)
U+54D1|yǎ(14)
U+54D7|huā(54)
U+54DF|yō(64) yo(32)
U+54E1|yuán(1766)
U+54E5|gē(491) ge(217)
U+54E6|ó(98) ò(98) é(63)
U+54E7|chī(35)
U+54E8|shào(51)
U+54E9|li(225)
U+54EA|nǎ(1138) na(266)
U+54ED|kū(373)
U+54EE|xiāo(19)
U+54F2|zhé(217)
U+54FA|bǔ(14)
U+54FC|hēng(147)
U+54FD|gěng(12)
U+5504|bei(22)
U+5507|chún(97)
U+5524|huàn(57) huan(35)
U+552C|hu(14)
U+552E|shòu(78)
U+552F|wéi(280)
U+5530|shuā(36)
U+5531|chàng(433)
U+553E|tuò(14)
U+5543|kěn(17)
U+5544|zhuó(12)
U+5546|shāng(561)
U+554A|a(1102) ā(404)
U+554F|wèn(2838) wen(54)
U+555E|yǎ(14)
U+555F|qǐ(60)
U+5561|fēi(9)
U+5564|pí(12)
U+5565|shà(109)
U+5566|la(967) lā(15)
U+556A|pā(49)
U+5578|xiào(21)
U+557C|tí(12)
U+557E|jiū(32)
U+5582|wèi(151)
U+5583|nán(26)
U+5584|shàn(206)
U+5587|lǎ(25)
U+5589|hóu(51)
U+558A|hǎn(464)
U+5594|ō(103)
U+5598|chuǎn(76)
U+559A|huàn(57) huan(35)
U+559C|xǐ(459)
U+559D|hē(340) he(37) hè(19)
U+55AA|sàng(22)
U+55AE|dān(603)
U+55B2|yō(64) yo(32)
U+55B7|pēn(111)
U+55BD|lou(46)
U+55C5|xiù(14)
U+55CE|ma(1456) má(93)
U+55D0|hài(14)
U+55D3|sǎng(63)
U+55DA|wū(11)
U+55E1|wēng(56)
U+55E6|suo(30)
U+55E8|hāi(31)
U+55EC|hē(13)
U+55EF|ń(48) ň(48) ǹ(48) ńg(48) ňg(48) ǹg(48)
U+55FD|sou(39)
U+5600|dí(14)
U+5606|tàn(153)
U+5608|cáo(13)
U+560D|lou(46)
U+5617|cháng(38)
U+5618|xū(10)
U+561B|ma(246) má(93)
U+5629|huā(54)
U+562F|xiào(21)
U+5631|zhǔ(35)
U+5632|cháo(28)
U+5634|zuǐ(610)
U+5636|sī(14)
U+563B|xī(42)
U+563F|hēi(76)
U+5653|xū(10)
U+5662|ō(103)
U+5668|qì(771)
U+566A|zào(15)
U+5674|pēn(111)
U+5678|dūn(157)
U+5680|níng(11)
U+5687|xià(135)
U+56A8|lóng(26)
U+56B4|yán(633)
U+56B7|rǎng(88)
U+56BC|jué(15)
U+56D1|zhǔ(35)
U+56DB|sì(2101)
U+56DE|huí(2949)
U+56E0|yīn(1919)
U+56E2|tuán(887)
U+56EA|cōng(28)
U+56ED|yuán(258)
U+56F0|kùn(386)
U+56F1|cōng(28)
U+56F4|wéi(654)
U+56FA|gù(326)
U+56FD|guó(6416)
U+56FE|tú(491)
U+5706|yuán(197)
U+5708|quān(169) juàn(12)
U+570B|guó(6416)
U+570D|wéi(654)
U+5712|yuán(258)
U+5713|yuán(197)
U+5716|tú(491)
U+5718|tuán(887)
U+571F|tǔ(858)
U+5723|shèng(28)
U+5728|zài(19364)
U+5730|de(7394) dì(4976)
U+573A|chǎng(773) cháng(141)
U+573E|jī(38)
U+5740|zhǐ(24)
U+5747|jūn(204)
U+574A|fang(11)
U+574E|kǎn(10)
U+574F|huài(615)
U+5750|zuò(1018)
U+5751|kēng(90)
U+5757|kuài(929)
U+575A|jiān(695)
U+575D|bà(24)
U+575F|fén(46)
U+5760|zhuì(13)
U+5761|pō(103)
U+5766|tǎn(77)
U+576F|pī(24)
U+5782|chuí(88)
U+5783|lā(38)
U+5784|lǒng(28)
U+578B|xíng(317)
U+5792|lěi(28)
U+57A6|kěn(10)
U+57AB|diàn(24)
U+57AE|kuǎ(38)
U+57C3|āi(33)
U+57CB|mái(90) mán(14)
U+57CE|chéng(592)
U+57DF|yù(124)
U+57E0|bù(12)
U+57F7|zhí(218)
U+57F9|péi(144)
U+57FA|jī(895)
U+5802|táng(180) tang(10)
U+5805|jiān(695)
U+5806|duī(233)
U+5821|bǎo(24)
U+5824|dī(55)
U+582A|kān(29)
U+5830|yàn(12)
U+5831|bào(1019)
U+5834|chǎng(773) cháng(141)
U+5835|dǔ(78)
U+584A|kuài(929)
U+584C|tā(32)
U+5851|sù(113)
U+5854|tǎ(49)
U+5858|táng(81)
U+585E|sāi(75) sè(13)
U+586B|tián(53)
U+5875|chén(81)
U+5883|jìng(280)
U+588A|diàn(24)
U+5893|mù(23)
U+5899|qiáng(264)
U+589C|zhuì(13)
U+589E|zēng(601)
U+58A8|mò(50)
U+58A9|dūn(36)
U+58B3|fén(46)
U+58BE|kěn(10)
U+58C1|bì(149)
U+58D3|yā(625)
U+58D5|háo(28)
U+58D8|lěi(28)
U+58DE|huài(615)
U+58DF|lǒng(28)
U+58E4|rǎng(82)
U+58E9|bà(24)
U+58EB|shì(516) shi(69)
U+58EE|zhuàng(174)
U+58EF|zhuàng(174)
U+58F0|shēng(2269) sheng(57)
U+58F3|ké(67) qiào(30)
U+58F6|hú(47)
U+58FA|hú(47)
U+58FD|shòu(20)
U+5904|chù(661) chǔ(357) chu(149)
U+5907|bèi(784)
U+590D|fù(558)
U+590F|xià(197)
U+5915|xī(30)
U+5916|wài(2233)
U+591A|duō(5568)
U+591C|yè(799)
U+591F|gòu(991)
U+5920|gòu(991)
U+5922|mèng(129)
U+5927|dà(11596) dài(177)
U+5929|tiān(5162) tian(64)
U+592A|tài(1379) tai(337)
U+592B|fu(396) fū(102)
U+592E|yāng(393)
U+5931|shī(525)
U+5934|tóu(3058) tou(715)
U+5938|kuā(43)
U+5939|jiā(95) jiá(23)
U+593A|duó(197)
U+593E|jiā(95) jiá(23)
U+5947|qí(345)
U+5948|nài(22)
U+5949|fèng(25)
U+594B|fèn(281)
U+594F|zòu(26)
U+5954|bēn(135) bèn(19)
U+5956|jiǎng(69)
U+5957|tào(227)
U+5960|diàn(26)
U+596A|duó(197)
U+596E|fèn(281)
U+5973|nǚ(1129) nü(37)
U+5974|nú(73)
U+5976|nǎi(234) nai(167)
U+5978|jiān(20)
U+5979|tā(4477)
U+597D|hǎo(6060) hāo(142) hào(115)
U+5982|rú(2323)
U+5984|wàng(48)
U+5987|fù(321) fu(28)
U+5988|mā(1288) ma(719)
U+5999|miào(81)
U+59A5|tuǒ(53)
U+59A8|fáng(22) fāng(13)
U+59B9|mèi(158) mei(100)
U+59BB|qī(69)
U+59C6|mǔ(16)
U+59CA|zǐ(10)
U+59CB|shǐ(606)
U+59D0|jie(237) jiě(180)
U+59D1|gū(433) gu(24)
U+59D3|xìng(232)
U+59D4|wěi(668)
U+59DC|jiāng(13)
U+59E8|yí(55)
U+59FB|yīn(21)
U+59FF|zī(48)
U+5A01|wēi(188)
U+5A03|wá(44) wa(44)
U+5A07|jiāo(12)
U+5A18|niang(362) niáng(279)
U+5A1B|yú(15)
U+5A31|yú(15)
U+5A36|qǔ(40)
U+5A46|pó(76) po(66)
U+5A5A|hūn(89)
U+5A66|fù(321) fu(28)
U+5A74|yīng(35)
U+5A76|shěn(172) shen(66)
U+5AB3|xí(52)
U+5ABD|mā(1288) ma(719)
U+5AC1|jià(54)
U+5AC2|sǎo(320) sao(14)
U+5ACC|xián(37)
U+5AE9|nèn(26)
U+5B0C|jiāo(12)
U+5B30|yīng(35)
U+5B38|shěn(172) shen(66)
U+5B50|zi(6853) zǐ(1114)
U+5B54|kǒng(180)
U+5B57|zì(676) zi(138)
U+5B58|cún(460)
U+5B59|sūn(19)
U+5B63|jì(238)
U+5B64|gū(54)
U+5B66|xué(5640)
U+5B69|hái(1235)
U+5B6B|sūn(19)
U+5B75|fū(21)
U+5B78|xué(5640)
U+5B81|níng(13) nìng(9)
U+5B83|tā(2984)
U+5B85|zhái(61)
U+5B87|yǔ(144)
U+5B88|shǒu(218)
U+5B89|ān(596)
U+5B8C|wán(1502)
U+5B8F|hóng(31)
U+5B97|zōng(49) zong(18)
U+5B98|guān(276)
U+5B99|zhòu(130)
U+5B9A|dìng(2655)
U+5B9C|yi(58) yí(38)
U+5B9D|bǎo(270)
U+5B9E|shí(2729) shi(200)
U+5BA1|shěn(58)
U+5BA2|kè(569)
U+5BA3|xuān(296)
U+5BA4|shì(434)
U+5BAA|xiàn(56)
U+5BAB|gōng(73)
U+5BAE|gōng(73)
U+5BB0|zǎi(13)
U+5BB3|hài(553) hai(107)
U+5BB4|yàn(34)
U+5BB5|xiāo(34)
U+5BB6|jiā(4719) jia(461)
U+5BB9|róng(822)
U+5BBD|kuān(185)
U+5BBE|bīn(9)
U+5BBF|sù(60) xiǔ(15)
U+5BC2|jì(64)
U+5BC4|jì(101)
U+5BC6|mì(481)
U+5BC7|kòu(19)
U+5BCC|fù(314)
U+5BD2|hán(145)
U+5BD3|yù(11)
U+5BDE|mò(35)
U+5BDF|chá(288)
U+5BE1|guǎ(28)
U+5BE6|shí(2729) shi(200)
U+5BE7|níng(13) nìng(9)
U+5BE9|shěn(58)
U+5BEB|xiě(1171)
U+5BEC|kuān(185)
U+5BF6|bǎo(270)
U+5BF8|cùn(63) cun(29)
U+5BF9|duì(5013)
U+5BFB|xún(127) xín(14)
U+5BFC|dǎo(1403)
U+5BFF|shòu(20)
U+5C01|fēng(400)
U+5C04|shè(315)
U+5C06|jiāng(1194) jiàng(42)
U+5C07|jiāng(1194) jiàng(42)
U+5C08|zhuān(602)
U+5C0A|zūn(122)
U+5C0B|xún(127) xín(14)
U+5C0D|duì(5013)
U+5C0E|dǎo(1403)
U+5C0F|xiǎo(5435)
U+5C11|shǎo(1187) shao(362) shào(323)
U+5C14|ěr(26)
U+5C16|jiān(168)
U+5C18|chén(81)
U+5C1A|shàng(64) shang(20)
U+5C1D|cháng(38)
U+5C24|yóu(110)
U+5C31|jiù(11223)
U+5C38|shī(14)
U+5C3A|chǐ(124)
U+5C3D|jǐn(212) jìn(166)
U+5C3E|wěi(169)
U+5C3F|niào(16)
U+5C40|jú(505)
U+5C41|pì(48)
U+5C42|céng(488)
U+5C45|jū(184)
U+5C46|jiè(70)
U+5C48|qū(37) qu(27)
U+5C49|ti(17)
U+5C4A|jiè(70)
U+5C4B|wū(774)
U+5C4E|shǐ(14)
U+5C4F|píng(10)
U+5C51|xiè(10)
U+5C55|zhǎn(1433) zhan(16)
U+5C5C|ti(17)
U+5C5E|shǔ(369)
U+5C60|tú(15)
U+5C64|céng(488)
U+5C6C|shǔ(369)
U+5C71|shān(1704)
U+5C79|yì(18)
U+5C7F|yǔ(30)
U+5C81|suì(519)
U+5C82|qǐ(51)
U+5C96|qū(13)
U+5C97|gǎng(59) gāng(11)
U+5C9B|dǎo(190)
U+5CA1|gāng(37)
U+5CA9|yán(70)
U+5CAD|lǐng(70)
U+5CB8|àn(343)
U+5CE1|xiá(97)
U+5CE6|luán(13)
U+5CE8|é(12)
U+5CED|qiào(12)
U+5CF0|fēng(94)
U+5CF6|dǎo(190)
U+5CFB|jùn(12)
U+5CFD|xiá(97)
U+5D07|chóng(55)
U+5D0E|qí(13)
U+5D16|yá(43)
U+5D17|gǎng(59) gāng(11)
U+5D29|bēng(19)
U+5D2D|zhǎn(34)
U+5D3D|zǎi(10)
U+5D4C|qiàn(17)
U+5D84|zhǎn(34)
U+5D87|qū(13)
U+5DBA|lǐng(70)
U+5DBC|yǔ(30)
U+5DCD|wēi(12)
U+5DD2|luán(13)
U+5DDE|zhōu(30)
U+5DE1|xún(12)
U+5DE2|cháo(28)
U+5DE5|gōng(5185)
U+5DE6|zuǒ(546)
U+5DE7|qiǎo(147)
U+5DE8|jù(332)
U+5DE9|gǒng(125)
U+5DEE|chà(241) chā(60) chāi(26)
U+5DF1|jǐ(2585)
U+5DF2|yǐ(2107)
U+5DF4|ba(207) bā(14)
U+5DF7|xiàng(37)
U+5DFE|jīn(86)
U+5E01|bì(58)
U+5E02|shì(690)
U+5E03|bù(744)
U+5E05|shuài(11)
U+5E06|fān(22)
U+5E08|shī(1142)
U+5E0C|xī(321)
U+5E10|zhàng(172)
U+5E15|pà(13)
U+5E18|lián(53)
U+5E1A|zhou(13)
U+5E1C|zhì(51)
U+5E1D|dì(606)
U+5E25|shuài(11)
U+5E26|dài(1348)
U+5E2B|shī(1142)
U+5E2D|xí(804)
U+5E2E|bāng(598)
U+5E33|zhàng(172)
U+5E36|dài(1348)
U+5E38|cháng(1760)
U+5E3D|mào(188)
U+5E45|fú(122)
U+5E55|mù(137)
U+5E5F|zhì(51)
U+5E63|bì(58)
U+5E6B|bāng(598)
U+5E72|gàn(1464) gān(482)
U+5E73|píng(1484)
U+5E74|nián(5553)
U+5E76|bìng(1420)
U+5E78|xìng(257)
U+5E7B|huàn(62)
U+5E7C|yòu(66)
U+5E7E|jǐ(2512)
U+5E7F|guǎng(628)
U+5E84|zhuāng(337)
U+5E86|qìng(51)
U+5E8A|chuáng(379)
U+5E8F|xù(131)
U+5E93|kù(91)
U+5E94|yīng(1045) yìng(400) ying(213)
U+5E95|dǐ(788)
U+5E97|diàn(300)
U+5E99|miào(55)
U+5E9C|fǔ(432)
U+5E9E|páng(19)
U+5E9F|fèi(111)
U+5EA6|dù(1505) du(331)
U+5EA7|zuò(396)
U+5EAB|kù(91)
U+5EAD|tíng(137)
U+5EB7|kāng(78)
U+5EB8|yōng(9)
U+5EC1|cè(10)
U+5EC2|xiāng(18)
U+5EC8|shà(17)
U+5EC9|lián(13)
U+5ED3|kuò(22)
U+5EDA|chú(48)
U+5EDF|miào(55)
U+5EE0|chǎng(731)
U+5EE2|fèi(111)
U+5EE3|guǎng(628)
U+5EF3|tīng(59)
U+5EF6|yán(55)
U+5EFA|jiàn(1732)
U+5EFF|niàn(10)
U+5F00|kāi(3483)
U+5F02|yì(146)
U+5F03|qì(51)
U+5F04|nòng(319)
U+5F0F|shì(567) shi(10)
U+5F13|gōng(36)
U+5F15|yǐn(498)
U+5F1F|dì(248) di(200)
U+5F20|zhāng(785)
U+5F25|mí(25)
U+5F26|xián(16)
U+5F2F|wān(161)
U+5F31|ruò(193)
U+5F35|zhāng(785)
U+5F37|qiáng(975) qiǎng(88)
U+5F39|dàn(313) tán(50) tan(13)
U+5F3A|qiáng(975) qiǎng(88)
U+5F48|dàn(313) tán(50) tan(13)
U+5F4C|mí(25)
U+5F4E|wān(161)
U+5F52|guī(93)
U+5F53|dāng(2483) dàng(474) dang(40)
U+5F55|lù(143)
U+5F62|xíng(1016) xing(101)
U+5F69|cǎi(128) cai(10)
U+5F71|yǐng(854)
U+5F79|yì(123)
U+5F7B|chè(257)
U+5F7C|bǐ(60)
U+5F80|wǎng(856) wàng(427)
U+5F81|zhēng(192)
U+5F84|jìng(69)
U+5F85|dài(342)
U+5F88|hěn(3637)
U+5F8A|huái(17)
U+5F8B|lǜ(439)
U+5F90|xú(26)
U+5F91|jìng(69)
U+5F92|tú(161)
U+5F97|de(5096) dé(1496) děi(637)
U+5F98|pái(17)
U+5F9E|cóng(3708) cōng(25)
U+5FA1|yù(42)
U+5FAA|xún(32)
U+5FAE|wēi(511)
U+5FB7|dé(97)
U+5FB9|chè(257)
U+5FC3|xīn(3357) xin(11)
U+5FC5|bì(1102)
U+5FC6|yì(110)
U+5FCD|rěn(189)
U+5FD7|zhì(2082)
U+5FD8|wàng(312)
U+5FD9|máng(686)
U+5FE0|zhōng(27)
U+5FE7|yōu(23)
U+5FEB|kuài(1536) kuai(77)
U+5FF1|chén(12)
U+5FF5|niàn(447)
U+5FFD|hū(535)
U+5FFF|fèn(97)
U+6000|huái(281)
U+6001|tài(381)
U+600E|zěn(2090)
U+6012|nù(167)
U+6014|zhēng(15)
U+6015|pà(866)
U+6016|bù(32)
U+601C|lián(111)
U+601D|sī(1305) si(331)
U+6025|jí(621)
U+6026|pēng(24)
U+6027|xìng(1374) xing(11)
U+6028|yuàn(34) yuan(13)
U+602A|guài(410)
U+602F|qiè(18)
U+603B|zǒng(1599)
U+6046|héng(40)
U+604B|liàn(11)
U+604D|huǎng(24)
U+6050|kǒng(109)
U+6052|héng(40)
U+6062|huī(111)
U+6065|chǐ(36)
U+6068|hèn(131)
U+606F|xi(392) xī(105)
U+6070|qià(123)
U+6073|kěn(64)
U+6076|è(157) wù(40)
U+607C|nǎo(27)
U+6084|qiāo(218)
U+6085|yuè(23)
U+6089|xī(111)
U+6094|huǐ(39)
U+609F|wù(69)
U+60A0|yōu(14)
U+60A3|huàn(53)
U+60A6|yuè(23)
U+60A8|nín(1593)
U+60AC|xuán(52)
U+60B2|bēi(127)
U+60B6|mèn(46) mēn(29)
U+60BC|dào(11)
U+60C5|qíng(1700) qing(491)
U+60CA|jīng(425)
U+60CB|wǎn(14)
U+60D1|huò(12) huo(11)
U+60D5|tì(16)
U+60DA|hū(12)
U+60DC|xī(115)
U+60DF|wéi(123)
U+60E1|è(157) wù(40)
U+60E6|diàn(11)
U+60E7|jù(16)
U+60E8|cǎn(51)
U+60E9|chéng(15)
U+60ED|cán(24)
U+60EF|guàn(145)
U+60F1|nǎo(27)
U+60F3|xiǎng(4640)
U+60F6|huáng(13)
U+60F9|rě(49)
U+6101|chóu(48)
U+6108|yù(139)
U+6109|yú(74)
U+610F|yì(2098) yi(450)
U+6115|è(14)
U+611A|yú(8)
U+611B|ài(1137)
U+611F|gǎn(978)
U+6123|lèng(58)
U+6124|fèn(159)
U+6127|kuì(37)
U+613F|yuàn(525)
U+6148|cí(20)
U+614B|tài(381)
U+614C|huāng(153) huang(15)
U+614E|shèn(38)
U+6155|mù(24)
U+6158|cǎn(51)
U+615A|cán(24)
U+6162|màn(417)
U+6163|guàn(145)
U+6167|huì(40)
U+6168|kǎi(33)
U+616E|lǜ(125)
U+6170|wèi(70)
U+6176|qìng(51)
U+6177|kāng(13)
U+6182|yōu(23)
U+618B|biē(19)
U+6190|lián(111)
U+6191|píng(134)
U+61A4|fèn(159)
U+61A7|chōng(10)
U+61AC|jǐng(10)
U+61B2|xiàn(56)
U+61B6|yì(110)
U+61BE|hàn(21)
U+61C2|dǒng(377)
U+61C7|kěn(64)
U+61C9|yīng(1045) yìng(400) ying(213)
U+61D2|lǎn(31)
U+61F2|chéng(15)
U+61F6|lǎn(31)
U+61F7|huái(281)
U+61F8|xuán(52)
U+61FC|jù(16)
U+6200|liàn(11)
U+620F|xì(205)
U+6210|chéng(4462) cheng(17)
U+6211|wǒ(23213)
U+6212|jiè(42)
U+6216|huò(1133)
U+6218|zhàn(2420)
U+621A|qi(52)
U+622A|jié(53)
U+6230|zhàn(2420)
U+6232|xì(205)
U+6234|dài(137)
U+6236|hù(131) hu(86)
U+6237|hù(131) hu(86)
U+623F|fáng(708)
U+6240|suǒ(2517)
U+6241|biǎn(63)
U+6247|shàn(19) shān(15)
U+624B|shǒu(2615) shou(12)
U+624D|cái(2108) cai(33)
U+624E|zhā(90) zhá(43)
U+6251|pū(140)
U+6252|bā(31)
U+6253|dǎ(2250) da(15)
U+6254|rēng(101)
U+6258|tuō(101)
U+625B|káng(46)
U+6263|kòu(62)
U+6267|zhí(218)
U+6269|kuò(159)
U+626B|sǎo(121) sào(13)
U+626C|yáng(179)
U+626D|niǔ(81) niu(14)
U+626E|ban(35) bàn(11)
U+626F|chě(74) che(14)
U+6270|rǎo(32)
U+6273|bān(21)
U+6276|fú(67)
U+6279|pī(694)
U+627E|zhǎo(1043)
U+627F|chéng(163)
U+6280|jì(712)
U+6284|chāo(70)
U+628A|bǎ(5330)
U+6291|yì(53)
U+6293|zhuā(403)
U+6295|tóu(264)
U+6296|dǒu(118)
U+6297|kàng(663)
U+6298|zhé(196) zhē(24) shé(11)
U+629A|fǔ(13)
U+629B|pāo(51)
U+62A1|lūn(11)
U+62A2|qiǎng(131)
U+62A4|hù(468)
U+62A5|bào(1019)
U+62AB|pī(89)
U+62AC|tái(305)
U+62B1|bào(293)
U+62B5|dǐ(104)
U+62B9|mǒ(50) mā(10)
U+62BC|yā(35)
U+62BD|chōu(244)
U+62BF|mǐn(14)
U+62C4|zhǔ(13)
U+62C5|dān(297) dàn(61) dan(36)
U+62C6|chāi(43)
U+62C7|mu(11)
U+62C9|lā(657) la(12)
U+62CB|pāo(51)
U+62CC|bàn(37)
U+62CD|pāi(222)
U+62D0|guǎi(24)
U+62D2|jù(59)
U+62D4|bá(125) ba(13)
U+62D6|tuō(173)
U+62D8|jū(18)
U+62DB|zhāo(201)
U+62DC|bài(27)
U+62DF|nǐ(22)
U+62E2|lǒng(62)
U+62E3|jiǎn(84)
U+62E5|yōng(122)
U+62E6|lán(58)
U+62E7|níng(41)
U+62E8|bō(66)
U+62E9|zé(71)
U+62EC|kuò(171)
U+62ED|shì(13)
U+62F1|gǒng(78)
U+62F3|quán(54)
U+62F4|shuān(42)
U+62FC|pīn(147)
U+62FE|shi(60) shí(39)
U+62FF|ná(1125)
U+6301|chí(601)
U+6302|guà(270)
U+6307|zhǐ(1269) zhí(33) zhī(15)
U+6309|àn(439)
U+630E|kuà(16)
U+6311|tiāo(155) tiǎo(52)
U+6316|wā(136)
U+631F|xié(11)
U+6321|dǎng(83)
U+6323|zhēng(43) zhèng(33)
U+6324|jǐ(172)
U+6325|huī(365)
U+6328|āi(111)
U+632B|cuò(33)
U+632F|zhèn(84)
U+633A|tǐng(239)
U+633D|wǎn(66)
U+633E|xié(11)
U+6342|wǔ(22)
U+6346|kǔn(67)
U+6349|zhuō(104)
U+634D|hàn(17)
U+634E|shāo(19)
U+634F|niē(74)
U+6350|juān(15)
U+6355|bǔ(103)
U+635E|lāo(68)
U+635F|sǔn(128)
U+6361|jiǎn(26)
U+6362|huàn(351)
U+6363|dǎo(23)
U+6367|pěng(120)
U+636E|jù(805)
U+6376|chuí(15)
U+6377|jié(20)
U+637B|niǎn(11)
U+6380|xiān(66)
U+6383|sǎo(121) sào(13)
U+6384|lūn(11)
U+6388|shòu(122)
U+6389|diào(471)
U+638C|zhǎng(279) zhang(14)
U+638F|tāo(106)
U+6390|qiā(13)
U+6392|pái(402)
U+6398|jué(11)
U+6399|zhēng(43) zhèng(33)
U+639B|guà(270)
U+63A0|lüè(62)
U+63A2|tàn(152) tan(10)
U+63A5|jiē(1295)
U+63A7|kòng(191)
U+63A8|tuī(531)
U+63A9|yǎn(84)
U+63AA|cuò(101)
U+63B0|bāi(12)
U+63B7|zhì(14)
U+63C0|jiǎn(84)
U+63C9|róu(44)
U+63CD|zòu(25)
U+63CF|miáo(56)
U+63D0|tí(1557)
U+63D2|chā(170)
U+63DA|yáng(179)
U+63DB|huàn(351)
U+63E1|wò(337)
U+63E3|chuāi(12)
U+63E9|kāi(12)
U+63EA|jiū(37)
U+63ED|jiē(118)
U+63EE|huī(365)
U+63F4|yuán(137)
U+6400|chān(27)
U+6401|gē(51) ge(9)
U+6402|lǒu(25)
U+6405|jiǎo(41)
U+640D|sǔn(128)
U+640F|bó(26)
U+6413|cuō(23)
U+6414|sāo(14)
U+6416|yáo(387)
U+6417|dǎo(23)
U+641C|sōu(61)
U+641E|gǎo(434)
U+642A|táng(14)
U+642C|bān(142)
U+642D|dā(85)
U+6436|qiǎng(131)
U+643A|xié(18)
U+6444|shè(128)
U+6446|bǎi(275)
U+6447|yáo(387)
U+644A|tān(72)
U+6454|shuāi(128)
U+6458|zhāi(79)
U+645F|lǒu(25)
U+6467|cuī(58)
U+6469|mó(18)
U+6478|mō(263) mo(21)
U+6482|liào(12)
U+6485|juē(16)
U+6488|lāo(68)
U+6490|chēng(25) cheng(17)
U+6491|chēng(25) cheng(17)
U+6492|sā(54) sǎ(14)
U+6495|sī(58)
U+649E|zhuàng(97)
U+64A4|chè(82)
U+64A5|bō(66)
U+64A9|liāo(15)
U+64AB|fǔ(13)
U+64AD|bō(174)
U+64B2|pū(140)
U+64B5|niǎn(10)
U+64BC|hàn(17)
U+64BF|jiǎn(26)
U+64C1|yōng(122)
U+64C7|zé(71)
U+64CA|jī(644)
U+64CB|dǎng(83)
U+64CD|cāo(133)
U+64D4|dān(297) dàn(61) dan(36)
U+64DA|jù(805)
U+64E0|jǐ(172)
U+64E6|cā(194)
U+64EC|nǐ(22)
U+64F0|níng(41)
U+64F1|gē(51) ge(9)
U+64F2|zhì(14)
U+64F4|kuò(159)
U+64FA|bǎi(275)
U+64FE|rǎo(32)
U+6500|pān(53)
U+6506|niǎn(10)
U+650F|lǒng(62)
U+6512|zǎn(10)
U+6514|lán(58)
U+6519|chān(27)
U+651C|xié(18)
U+651D|shè(128)
U+6522|zǎn(10)
U+6524|tān(72)
U+6525|zuàn(11)
U+652A|jiǎo(41)
U+652F|zhī(641)
U+6536|shōu(768)
U+6539|gǎi(1090)
U+653B|gōng(313)
U+653E|fàng(2045)
U+653F|zhèng(1844)
U+6545|gù(416)
U+6548|xiào(283)
U+654C|dí(1320)
U+654F|mǐn(60)
U+6551|jiù(216)
U+6557|bài(218)
U+6558|xù(18)
U+6559|jiào(1326) jiāo(155)
U+655E|chang(19)
U+6562|gǎn(483)
U+6563|sàn(159) sǎn(90)
U+656C|jìng(96)
U+6570|shù(1079) shǔ(91) shu(14)
U+6572|qiāo(111)
U+6574|zhěng(896)
U+6575|dí(1320)
U+6577|fū(21)
U+6578|shù(1079) shǔ(91) shu(14)
U+6583|bì(17)
U+6587|wén(1890)
U+6597|dòu(1360)
U+6599|liào(980)
U+659C|xié(96)
U+65A4|jīn(317)
U+65A5|chì(35)
U+65A7|fǔ(43)
U+65AD|duàn(681)
U+65AF|sī(77)
U+65B0|xīn(1919)
U+65B7|duàn(681)
U+65B9|fāng(2781) fang(733)
U+65BD|shī(203)
U+65C1|páng(471)
U+65C5|lǚ(139)
U+65CB|xuán(107)
U+65CF|zú(672)
U+65D7|qí(215)
U+65E0|wú(1997)
U+65E2|jì(308)
U+65E5|rì(1276)
U+65E6|dàn(36)
U+65E7|jiù(479)
U+65E9|zǎo(1022)
U+65EC|xún(25)
U+65F1|hàn(59)
U+65F6|shí(6805)
U+65F7|kuàng(14)
U+65FA|wàng(27)
U+6602|áng(44)
U+6606|kūn(72)
U+660E|míng(1887) ming(96)
U+660F|hūn(117) hún(10)
U+6613|yì(530)
U+661F|xīng(564)
U+6620|yìng(289)
U+6625|chūn(327)
U+6627|mèi(27)
U+6628|zuó(204)
U+662F|shì(27098) shi(1032)
U+663C|zhòu(29)
U+663E|xiǎn(503)
U+6642|shí(6805)
U+6643|huang(39) huàng(13) huǎng(12)
U+664C|shǎng(48)
U+6652|shài(54)
U+6653|xiǎo(83)
U+6655|yūn(19)
U+665A|wǎn(729)
U+665D|zhòu(29)
U+6668|chen(124) chén(28)
U+666E|pǔ(322)
U+666F|jǐng(303)
U+6670|xī(37)
U+6674|qíng(61)
U+6676|jīng(57)
U+667A|zhì(71)
U+667E|liàng(12)
U+6682|zàn(96)
U+6684|xuān(12)
U+6688|yūn(19)
U+6691|shǔ(13)
U+6696|nuǎn(159)
U+6697|àn(329)
U+66A2|chàng(18)
U+66AB|zàn(96)
U+66B4|bào(151)
U+66C9|xiǎo(83)
U+66E0|kuàng(14)
U+66F0|yuē(12)
U+66F2|qū(118) qǔ(46)
U+66F4|gèng(1405) gēng(27)
U+66F8|shū(1446)
U+66FE|céng(387)
U+66FF|tì(352)
U+6700|zuì(2100)
U+6703|huì(6866) kuài(9)
U+6708|yuè(1694) yue(11)
U+6709|yǒu(17798)
U+670B|péng(514)
U+670D|fú(555) fu(396)
U+6717|lǎng(56)
U+671B|wàng(1150) wang(29)
U+671D|cháo(296) zhāo(10)
U+671F|qī(1012)
U+6726|méng(32)
U+6727|lóng(32)
U+6728|mù(415)
U+672A|wèi(328)
U+672B|mò(51)
U+672C|běn(2326)
U+672E|shù(1056)
U+672F|shù(1056)
U+6734|pǔ(63)
U+6735|duo(123) duǒ(119)
U+673A|jī(2563)
U+673D|xiǔ(42)
U+6740|shā(275)
U+6742|zá(356)
U+6743|quán(483)
U+6746|gān(82) gǎn(54)
U+6749|shān(17)
U+674E|li(36)
U+6750|cái(516) cai(9)
U+6751|cūn(806)
U+675C|dù(16)
U+675F|shù(231)
U+6761|tiáo(1643)
U+6765|lái(14549)
U+6768|yáng(77)
U+676F|bēi(122)
U+6770|jié(25)
U+6771|dōng(1601)
U+677E|sōng(184)
U+677F|bǎn(430)
U+6781|jí(911)
U+6784|gòu(317)
U+6789|wang(26)
U+6790|xī(140)
U+6795|zhěn(34)
U+6797|lín(341)
U+679A|méi(15)
U+679C|guǒ(1655)
U+679D|zhī(246)
U+67A2|shū(15)
U+67A3|zǎo(20)
U+67AA|qiāng(386)
U+67AF|kū(34)
U+67B6|jià(317)
U+67C4|bǐng(29)
U+67CF|bǎi(19)
U+67D0|mǒu(294)
U+67D3|rǎn(218)
U+67D4|róu(56)
U+67DC|guì(102)
U+67E5|chá(470)
U+67F1|zhù(68)
U+67F3|liǔ(49)
U+67F4|chái(156)
U+6807|biāo(343)
U+680F|lán(44)
U+6811|shù(856)
U+6821|xiào(428)
U+682A|zhū(68)
U+6837|yàng(4642)
U+6838|hé(68)
U+6839|gēn(1232)
U+683C|gé(288) ge(29)
U+683D|zāi(54)
U+6843|táo(59)
U+6845|wéi(14)
U+6846|kuāng(21) kuàng(14)
U+6848|àn(255)
U+684C|zhuō(286)
U+6851|sāng(13)
U+6854|jú(11)
U+6863|dàng(23)
U+6865|qiáo(547)
U+6866|huà(12)
U+6868|jiǎng(16)
U+6869|zhuāng(50)
U+6876|tǒng(72)
U+6881|liáng(95) liang(73)
U+6885|méi(53)
U+6886|bāng(10)
U+6897|gěng(18)
U+689D|tiáo(1643)
U+68A2|shāo(31)
U+68A6|mèng(129)
U+68A8|lí(14)
U+68AF|tī(40)
U+68B0|xiè(174)
U+68B3|shū(30)
U+68C0|jiǎn(337)
U+68C4|qì(51)
U+68C9|mián(392)
U+68CB|qí(21)
U+68CD|gùn(74)
U+68D2|bàng(97)
U+68D7|zǎo(20)
U+68DA|péng(62) peng(14)
U+68EE|sēn(85)
U+68F5|kē(170)
U+68FA|guān(9)
U+6905|yǐ(105)
U+690D|zhí(218)
U+6912|jiāo(12)
U+692D|tuǒ(11)
U+694A|yáng(77)
U+695A|chu(279)
U+696D|yè(2095)
U+6975|jí(911)
U+697C|lóu(179)
U+6982|gài(287)
U+6995|róng(14)
U+699C|bǎng(20)
U+69AE|róng(147)
U+69B4|liú(62)
U+69CB|gòu(317)
U+69CD|qiāng(386)
U+69D0|huái(12)
U+69DB|kǎn(15)
U+69F3|jiǎng(16)
U+69FD|cáo(39)
U+6A01|zhuāng(50)
U+6A02|lè(283) yuè(54)
U+6A13|lóu(179)
U+6A19|biāo(343)
U+6A1E|shū(15)
U+6A1F|zhāng(16)
U+6A21|mó(298) mú(64)
U+6A23|yàng(4642)
U+6A2A|héng(131)
U+6A39|shù(856)
U+6A3A|huà(12)
U+6A4B|qiáo(547)
U+6A58|jú(56)
U+6A5F|jī(2563)
U+6A61|xiàng(29)
U+6A62|tuǒ(11)
U+6A6B|héng(131)
U+6A90|yán(13)
U+6A94|dàng(23)
U+6AA2|jiǎn(337)
U+6ABB|kǎn(15)
U+6B04|lán(44)
U+6B0A|quán(483)
U+6B20|qiàn(53) qian(16)
U+6B21|cì(1715)
U+6B22|huan(252) huān(248)
U+6B23|xīn(63)
U+6B27|ōu(16)
U+6B32|yù(43)
U+6B3A|qī(59)
U+6B3D|qīn(10)
U+6B3E|kuǎn(65)
U+6B47|xiē(84)
U+6B49|qiàn(23)
U+6B4C|gē(344) ge(11)
U+6B50|ōu(16)
U+6B61|huan(252) huān(248)
U+6B62|zhǐ(380)
U+6B63|zhèng(2578) zheng(76) zhēng(24)
U+6B64|cǐ(1111)
U+6B65|bù(1113)
U+6B66|wǔ(337)
U+6B6A|wāi(64)
U+6B72|suì(519)
U+6B77|lì(819)
U+6B78|guī(93)
U+6B7B|sǐ(931)
U+6B7C|jiān(96)
U+6B8A|shū(99)
U+6B8B|cán(108)
U+6B96|zhí(151)
U+6B98|cán(108)
U+6BB2|jiān(96)
U+6BB5|duàn(531)
U+6BBA|shā(275)
U+6BBC|ké(67) qiào(30)
U+6BBF|diàn(40)
U+6BC0|huǐ(92)
U+6BC1|huǐ(92)
U+6BC5|yì(25)
U+6BCD|mǔ(700)
U+6BCF|měi(1245)
U+6BD2|dú(188)
U+6BD4|bǐ(1774)
U+6BD5|bì(149)
U+6BD9|bì(17)
U+6BDB|máo(503) mao(33)
U+6BE1|zhān(20)
U+6BEB|háo(225)
U+6BEF|tǎn(29)
U+6C08|zhān(20)
U+6C0F|shì(40)
U+6C11|mín(4675)
U+6C13|máng(25)
U+6C14|qì(2211) qi(348)
U+6C1B|fēn(28)
U+6C22|qīng(13)
U+6C23|qì(2634) qi(348)
U+6C27|yǎng(129)
U+6C28|ān(22)
U+6C2B|qīng(13)
U+6C2E|dàn(13)
U+6C34|shuǐ(2819)
U+6C38|yǒng(303)
U+6C41|zhī(9)
U+6C42|qiú(818)
U+6C47|huì(73)
U+6C49|hàn(227)
U+6C57|hàn(47)
U+6C5B|xùn(12)
U+6C5E|gǒng(22)
U+6C5F|jiāng(299)
U+6C60|chí(72)
U+6C61|wū(107)
U+6C64|tāng(40) tang(15)
U+6C6A|wāng(20)
U+6C70|tài(9)
U+6C79|xiōng(30)
U+6C7A|jué(1503)
U+6C7D|qì(676)
U+6C83|wò(18)
U+6C89|chén(422) chēn(24)
U+6C8F|qī(11)
U+6C92|méi(5589) mò(44)
U+6C96|chōng(428) chòng(33)
U+6C99|shā(425)
U+6C9B|pèi(8)
U+6C9F|gōu(136)
U+6CA1|méi(5589) mò(44)
U+6CA5|lì(28)
U+6CAB|mò(29) mo(14)
U+6CB3|hé(958)
U+6CB8|fèi(25)
U+6CB9|yóu(822)
U+6CBB|zhì(1165)
U+6CBE|zhān(38)
U+6CBF|yán(219) yàn(12)
U+6CC1|kuàng(719)
U+6CC4|xiè(10)
U+6CC9|quán(47)
U+6CCA|pō(26) bó(11)
U+6CCC|mì(23)
U+6CD5|fǎ(2090) fa(130)
U+6CDB|fàn(144)
U+6CE1|pào(77)
U+6CE2|bō(114)
U+6CE3|qì(14)
U+6CE5|ní(308)
U+6CE8|zhù(446)
U+6CEA|lèi(233)
U+6CF3|yǒng(17)
U+6CF5|bèng(14)
U+6CFC|po(50) pō(25)
U+6D01|jié(86)
U+6D0B|yáng(296)
U+6D12|sǎ(54)
U+6D17|xǐ(288)
U+6D1E|dòng(237)
U+6D25|jīn(20)
U+6D2A|hóng(46)
U+6D32|zhōu(203)
U+6D36|xiōng(30)
U+6D3B|huó(1755) huo(54)
U+6D3E|pài(650)
U+6D41|liú(1162)
U+6D45|qiǎn(82)
U+6D46|jiāng(17)
U+6D47|jiāo(58)
U+6D4A|zhuó(30)
U+6D4B|cè(227)
U+6D4E|jì(1008)
U+6D51|hún(99)
U+6D53|nóng(116)
U+6D69|hào(11)
U+6D6A|làng(259)
U+6D6E|fú(148)
U+6D77|hǎi(914)
U+6D78|jìn(51)
U+6D82|tu(116) tú(59)
U+6D88|xiāo(708)
U+6D89|shè(57)
U+6D8C|yǒng(168)
U+6D95|tì(14)
U+6D9B|tāo(21)
U+6DA1|wō(43)
U+6DA4|dí(25)
U+6DA6|rùn(68)
U+6DA8|zhǎng(75) zhàng(11)
U+6DB2|yè(186)
U+6DBC|liáng(129)
U+6DC0|diàn(30)
U+6DCB|lín(40)
U+6DCC|tǎng(22)
U+6DD2|qī(16)
U+6DD8|táo(33)
U+6DDA|lèi(233)
U+6DE1|dàn(111)
U+6DE8|jìng(152)
U+6DF1|shēn(773)
U+6DF3|chún(16)
U+6DF7|hùn(197) hún(10)
U+6DF9|yān(41)
U+6DFA|qiǎn(82)
U+6DFB|tiān(103)
U+6E05|qīng(819)
U+6E10|jiàn(459)
U+6E14|yú(41)
U+6E17|shèn(34)
U+6E1B|jiǎn(300)
U+6E20|qú(91)
U+6E21|dù(176)
U+6E23|zhā(33)
U+6E26|wō(43)
U+6E29|wēn(493)
U+6E2C|cè(227)
U+6E2F|gǎng(51)
U+6E34|kě(48)
U+6E38|yóu(364)
U+6E3A|miǎo(16)
U+6E3E|hún(99)
U+6E43|pài(11)
U+6E4A|còu(69)
U+6E56|hú(248)
U+6E6F|tāng(40) tang(15)
U+6E7E|wān(17)
U+6E7F|shī(170)
U+6E83|kuì(10)
U+6E85|jiàn(23)
U+6E89|gài(75)
U+6E90|yuán(380)
U+6E9C|liū(48)
U+6E9D|gōu(136)
U+6EAA|xī(40)
U+6EAB|wēn(493)
U+6EB6|róng(62)
U+6EC5|miè(328)
U+6ECB|zī(27)
U+6ECC|dí(25)
U+6ED1|huá(70) hua(27)
U+6ED4|tāo(20)
U+6EDA|gǔn(147)
U+6EE1|mǎn(1032)
U+6EE5|làn(18)
U+6EE8|bīn(11)
U+6EE9|tān(62)
U+6EF2|shèn(34)
U+6EF4|dī(99)
U+6EFE|gǔn(147)
U+6EFF|mǎn(1032)
U+6F01|yú(41)
U+6F02|piào(68) piāo(17)
U+6F06|qī(78)
U+6F0F|lòu(68)
U+6F14|yǎn(332)
U+6F20|mò(98)
U+6F22|hàn(227)
U+6F29|xuán(15)
U+6F2B|màn(60)
U+6F32|zhǎng(75) zhàng(11)
U+6F38|jiàn(459)
U+6F3E|yàng(17)
U+6F3F|jiāng(17)
U+6F51|po(50) pō(25)
U+6F54|jié(86)
U+6F5B|qián(38)
U+6F5C|qián(38)
U+6F64|rùn(68)
U+6F6D|tán(29)
U+6F6E|cháo(151)
U+6F70|kuì(10)
U+6F86|jiāo(58)
U+6F8E|pēng(11)
U+6FA1|zǎo(23)
U+6FB1|diàn(30)
U+6FC0|jī(407) ji(49)
U+6FC1|zhuó(30)
U+6FC3|nóng(116)
U+6FD5|shī(170)
U+6FDF|jì(1008)
U+6FE4|tāo(21)
U+6FEB|làn(18)
U+6FF1|bīn(11)
U+6FFA|jiàn(23)
U+7011|pù(19)
U+701D|lì(28)
U+704C|guàn(141)
U+7058|tān(62)
U+7063|wān(17)
U+706B|huǒ(956)
U+706D|miè(328)
U+706F|dēng(483)
U+7070|huī(189)
U+7075|líng(170) ling(15)
U+7076|zào(25)
U+707D|zāi(110)
U+707E|zāi(110)
U+707F|càn(37)
U+7089|lú(177)
U+708A|chuī(12)
U+708E|yán(50)
U+7092|chǎo(22)
U+7095|kàng(87)
U+70AD|tàn(73)
U+70AE|pào(182)
U+70AF|jiǒng(28)
U+70B8|zhà(114)
U+70B9|diǎn(3816)
U+70BA|wèi(3962) wéi(2433)
U+70BC|liàn(256)
U+70C1|shuò(29)
U+70C2|làn(126)
U+70C8|liè(428)
U+70CF|wū(69)
U+70D8|hōng(19)
U+70DB|zhú(53)
U+70DF|yān(348)
U+70E4|kǎo(36)
U+70E6|fán(63) fan(63)
U+70E7|shāo(397)
U+70EB|tàng(30)
U+70ED|rè(1014)
U+710A|hàn(93)
U+7121|wú(1997)
U+7126|jiāo(80)
U+7130|yàn(34)
U+7136|rán(3549) ran(84)
U+7149|liàn(256)
U+714C|huáng(26)
U+714E|jiān(22)
U+7159|yān(348)
U+715E|shā(17)
U+7164|méi(250)
U+7167|zhào(884)
U+7169|fán(63) fan(63)
U+716E|zhǔ(52)
U+7184|xī(36)
U+718A|xióng(41)
U+718F|xūn(19)
U+7194|róng(21)
U+719F|shú(385)
U+71AC|áo(21)
U+71B1|rè(1014)
U+71C3|rán(273)
U+71C8|dēng(483)
U+71D2|shāo(397)
U+71D5|yàn(59)
U+71D9|tàng(30)
U+71DF|yíng(331)
U+71E5|zào(32)
U+71E6|càn(37)
U+71ED|zhú(53)
U+7206|bào(189)
U+720D|shuò(29)
U+7210|lú(177)
U+721B|làn(126)
U+722A|zhǎo(18) zhuǎ(12)
U+722C|pá(330)
U+722D|zhēng(1708)
U+7231|ài(1137)
U+7236|fù(516)
U+7237|ye(671) yé(281)
U+7238|bà(546) ba(429)
U+7239|diē(91)
U+723A|ye(671) yé(281)
U+723D|shuǎng(35)
U+723E|ěr(26)
U+7246|qiáng(264)
U+7247|piàn(762) piān(42)
U+7248|bǎn(73)
U+724C|pái(73)
U+7259|yá(187)
U+725B|niú(270)
U+7261|mǔ(11)
U+7262|láo(62)
U+7266|máo(11)
U+7267|mù(84)
U+7269|wù(2422) wu(11)
U+7272|shēng(188)
U+7275|qiān(97)
U+7279|tè(1099)
U+727A|xī(103)
U+727D|qiān(97)
U+7280|xī(13)
U+7281|lí(10)
U+729B|máo(11)
U+72A7|xī(103)
U+72AC|quǎn(12)
U+72AF|fàn(250)
U+72B6|zhuàng(268)
U+72B9|yóu(57)
U+72C0|zhuàng(268)
U+72C2|kuáng(101)
U+72C8|bèi(13)
U+72D0|hú(18)
U+72D7|gǒu(216)
U+72E0|hěn(123)
U+72E1|jiǎo(20)
U+72EC|dú(264)
U+72ED|xiá(31)
U+72EE|shī(21)
U+72F1|yù(85)
U+72F8|li(18)
U+72F9|xiá(31)
U+72FC|láng(88)
U+72FD|bèi(13)
U+730E|liè(72)
U+731B|měng(258)
U+731C|cāi(98)
U+7329|xīng(13) xing(13)
U+732A|zhū(83)
U+732B|māo(62)
U+732C|wei(14)
U+732E|xiàn(179)
U+7334|hóu(86)
U+7336|yóu(57)
U+733E|huá(20)
U+733F|yuán(136)
U+7344|yù(85)
U+7345|shī(21)
U+734E|jiǎng(69)
U+7368|dú(264)
U+7372|huò(156)
U+7375|liè(72)
U+7378|shòu(40)
U+737B|xiàn(179)
U+7387|lǜ(173) shuài(58)
U+7389|yù(112)
U+738B|wáng(278)
U+73A9|wán(222)
U+73AF|huán(291)
U+73B0|xiàn(3900)
U+73B2|líng(10)
U+73BB|bō(213)
U+73CA|shān(16)
U+73CD|zhēn(100)
U+73D1|lóng(10)
U+73E0|zhū(140)
U+73ED|bān(403)
U+73FE|xiàn(3900)
U+7403|qiú(458)
U+7406|lǐ(2282) li(140)
U+7410|suǒ(12)
U+7422|zuó(18)
U+7434|qín(59)
U+745A|hú(16)
U+7463|suǒ(12)
U+7469|yíng(14)
U+7483|lí(213)
U+74B0|huán(291)
U+74CF|lóng(10)
U+74DC|guā(136)
U+74E2|piáo(11)
U+74E3|bàn(37)
U+74E6|wǎ(46)
U+74F6|píng(128)
U+74F7|cí(68)
U+7518|gān(42)
U+751A|shén(3394) shèn(303)
U+751C|tián(75)
U+751F|shēng(4790) sheng(1071)
U+7522|chǎn(4099)
U+7528|yòng(4975) yong(28)
U+7529|shuǎi(48)
U+752B|fu(12)
U+752D|béng(35)
U+7530|tián(336)
U+7531|yóu(1623)
U+7532|jiǎ(92) jia(15)
U+7533|shēn(20)
U+7535|diàn(1775)
U+7537|nán(249)
U+7538|diān(28)
U+753B|huà(493)
U+7545|chàng(18)
U+754C|jiè(1312)
U+754F|wèi(20)
U+7554|pàn(21)
U+7559|liú(484)
U+755C|chù(21) xù(14)
U+755D|mǔ(107)
U+7562|bì(149)
U+7565|lüè(445)
U+756A|fān(84)
U+756B|huà(493)
U+7570|yì(146)
U+7576|dāng(2483) dàng(474) dang(40)
U+7586|jiāng(14)
U+758A|dié(39)
U+758F|shū(21)
U+7591|yí(163)
U+7597|liáo(85)
U+7599|gē(17)
U+75AB|yì(11)
U+75AF|fēng(131)
U+75B2|pí(78)
U+75BC|téng(127)
U+75BE|jí(44)
U+75C5|bìng(739)
U+75C7|zhèng(37)
U+75D2|yǎng(16)
U+75D5|hén(44)
U+75DB|tòng(356)
U+75F0|tán(11)
U+75F9|bì(10)
U+75FA|bì(10)
U+760B|fēng(131)
U+7626|shòu(82)
U+7629|da(17)
U+762A|biě(13)
U+7642|liáo(85)
U+764C|ái(35)
U+765F|biě(13)
U+767B|dēng(150)
U+767C|fā(4834) fa(174) fà(80)
U+767D|bái(1055) bai(329)
U+767E|bǎi(1559)
U+7682|zào(38)
U+7684|de(75596) dì(157) dí(84)
U+7686|jiē(10)
U+7687|huáng(85)
U+76AE|pí(519)
U+76B1|zhòu(115)
U+76BA|zhòu(115)
U+76C6|pén(168)
U+76CA|yì(335)
U+76CF|zhǎn(50)
U+76D0|yán(70)
U+76D1|jiān(115)
U+76D2|hé(78)
U+76D4|kuī(26)
U+76D6|gài(227) gai(10)
U+76D7|dào(52)
U+76D8|pán(169) pan(25)
U+76DB|shèng(54) chéng(43)
U+76DC|dào(52)
U+76DE|zhǎn(50)
U+76DF|méng(77)
U+76E1|jǐn(212) jìn(166)
U+76E3|jiān(115)
U+76E4|pán(169) pan(25)
U+76EE|mù(814)
U+76EF|dīng(65)
U+76F2|máng(41)
U+76F4|zhí(1294)
U+76F8|xiāng(1235) xiàng(114)
U+76FC|pàn(74)
U+76FE|dùn(279)
U+7701|shěng(409)
U+7709|méi(131)
U+770B|kàn(6042) kān(66)
U+771F|zhēn(2099)
U+7720|mián(48)
U+7728|zhǎ(51)
U+772F|mī(64)
U+7736|kuàng(18)
U+773A|tiào(11)
U+773C|yǎn(2215)
U+773E|zhòng(1149)
U+7740|zhe(10643) zháo(545) zhuó(125) zhāo(15)
U+7741|zhēng(120)
U+775B|jing(707) jīng(16)
U+775C|zhēng(120)
U+7761|shuì(672)
U+7763|dū(53)
U+776B|jié(12)
U+7784|miáo(13)
U+7785|chǒu(34)
U+7787|mī(64)
U+778C|kē(11)
U+778E|xiā(56)
U+7792|mán(32)
U+779E|mán(32)
U+77A5|piē(16)
U+77A7|qiáo(250)
U+77AA|dèng(77)
U+77AD|liǎo(326) liào(19)
U+77BB|zhān(12)
U+77D7|chù(14)
U+77DB|máo(279)
U+77E5|zhī(2483)
U+77E9|ju(29)
U+77ED|duǎn(318)
U+77EE|ǎi(45)
U+77F3|shí(1006)
U+77FF|kuàng(264)
U+7801|mǎ(60)
U+7802|shā(33)
U+780C|qì(24)
U+780D|kǎn(81)
U+7814|yán(1242)
U+7816|zhuān(44)
U+7830|pēng(16)
U+7834|pò(605)
U+7838|zá(36)
U+783E|lì(10)
U+7840|chǔ(400)
U+7845|guī(14)
U+785D|xiāo(16)
U+786B|liú(35)
U+786C|yìng(221)
U+786E|què(927)
U+788C|lù(17)
U+788D|ài(72)
U+788E|suì(256)
U+7891|bēi(81)
U+7897|wǎn(237)
U+789F|dié(15)
U+78A7|bì(39)
U+78B0|pèng(219)
U+78B1|jiǎn(31)
U+78B3|tàn(55)
U+78BA|què(927)
U+78BC|mǎ(60)
U+78BE|niǎn(11)
U+78C1|cí(113)
U+78C5|bàng(17)
U+78CA|lěi(9)
U+78D5|kē(23)
U+78DA|zhuān(44)
U+78E8|mó(90) mo(44) mò(30)
U+78F7|lín(27)
U+78FA|huáng(25)
U+790E|chǔ(400)
U+7919|ài(72)
U+7926|kuàng(264)
U+792B|lì(10)
U+793A|shì(509)
U+793C|lǐ(114)
U+793E|shè(2459)
U+7956|zǔ(366)
U+795D|zhù(91)
U+795E|shén(846) shen(30)
U+7965|xiáng(20)
U+7968|piào(175)
U+7978|huò(16)
U+7981|jìn(78) jīn(64)
U+798D|huò(16)
U+798F|fú(199)
U+79AE|lǐ(114)
U+79BB|lí(790)
U+79BF|tū(13)
U+79C0|xiù(93)
U+79C1|sī(114)
U+79C3|tū(13)
U+79C6|gǎn(12)
U+79CB|qiū(172)
U+79CD|zhǒng(3481) zhòng(285)
U+79D1|kē(1462)
U+79D2|miǎo(104)
U+79D8|mì(154)
U+79DF|zū(51)
U+79E4|chèng(15)
U+79E7|yāng(64)
U+79E9|zhì(46)
U+79EF|jī(562)
U+79F0|chēng(318) chèn(20)
U+79FB|yí(221)
U+7A00|xī(56)
U+7A05|shuì(23)
U+7A08|gǎn(12)
U+7A0B|chéng(830)
U+7A0D|shāo(118)
U+7A0E|shuì(23)
U+7A1A|zhì(16)
U+7A20|chóu(8)
U+7A2E|zhǒng(3481) zhòng(285)
U+7A31|chēng(318) chèn(20)
U+7A33|wěn(152)
U+7A3B|dào(92)
U+7A3C|jia(118)
U+7A3F|gǎo(64)
U+7A46|mù(10)
U+7A4D|jī(562)
U+7A4E|yǐng(11)
U+7A57|suì(20)
U+7A69|wěn(152)
U+7A76|jiū(1138) jiu(41)
U+7A77|qióng(214)
U+7A7A|kōng(857) kòng(69)
U+7A7F|chuān(594)
U+7A81|tū(474)
U+7A83|qiè(38)
U+7A84|zhǎi(47)
U+7A91|yáo(73)
U+7A96|jiào(12)
U+7A97|chuāng(372)
U+7A9C|cuàn(51)
U+7A9D|wō(153)
U+7A9F|kū(26)
U+7AA9|wō(153)
U+7AAE|qióng(214)
U+7AAF|yáo(73)
U+7ABF|long(26)
U+7AC4|cuàn(51)
U+7ACA|qiè(38)
U+7ACB|lì(1565)
U+7AD6|shù(30)
U+7AD9|zhàn(1100)
U+7ADE|jìng(79)
U+7ADF|jìng(392)
U+7AE0|zhāng(424)
U+7AE5|tóng(55)
U+7AED|jié(27)
U+7AEF|duān(259)
U+7AF6|jìng(79)
U+7AF9|zhú(96)
U+7AFD|yú(15)
U+7AFF|gān(30)
U+7B06|ba(15)
U+7B11|xiào(1403)
U+7B14|bǐ(308)
U+7B1B|dí(11)
U+7B26|fú(84)
U+7B28|bèn(35)
U+7B2C|dì(1765)
U+7B3C|lóng(39) long(34) lǒng(23)
U+7B46|bǐ(308)
U+7B49|děng(2469)
U+7B4B|jīn(60)
U+7B50|kuāng(49)
U+7B51|zhù(274)
U+7B52|tǒng(45)
U+7B54|dá(457) dā(193)
U+7B56|cè(259)
U+7B5B|shāi(12)
U+7B77|kuài(41)
U+7B7E|qiān(76)
U+7B80|jiǎn(431)
U+7B97|suàn(933) suan(103)
U+7BA1|guǎn(981)
U+7BA9|luó(9)
U+7BAB|xiāo(11)
U+7BAD|jiàn(87)
U+7BB1|xiāng(133)
U+7BC0|jié(533)
U+7BC7|piān(203)
U+7BE9|shāi(12)
U+7BEE|lán(74)
U+7BF1|lí(15)
U+7BF7|peng(23)
U+7C07|cù(20)
U+7C21|jiǎn(431)
U+7C2B|xiāo(11)
U+7C38|bǒ(18)
U+7C3D|qiān(76)
U+7C43|lán(74)
U+7C4D|jí(35)
U+7C60|lóng(39) long(34) lǒng(23)
U+7C6C|lí(15)
U+7C6E|luó(9)
U+7C73|mǐ(784)
U+7C7B|lèi(792)
U+7C7D|zǐ(10)
U+7C89|fěn(211)
U+7C92|lì(103)
U+7C97|cū(182)
U+7C98|zhān(26)
U+7C9C|tiào(18)
U+7CA5|zhōu(48)
U+7CAA|fèn(36)
U+7CAE|liáng(280)
U+7CB9|cuì(17)
U+7CBE|jīng(664)
U+7CCA|hu(87) hú(75)
U+7CD5|gāo(18)
U+7CD6|táng(97)
U+7CD9|cāo(16)
U+7CDE|fèn(36)
U+7CDF|zāo(100)
U+7CE7|liáng(280)
U+7CF6|tiào(18)
U+7CFB|xì(724) xi(643) jì(15)
U+7CFE|jiū(68)
U+7D00|jì(467)
U+7D04|yuē(553)
U+7D05|hóng(839)
U+7D0B|wén(47)
U+7D0D|nà(21)
U+7D10|niǔ(26)
U+7D14|chún(133)
U+7D17|shā(78)
U+7D19|zhǐ(466)
U+7D1A|jí(2047)
U+7D1B|fēn(148)
U+7D20|sù(289)
U+7D21|fǎng(178)
U+7D22|suǒ(153) suo(18)
U+7D27|jǐn(897)
U+7D2B|zǐ(49)
U+7D2F|lèi(111) lěi(54)
U+7D30|xì(840)
U+7D33|shēn(16)
U+7D39|shào(156)
U+7D42|zhōng(385)
U+7D44|zǔ(962)
U+7D50|jié(1419) jiē(91)
U+7D55|jué(294)
U+7D61|luò(27)
U+7D62|xuàn(13)
U+7D66|gěi(2860) jǐ(80)
U+7D68|róng(27)
U+7D71|tǒng(959)
U+7D72|sī(186)
U+7D79|juàn(18)
U+7D81|bǎng(52)
U+7D93|jīng(2854) jing(1342)
U+7D9C|zōng(64)
U+7DA0|lǜ(220)
U+7DA2|chóu(24)
U+7DAD|wéi(419)
U+7DB1|gāng(83)
U+7DB2|wǎng(120)
U+7DB4|zhui(14)
U+7DB8|lún(48)
U+7DBF|mián(18)
U+7DCA|jǐn(897)
U+7DD2|xù(92)
U+7DDA|xiàn(1280)
U+7DDE|duàn(9)
U+7DE0|dì(12)
U+7DE3|yuán(77)
U+7DE8|biān(215)
U+7DE9|huǎn(155)
U+7DEF|wěi(41)
U+7DF4|liàn(245)
U+7E1B|fù(34)
U+7E23|xiàn(429)
U+7E2B|fèng(77) féng(29)
U+7E2E|suō(179)
U+7E31|zòng(43)
U+7E37|lǚ(18)
U+7E3D|zǒng(1599)
U+7E3E|jī(132)
U+7E41|fán(129)
U+7E43|běng(18) bēng(12)
U+7E54|zhī(733)
U+7E5E|rào(74) rǎo(40)
U+7E61|xiù(22)
U+7E69|shéng(110) sheng(17)
U+7E6A|huì(39)
U+7E6D|jiǎn(14)
U+7E73|jiǎo(17)
U+7E7C|jì(405)
U+7E8C|xù(489)
U+7E8F|chán(32)
U+7E96|xiān(197)
U+7EA0|jiū(68)
U+7EA2|hóng(839)
U+7EA4|xiān(197)
U+7EA6|yuē(553)
U+7EA7|jí(2047)
U+7EAA|jì(467)
U+7EAC|wěi(41)
U+7EAF|chún(133)
U+7EB1|shā(78)
U+7EB2|gāng(83)
U+7EB3|nà(21)
U+7EB5|zòng(43)
U+7EB6|lún(48)
U+7EB7|fēn(148)
U+7EB8|zhǐ(466)
U+7EB9|wén(47)
U+7EBA|fǎng(178)
U+7EBD|niǔ(26)
U+7EBF|xiàn(1280)
U+7EC3|liàn(245)
U+7EC4|zǔ(962)
U+7EC5|shēn(16)
U+7EC6|xì(840)
U+7EC7|zhī(733)
U+7EC8|zhōng(385)
U+7ECD|shào(156)
U+7ECF|jīng(2854) jing(1342)
U+7ED1|bǎng(52)
U+7ED2|róng(27)
U+7ED3|jié(1419) jiē(91)
U+7ED5|rào(74) rǎo(40)
U+7ED8|huì(39)
U+7ED9|gěi(2860) jǐ(80)
U+7EDA|xuàn(13)
U+7EDC|luò(27)
U+7EDD|jué(294)
U+7EDF|tǒng(959)
U+7EE2|juàn(18)
U+7EE3|xiù(22)
U+7EE7|jì(405)
U+7EE9|jī(132)
U+7EEA|xù(92)
U+7EED|xù(489)
U+7EF3|shéng(110) sheng(17)
U+7EF4|wéi(419)
U+7EF5|mián(18)
U+7EF7|běng(18) bēng(12)
U+7EF8|chóu(24)
U+7EFC|zōng(64)
U+7EFF|lǜ(220)
U+7F00|zhui(14)
U+7F0E|duàn(9)
U+7F13|huǎn(155)
U+7F14|dì(12)
U+7F15|lǚ(18)
U+7F16|biān(215)
U+7F18|yuán(77)
U+7F1A|fù(34)
U+7F1D|fèng(77) féng(29)
U+7F20|chán(32)
U+7F29|suō(179)
U+7F30|jiāng(17)
U+7F34|jiǎo(17)
U+7F38|gāng(38)
U+7F3A|quē(364)
U+7F50|guàn(40)
U+7F51|wǎng(120)
U+7F5A|fá(26)
U+7F62|ba(2073) bà(148)
U+7F69|zhào(49)
U+7F6A|zuì(168) zui(15)
U+7F6E|zhì(166) zhi(104)
U+7F70|fá(26)
U+7F72|shǔ(27)
U+7F75|mà(182)
U+7F77|ba(2073) bà(148)
U+7F8A|yáng(216)
U+7F8E|měi(466)
U+7F94|gāo(10)
U+7FA1|xiàn(24)
U+7FA4|qún(1210)
U+7FA8|xiàn(24)
U+7FA9|yì(4472)
U+7FBD|yǔ(16)
U+7FC1|wēng(20)
U+7FC5|chì(85)
U+7FD2|xí(836)
U+7FD4|xiáng(9)
U+7FD8|qiào(30)
U+7FF9|qiào(30)
U+7FFB|fān(369)
U+7FFC|yì(23)
U+8000|yào(54)
U+8001|lǎo(3598)
U+8003|kǎo(334)
U+8005|zhě(1454)
U+800C|ér(3483)
U+800D|shuǎ(29)
U+8010|nài(221)
U+8015|gēng(55)
U+8017|hào(86)
U+8033|ěr(176)
U+8037|dā(12)
U+8038|sǒng(39)
U+803B|chǐ(36)
U+803D|dān(33)
U+804A|liáo(29)
U+804C|zhí(173)
U+8054|lián(578)
U+8056|shèng(28)
U+805A|jù(73)
U+805E|wén(133)
U+806A|cōng(96)
U+806F|lián(578)
U+8070|cōng(96)
U+8072|shēng(2269) sheng(57)
U+8073|sǒng(39)
U+8077|zhí(173)
U+807D|tīng(2028) ting(48)
U+8083|sù(144)
U+8085|sù(144)
U+8089|ròu(278)
U+808C|jī(43)
U+8096|xiào(50)
U+809A|dù(171)
U+809D|gān(56)
U+80A0|cháng(82)
U+80A1|gǔ(187) gu(33)
U+80A2|zhī(38)
U+80A4|fū(87)
U+80A5|féi(162)
U+80A9|jiān(208)
U+80AA|fáng(10)
U+80AF|kěn(280)
U+80B2|yù(547)
U+80BA|fèi(52)
U+80BF|zhǒng(24)
U+80C0|zhàng(54)
U+80C1|xié(54)
U+80C3|wèi(89)
U+80C6|dǎn(107)
U+80CC|bèi(433) bēi(72)
U+80CE|tāi(38)
U+80D6|pàng(43)
U+80DC|shèng(745)
U+80DE|bāo(116)
U+80E1|hú(215)
U+80E7|lóng(32)
U+80F3|gē(65)
U+80F6|jiāo(37)
U+80F8|xiōng(178)
U+80FD|néng(5594)
U+8102|zhī(46)
U+8105|xié(54)
U+8106|cuì(92)
U+8108|mài(116)
U+8109|mài(116)
U+810A|jí(38)
U+810F|zàng(61) zāng(54)
U+8111|nǎo(437)
U+8116|bó(73)
U+811A|jiǎo(627)
U+812B|tuō(239)
U+812F|pú(27)
U+8131|tuō(239)
U+8138|liǎn(930)
U+8139|zhàng(54)
U+813E|pí(85)
U+8148|jīng(21)
U+8150|fǔ(87) fu(31)
U+8154|qiāng(62)
U+8165|xīng(11)
U+8166|nǎo(437)
U+816B|zhǒng(24)
U+816E|sāi(14)
U+8170|yāo(160)
U+8173|jiǎo(627)
U+8178|cháng(82)
U+8179|fù(24)
U+817E|téng(91) teng(28)
U+817F|tuǐ(263)
U+8180|bǎng(182)
U+818A|bo(45)
U+818F|gāo(21)
U+819A|fū(87)
U+819B|táng(29)
U+819C|mó(54)
U+819D|xī(38)
U+81A0|jiāo(37)
U+81A8|péng(44)
U+81BD|dǎn(107)
U+81C2|bì(66) bei(20)
U+81C9|liǎn(930)
U+81DF|zàng(61) zāng(54)
U+81E3|chén(15)
U+81E5|wò(45)
U+81E8|lín(220)
U+81EA|zì(4664)
U+81ED|chòu(72)
U+81F3|zhì(787)
U+81F4|zhì(314)
U+8200|yǎo(19)
U+8205|jiù(48) jiu(35)
U+8206|yú(9)
U+8207|yǔ(962) yù(10)
U+8208|xìng(499) xīng(164)
U+8209|jǔ(541) ju(8)
U+820A|jiù(479)
U+820B|xìn(11)
U+820C|shé(59)
U+820D|shě(62) shè(41)
U+8212|shū(143)
U+8214|tiǎn(16)
U+821E|wǔ(204)
U+821F|zhōu(13)
U+822A|háng(137)
U+822C|bān(564)
U+8230|jiàn(21)
U+8231|cāng(75)
U+8236|bó(17)
U+8239|chuán(923)
U+8247|tǐng(22)
U+8258|sōu(30)
U+8259|cāng(75)
U+8266|jiàn(21)
U+826F|liáng(198)
U+8270|jiān(211)
U+8271|jiān(211)
U+8272|sè(950)
U+8273|yàn(38)
U+8277|yàn(38)
U+827A|yì(609)
U+8282|jié(533)
U+8292|máng(35)
U+829D|zhī(11)
U+82A6|lú(46) lu(28)
U+82AF|xīn(14)
U+82B1|huā(1104) hua(117)
U+82BD|yá(31)
U+82C7|wěi(32)
U+82CD|cāng(69)
U+82CF|sū(33)
U+82D7|miáo(71)
U+82E5|ruò(182)
U+82E6|kǔ(645)
U+82F1|yīng(252)
U+82F9|píng(77)
U+8301|zhuó(9)
U+8302|mào(29)
U+8303|fàn(201)
U+8304|jiā(10)
U+8305|máo(17)
U+830E|jīng(15)
U+8327|jiǎn(14)
U+832B|máng(76) māng(36)
U+8336|chá(194)
U+8338|rōng(20)
U+8349|cǎo(613)
U+8350|jiàn(19)
U+8352|huāng(54)
U+8354|lì(28)
U+8361|dàng(67)
U+8363|róng(147)
U+836F|yào(407)
U+8377|hé(69)
U+838A|zhuāng(337)
U+8396|jīng(15)
U+83AB|mò(42) mo(21)
U+83B7|huò(156)
U+83B9|yíng(14)
U+83C7|gu(12)
U+83CA|jú(11)
U+83CC|jūn(175)
U+83DC|cài(354)
U+83E9|pú(18)
U+83EF|huá(29)
U+8404|táo(49)
U+841D|luó(25)
U+8424|yíng(18)
U+8425|yíng(331)
U+8428|sà(18)
U+842C|wàn(1335)
U+843D|luò(516) là(11)
U+8449|yè(301)
U+8457|zhe(10643) zháo(545) zhù(275) zhuó(125) zhāo(15)
U+8461|pú(49)
U+8466|wěi(32)
U+846B|hú(28)
U+846C|zàng(9)
U+8471|cōng(9)
U+8475|kuí(16)
U+8499|méng(62) mēng(15) měng(13)
U+849C|suàn(9)
U+84B8|zhēng(115)
U+84BC|cāng(69)
U+84C4|xù(11)
U+84CB|gài(227) gai(10)
U+84DD|lán(126)
U+84EC|péng(24)
U+8511|miè(12)
U+8517|zhe(10)
U+8525|cōng(9)
U+852C|shū(33)
U+853C|ǎi(19)
U+853D|bì(59)
U+8549|jiāo(14)
U+8569|dàng(67)
U+8574|yùn(14)
U+8584|báo(80) bó(43)
U+85A9|sà(18)
U+85AA|xīn(17)
U+85AF|shǔ(13)
U+85CD|lán(126)
U+85CF|cáng(156)
U+85DD|yì(609)
U+85E4|téng(14)
U+85E5|yào(407)
U+85F9|ǎi(19)
U+8606|lú(46) lu(28)
U+8607|sū(33)
U+860A|yùn(14)
U+860B|píng(77)
U+8611|mó(12)
U+8638|zhàn(10)
U+863F|luó(25)
U+864E|hǔ(171) hu(19)
U+864F|lǔ(31)
U+8651|lǜ(125)
U+8655|chù(661) chǔ(357) chu(149)
U+865A|xū(86)
U+865B|xū(86)
U+865C|lǔ(31)
U+865F|hào(462) hao(16) háo(12)
U+8667|kuī(71)
U+866B|chóng(553)
U+867D|suī(543)
U+867E|xiā(46)
U+8680|shí(67)
U+8681|yǐ(40)
U+8682|mǎ(40)
U+868A|wén(30)
U+8693|yǐn(16)
U+8695|cán(62)
U+869C|yá(15)
U+86A3|gong(11)
U+86A9|chī(20)
U+86AA|dǒu(10)
U+86AF|qiū(16)
U+86C0|zhù(10)
U+86C6|qū(10)
U+86C7|shé(68)
U+86CB|dàn(168)
U+86D9|wā(57)
U+86DB|zhū(34)
U+86E4|há(12)
U+86FE|é(11)
U+8702|fēng(96)
U+8708|wú(11)
U+8713|tíng(21)
U+8717|wō(11)
U+8718|zhī(34)
U+871C|mì(110)
U+8721|là(40)
U+873B|qīng(21)
U+8747|ying(39)
U+8749|chán(48)
U+874C|kē(10)
U+8755|shí(67)
U+8757|huáng(62)
U+8759|biān(15)
U+875F|wei(14)
U+8760|fú(15)
U+8766|xiā(46)
U+8774|hú(35)
U+8776|dié(35)
U+8778|wō(11)
U+878D|róng(25)
U+879E|mǎ(40)
U+87A2|yíng(18)
U+87C0|shuài(23)
U+87C6|ma(12)
U+87CB|xī(23)
U+87EC|chán(48)
U+87FB|yǐ(40)
U+8805|ying(39)
U+8815|rú(20)
U+881F|là(40)
U+8836|cán(62)
U+8840|xuè(349) xiě(69)
U+8845|xìn(11)
U+884C|xíng(2943) háng(218)
U+884D|yǎn(11)
U+8854|xián(13)
U+8857|jiē(335)
U+8859|yá(20)
U+885B|wèi(340)
U+8861|héng(80)
U+8863|yī(646)
U+8865|bǔ(141)
U+8868|biǎo(1608)
U+886B|shān(26)
U+886C|chèn(46)
U+8870|shuāi(19)
U+8884|ǎo(59)
U+888B|dài(179) dai(93)
U+888D|páo(35)
U+8896|xiù(138)
U+889C|wà(42)
U+88AB|bèi(1546)
U+88AD|xí(46)
U+88B1|fu(42)
U+88C1|cái(42)
U+88C2|liè(67)
U+88C5|zhuāng(732)
U+88D5|yù(17)
U+88D9|qún(12)
U+88DC|bǔ(141)
U+88DD|zhuāng(732)
U+88E1|li(706) lǐ(100)
U+88E4|kù(62)
U+88F3|shang(56)
U+88F9|guǒ(46)
U+8902|guà(15)
U+8907|fù(558)
U+8910|hè(12)
U+8932|kù(62)
U+8956|ǎo(59)
U+895F|jīn(13)
U+896A|wà(42)
U+896F|chèn(46)
U+8972|xí(46)
U+897F|xi(902) xī(738)
U+8981|yào(8645) yāo(456)
U+8986|fù(27)
U+898B|jiàn(2832) xiàn(446) jian(335)
U+898F|guī(752)
U+8996|shì(409) shi(12)
U+89AA|qīn(1029) qin(428)
U+89BA|jué(1032) jiào(179)
U+89BD|lǎn(48)
U+89C0|guān(1031)
U+89C1|jiàn(2832) xiàn(446) jian(335)
U+89C2|guān(1031)
U+89C4|guī(752)
U+89C6|shì(409) shi(12)
U+89C8|lǎn(48)
U+89C9|jué(1032) jiào(179)
U+89D2|jiǎo(392) jué(14)
U+89E3|jiě(1857)
U+89E6|chù(120)
U+89F8|chù(120)
U+8A00|yán(307)
U+8A02|dìng(126)
U+8A08|jì(1050) ji(58)
U+8A0A|xùn(132)
U+8A0E|tǎo(278)
U+8A13|xun(98) xùn(86)
U+8A18|jì(866) ji(414)
U+8A1D|yà(33)
U+8A1F|sòng(27)
U+8A2A|fǎng(73)
U+8A2D|shè(1097)
U+8A31|xǔ(1465)
U+8A34|su(552) sù(43)
U+8A3A|zhěn(32)
U+8A3C|zhèng(518)
U+8A55|píng(439)
U+8A5E|cí(72)
U+8A62|xún(24)
U+8A66|shì(374)
U+8A69|shī(152)
U+8A6B|chà(38)
U+8A6D|guǐ(15)
U+8A71|huà(2332) hua(32)
U+8A72|gāi(1057)
U+8A73|xiáng(95)
U+8A89|yù(36)
U+8A8D|rèn(1247)
U+8A92|éi(10) ěi(10) èi(10)
U+8A93|shì(25)
U+8A95|dàn(40)
U+8A98|yòu(12)
U+8A9E|yǔ(261)
U+8AA0|chéng(51)
U+8AA1|jiè(10)
U+8AA3|wū(14)
U+8AA4|wù(478) wu(33)
U+8AA6|sòng(14)
U+8AAA|shuō(10245)
U+8AB0|shuí(1065)
U+8AB2|kè(341)
U+8ABC|yì(30)
U+8ABF|diào(390) tiáo(213)
U+8AC7|tán(693)
U+8ACB|qǐng(585)
U+8AD2|liàng(46)
U+8AD6|lùn(1472)
U+8AF7|fěng(14)
U+8AF8|zhū(24)
U+8B00|móu(98) mou(24)
U+8B02|wèi(170)
U+8B0A|huǎng(21)
U+8B19|qiān(26)
U+8B1B|jiǎng(974)
U+8B1D|xiè(192) xie(97)
U+8B20|yáo(19)
U+8B2C|miù(26)
U+8B39|jǐn(20)
U+8B4F|jī(19)
U+8B58|shi(908) shí(267)
U+8B66|jǐng(198)
U+8B6C|pì(42)
U+8B6F|yì(70)
U+8B70|yì(570)
U+8B74|qiǎn(13)
U+8B77|hù(468)
U+8B7D|yù(36)
U+8B80|dú(432)
U+8B8A|biàn(1669)
U+8B93|ràng(974)
U+8BA1|jì(1050) ji(58)
U+8BA2|dìng(126)
U+8BA4|rèn(1247)
U+8BA5|jī(19)
U+8BA8|tǎo(278)
U+8BA9|ràng(974)
U+8BAD|xun(98) xùn(86)
U+8BAE|yì(570)
U+8BAF|xùn(132)
U+8BB0|jì(866) ji(414)
U+8BB2|jiǎng(974)
U+8BB6|yà(33)
U+8BB8|xǔ(1465)
U+8BBA|lùn(1472)
U+8BBC|sòng(27)
U+8BBD|fěng(14)
U+8BBE|shè(1097)
U+8BBF|fǎng(73)
U+8BC1|zhèng(518)
U+8BC4|píng(439)
U+8BC6|shi(908) shí(267)
U+8BC9|su(552) sù(43)
U+8BCA|zhěn(32)
U+8BCD|cí(72)
U+8BD1|yì(70)
U+8BD5|shì(374)
U+8BD7|shī(152)
U+8BDA|chéng(51)
U+8BDD|huà(2332) hua(32)
U+8BDE|dàn(40)
U+8BE1|guǐ(15)
U+8BE2|xún(24)
U+8BE5|gāi(1057)
U+8BE6|xiáng(95)
U+8BE7|chà(38)
U+8BEB|jiè(10)
U+8BEC|wū(14)
U+8BED|yǔ(261)
U+8BEF|wù(478) wu(33)
U+8BF1|yòu(12)
U+8BF4|shuō(10245)
U+8BF5|sòng(14)
U+8BF6|éi(10) ěi(10) èi(10)
U+8BF7|qǐng(585)
U+8BF8|zhū(24)
U+8BFB|dú(432)
U+8BFE|kè(341)
U+8C01|shuí(1065)
U+8C03|diào(390) tiáo(213)
U+8C05|liàng(46)
U+8C08|tán(693)
U+8C0A|yì(30)
U+8C0B|móu(98) mou(24)
U+8C0E|huǎng(21)
U+8C13|wèi(170)
U+8C22|xiè(192) xie(97)
U+8C23|yáo(19)
U+8C26|qiān(26)
U+8C28|jǐn(20)
U+8C2C|miù(26)
U+8C34|qiǎn(13)
U+8C37|gǔ(145)
U+8C41|huō(37)
U+8C46|dòu(127)
U+8C48|qǐ(51)
U+8C4C|wān(9)
U+8C4E|shù(30)
U+8C61|xiàng(3043)
U+8C6A|háo(35)
U+8C6B|yù(39)
U+8C6C|zhū(83)
U+8C79|bào(15)
U+8C7A|chái(16)
U+8C8C|mào(95)
U+8C93|māo(62)
U+8C9D|bèi(49)
U+8CA0|fù(322) fu(25)
U+8CA1|cái(166)
U+8CA2|gòng(97)
U+8CA7|pín(115)
U+8CA8|huò(328)
U+8CA9|fàn(14)
U+8CAA|tān(30)
U+8CAB|guàn(91)
U+8CAC|zé(363)
U+8CB4|guì(180)
U+8CB7|mǎi(774)
U+8CBB|fèi(305)
U+8CBC|tiē(124)
U+8CBF|mào(36)
U+8CC0|hè(15)
U+8CC7|zī(1455)
U+8CCA|zéi(31)
U+8CD3|bīn(9)
U+8CDE|shǎng(58)
U+8CE0|péi(24)
U+8CE3|mài(479) mai(51)
U+8CE4|jiàn(29)
U+8CEA|zhì(902)
U+8CED|dǔ(10)
U+8CF4|lài(28)
U+8CFA|zhuàn(25)
U+8CFC|gòu(41)
U+8CFD|sài(124)
U+8D0A|zàn(162)
U+8D1D|bèi(49)
U+8D1F|fù(322) fu(25)
U+8D21|gòng(97)
U+8D22|cái(166)
U+8D23|zé(363)
U+8D25|bài(218)
U+8D27|huò(328)
U+8D28|zhì(902)
U+8D29|fàn(14)
U+8D2A|tān(30)
U+8D2B|pín(115)
U+8D2D|gòu(41)
U+8D2F|guàn(91)
U+8D31|jiàn(29)
U+8D34|tiē(124)
U+8D35|guì(180)
U+8D38|mào(36)
U+8D39|fèi(305)
U+8D3A|hè(15)
U+8D3C|zéi(31)
U+8D44|zī(1455)
U+8D4C|dǔ(10)
U+8D4F|shǎng(58)
U+8D54|péi(24)
U+8D56|lài(28)
U+8D5A|zhuàn(25)
U+8D5B|sài(124)
U+8D5E|zàn(162)
U+8D64|chì(34)
U+8D70|zǒu(3176)
U+8D74|fù(12)
U+8D76|gǎn(681)
U+8D77|qǐ(5632)
U+8D81|chèn(84)
U+8D85|chāo(256)
U+8D8A|yuè(958)
U+8D8B|qū(21)
U+8D95|gǎn(681)
U+8D9F|tàng(89)
U+8DA3|qù(168)
U+8DA8|qū(21)
U+8DB3|zú(310)
U+8DB4|pā(43)
U+8DC3|yuè(139)
U+8DCC|diē(47)
U+8DD1|pǎo(986)
U+8DDB|bǒ(11)
U+8DDD|jù(129)
U+8DDF|gēn(1534)
U+8DE1|jī(87)
U+8DE8|kuà(62)
U+8DEA|guì(55)
U+8DEF|lù(1987)
U+8DF3|tiào(470)
U+8DF5|jiàn(312)
U+8DFA|duò(19)
U+8E0C|chóu(24)
U+8E0F|tà(122) tā(10)
U+8E10|jiàn(312)
U+8E22|tī(50)
U+8E29|cǎi(64)
U+8E2A|zōng(12)
U+8E2E|diǎn(9)
U+8E31|duó(37)
U+8E44|tí(15)
U+8E48|dǎo(9)
U+8E4B|tà(13)
U+8E64|zōng(12)
U+8E66|bèng(28)
U+8E6C|dēng(39)
U+8E6D|cèng(14)
U+8E72|dūn(107)
U+8E81|zào(33)
U+8E87|chú(24)
U+8E8A|chóu(24)
U+8E8D|yuè(139)
U+8EAB|shēn(2161)
U+8EAC|gōng(22)
U+8EAF|qū(10)
U+8EB2|duǒ(124)
U+8EBA|tǎng(198)
U+8EC0|qū(10)
U+8ECA|chē(1893)
U+8ECB|yà(21)
U+8ECC|guǐ(72)
U+8ECD|jūn(1842)
U+8EDF|ruǎn(125)
U+8EF8|zhóu(39)
U+8F03|jiào(799)
U+8F09|zài(80) zǎi(64)
U+8F14|fǔ(31)
U+8F15|qīng(859)
U+8F1B|liàng(178)
U+8F1D|huī(100)
U+8F29|bèi(87)
U+8F2A|lún(222)
U+8F2F|ji(41) jí(28)
U+8F38|shū(231)
U+8F3B|fú(31)
U+8F3F|yú(9)
U+8F49|zhuǎn(757) zhuàn(177)
U+8F4E|jiào(27)
U+8F5F|hōng(77)
U+8F66|chē(1893)
U+8F67|yà(21)
U+8F68|guǐ(72)
U+8F6C|zhuǎn(757) zhuàn(177)
U+8F6E|lún(222)
U+8F6F|ruǎn(125)
U+8F70|hōng(77)
U+8F74|zhóu(39)
U+8F7B|qīng(859)
U+8F7D|zài(80) zǎi(64)
U+8F7F|jiào(27)
U+8F83|jiào(799)
U+8F85|fǔ(31)
U+8F86|liàng(178)
U+8F88|bèi(87)
U+8F89|huī(100)
U+8F90|fú(31)
U+8F91|ji(41) jí(28)
U+8F93|shū(231)
U+8F9B|xīn(90)
U+8F9C|gū(9)
U+8F9E|cí(23)
U+8F9F|pì(68) bì(27)
U+8FA3|là(25)
U+8FA6|bàn(1187)
U+8FA8|biàn(49)
U+8FA9|biàn(165)
U+8FAB|biàn(55)
U+8FAD|cí(23)
U+8FAE|biàn(55)
U+8FAF|biàn(165)
U+8FB1|rǔ(22)
U+8FB2|nóng(1281)
U+8FB9|biān(2050) bian(356)
U+8FBD|liáo(32)
U+8FBE|dá(557)
U+8FC1|qiān(34)
U+8FC5|xùn(191)
U+8FC7|guò(5174) guo(1222)
U+8FC8|mài(83)
U+8FCE|yíng(135)
U+8FD0|yùn(1192)
U+8FD1|jìn(823)
U+8FD4|fǎn(48)
U+8FD8|hái(5894) huán(103)
U+8FD9|zhè(16714)
U+8FDB|jìn(3920)
U+8FDC|yuǎn(1036)
U+8FDD|wéi(113)
U+8FDE|lián(1073)
U+8FDF|chí(107)
U+8FEB|pò(306)
U+8FF0|shù(109)
U+8FF7|mí(150)
U+8FF9|jī(87)
U+8FFD|zhuī(272)
U+9000|tuì(254)
U+9001|sòng(818)
U+9002|shì(356)
U+9003|táo(164)
U+9009|xuǎn(339)
U+900A|xùn(9)
U+900F|tòu(316)
U+9010|zhú(275)
U+9012|dì(83)
U+9014|tú(178)
U+9017|dòu(77)
U+9019|zhè(16714)
U+901A|tōng(1126) tòng(16)
U+901B|guàng(19)
U+901D|shì(31)
U+901F|sù(668)
U+9020|zào(1377)
U+9022|féng(53)
U+9023|lián(1073)
U+902E|dǎi(20) dài(20)
U+9032|jìn(3920)
U+903B|luó(24)
U+903C|bī(89)
U+9047|yù(261)
U+904B|yùn(1192)
U+904D|biàn(290)
U+904E|guò(5174) guo(1222)
U+9053|dào(2324) dao(1654)
U+9054|dá(557)
U+9055|wéi(113)
U+9057|yí(101)
U+9059|yáo(23)
U+905C|xùn(9)
U+905E|dì(83)
U+9060|yuǎn(1036)
U+9063|qiǎn(30)
U+9065|yáo(23)
U+9069|shì(356)
U+906D|zāo(192)
U+906E|zhē(61)
U+9072|chí(107)
U+9075|zūn(90)
U+9077|qiān(34)
U+9078|xuǎn(339)
U+907A|yí(101)
U+907C|liáo(32)
U+907F|bì(166)
U+9080|yāo(30)
U+9081|mài(83)
U+9084|hái(5894) huán(103)
U+908A|biān(2050) bian(356)
U+908F|luó(24)
U+90A3|nà(7249)
U+90A6|bāng(13)
U+90AE|yóu(32)
U+90BB|lín(35)
U+90C1|yù(13)
U+90CA|jiāo(26)
U+90D1|zhèng(16)
U+90E8|bù(2783)
U+90F5|yóu(32)
U+90FD|dōu(5680) dū(93)
U+9109|xiāng(433)
U+9119|bǐ(13)
U+912D|zhèng(16)
U+9130|lín(35)
U+914D|pèi(291)
U+9152|jiǔ(262)
U+916C|chou(22)
U+9171|jiàng(36)
U+9175|jiào(9)
U+9176|méi(13)
U+9177|kù(38)
U+9178|suān(102)
U+917F|niàng(10)
U+9189|zuì(51)
U+918B|cù(22)
U+9192|xǐng(200)
U+91AB|yī(460)
U+91AC|jiàng(36)
U+91C0|niàng(10)
U+91C7|cǎi(420)
U+91CA|shì(123)
U+91CB|shì(123)
U+91CC|lǐ(8067) li(754)
U+91CD|zhòng(1823) chóng(329)
U+91CE|yě(360)
U+91CF|liàng(1265) liang(433) liáng(208)
U+91D1|jīn(568)
U+91D8|dīng(59)
U+91DD|zhēn(319)
U+91E3|diào(72)
U+9214|chāo(25)
U+9223|gài(11)
U+9234|líng(85)
U+9237|gǔ(14)
U+923E|yóu(15)
U+9257|qián(17)
U+925B|qiān(74)
U+9264|gōu(42)
U+9274|jiàn(33)
U+9280|yín(243)
U+9285|tóng(129)
U+929C|xián(13)
U+92B3|ruì(66)
U+92B7|xiāo(92)
U+92C1|lǚ(42)
U+92C5|xīn(13)
U+92D2|fēng(71)
U+92E4|chú(22)
U+92EA|pù(111) pū(96) pu(11)
U+92F8|jù(14)
U+92FC|gāng(526)
U+9304|lù(143)
U+9318|chuí(15)
U+9320|dìng(13)
U+9322|qián(817) qian(78)
U+9326|jǐn(50)
U+932B|xī(25)
U+932F|cuò(815)
U+934B|guō(115)
U+934D|dù(18)
U+935B|duàn(88)
U+936C|qiāo(15)
U+9375|jiàn(60)
U+9382|měi(14)
U+9396|suǒ(68)
U+93AE|zhèn(216)
U+93C8|liàn(9)
U+93DF|chǎn(29)
U+93E1|jìng(285)
U+93FD|xiù(22)
U+9418|zhōng(410)
U+942E|lián(14)
U+9435|tiě(734)
U+943A|dang(16)
U+9444|zhù(36)
U+9452|jiàn(33)
U+9470|yào(13)
U+9472|xiāng(17)
U+947C|luó(28)
U+947D|zuān(205)
U+947F|záo(34)
U+9488|zhēn(319)
U+9489|dīng(59)
U+9493|diào(72)
U+9499|gài(11)
U+949E|chāo(25)
U+949F|zhōng(410)
U+94A2|gāng(526)
U+94A5|yào(13)
U+94A6|qīn(10)
U+94A9|gōu(42)
U+94B1|qián(817) qian(78)
U+94B3|qián(17)
U+94B4|gǔ(14)
U+94BB|zuān(205)
U+94C0|yóu(15)
U+94C1|tiě(734)
U+94C3|líng(85)
U+94C5|qiān(74)
U+94DB|dang(16)
U+94DC|tóng(129)
U+94DD|lǚ(42)
U+94F2|chǎn(29)
U+94F6|yín(243)
U+94F8|zhù(36)
U+94FA|pù(111) pū(96) pu(11)
U+94FE|liàn(9)
U+9500|xiāo(92)
U+9501|suǒ(68)
U+9504|chú(22)
U+9505|guō(115)
U+9508|xiù(22)
U+950B|fēng(71)
U+950C|xīn(13)
U+9510|ruì(66)
U+9519|cuò(815)
U+9521|xī(25)
U+9523|luó(28)
U+9524|chuí(15)
U+9526|jǐn(50)
U+952D|dìng(13)
U+952E|jiàn(60)
U+952F|jù(14)
U+9539|qiāo(15)
U+953B|duàn(88)
U+9540|dù(18)
U+9541|měi(14)
U+9547|zhèn(216)
U+955C|jìng(285)
U+9570|lián(14)
U+9576|xiāng(17)
U+9577|zhǎng(1879) cháng(1179)
U+957F|zhǎng(1879) cháng(1179)
U+9580|mén(1633) men(20)
U+9583|shǎn(251)
U+9589|bì(117)
U+958B|kāi(3483)
U+9591|xián(89)
U+9593|jiān(2080) jian(37) jiàn(15)
U+9598|zhá(20)
U+95A5|fá(48)
U+95A8|guī(37)
U+95B1|yuè(22)
U+95CA|kuò(148)
U+95D6|chuǎng(55)
U+95DC|guān(1758)
U+95E1|chǎn(25)
U+95E8|mén(1633) men(20)
U+95EA|shǎn(251)
U+95ED|bì(117)
U+95EE|wèn(2838) wen(54)
U+95EF|chuǎng(55)
U+95F2|xián(89)
U+95F4|jiān(2080) jian(37) jiàn(15)
U+95F7|mèn(46) mēn(29)
U+95F8|zhá(20)
U+95F9|nào(186) nao(68)
U+95FA|guī(37)
U+95FB|wén(133)
U+9600|fá(48)
U+9605|yuè(22)
U+9610|chǎn(25)
U+9614|kuò(148)
U+961F|duì(1474)
U+9632|fáng(375)
U+9633|yáng(513)
U+9634|yīn(148)
U+9635|zhèn(577)
U+9636|jiē(1888)
U+963B|zǔ(157)
U+963F|ā(169)
U+9644|fù(148)
U+9645|jì(706)
U+9646|lù(202)
U+9648|chén(24)
U+964B|lòu(9)
U+964C|mò(32)
U+964D|jiàng(243) xiáng(75)
U+9650|xiàn(240)
U+9661|dǒu(31)
U+9662|yuàn(717)
U+9663|zhèn(577)
U+9664|chú(496)
U+9669|xiǎn(222)
U+966A|péi(69)
U+9670|yīn(148)
U+9673|chén(24)
U+9675|líng(31)
U+9676|táo(23)
U+9677|xiàn(86)
U+9678|lù(202)
U+967D|yáng(513)
U+9686|lóng(46) lōng(10)
U+968A|duì(1474)
U+968E|jiē(1888)
U+968F|suí(599)
U+9690|yǐn(109)
U+9694|gé(155)
U+9698|ài(14)
U+9699|xì(37)
U+969B|jì(706)
U+969C|zhàng(98)
U+96A7|suì(22)
U+96A8|suí(599)
U+96AA|xiǎn(222)
U+96B1|yǐn(109)
U+96B6|lì(73)
U+96B8|lì(73)
U+96BE|nán(795) nan(344) nàn(82)
U+96C0|què(33)
U+96C4|xióng(214)
U+96C6|jí(751)
U+96C7|gù(25)
U+96CC|cí(22)
U+96D5|diāo(38)
U+96D6|suī(543)
U+96D9|shuāng(373)
U+96DC|zá(356)
U+96DE|jī(244)
U+96E2|lí(790)
U+96E3|nán(795) nan(344) nàn(82)
U+96E8|yǔ(545)
U+96EA|xuě(465)
U+96F6|líng(211)
U+96F7|léi(91)
U+96F9|báo(15)
U+96FB|diàn(1775)
U+96FE|wù(85)
U+9700|xū(750)
U+9707|zhèn(221)
U+9709|méi(38)
U+970E|shà(11)
U+971C|shuāng(62)
U+971E|xiá(15)
U+9727|wù(85)
U+9732|lù(241)
U+9738|bà(27)
U+9748|líng(170) ling(15)
U+9752|qīng(828)
U+9759|jìng(449) jing(28)
U+975C|jìng(449) jing(28)
U+975E|fēi(688)
U+9760|kào(524)
U+9762|miàn(3227) mian(1300)
U+9769|gé(2148)
U+9774|xuē(11)
U+978B|xié(268)
U+978F|gǒng(125)
U+97A0|jū(22)
U+97AD|biān(48)
U+97C1|jiāng(17)
U+97CC|rèn(11)
U+97E7|rèn(11)
U+97F3|yīn(639)
U+97FF|xiǎng(798)
U+9801|yè(35)
U+9802|dǐng(445)
U+9803|qǐng(26)
U+9805|xiàng(236)
U+9806|shùn(266)
U+9808|xū(734)
U+980C|sòng(31)
U+9810|yù(221)
U+9811|wán(56)
U+9812|bān(21)
U+9813|dùn(204)
U+9817|pō(55)
U+9818|lǐng(1527)
U+982D|tóu(3058) tou(715)
U+9830|jiá(10)
U+9838|jǐng(13)
U+983B|pín(48)
U+9846|kē(207)
U+984C|tí(1649)
U+984D|é(108)
U+984F|yán(132)
U+985B|diān(49)
U+985E|lèi(792)
U+9867|gù(323)
U+986B|chàn(72)
U+986F|xiǎn(503)
U+9875|yè(35)
U+9876|dǐng(445)
U+9877|qǐng(26)
U+9879|xiàng(236)
U+987A|shùn(266)
U+987B|xū(734)
U+987D|wán(56)
U+987E|gù(323)
U+987F|dùn(204)
U+9881|bān(21)
U+9882|sòng(31)
U+9884|yù(221)
U+9886|lǐng(1527)
U+9887|pō(55)
U+9888|jǐng(13)
U+988A|jiá(10)
U+9891|pín(48)
U+9896|yǐng(11)
U+9897|kē(207)
U+9898|tí(1649)
U+989C|yán(132)
U+989D|é(108)
U+98A0|diān(49)
U+98A4|chàn(72)
U+98A8|fēng(1185)
U+98C4|piāo(90)
U+98CE|fēng(1185)
U+98D8|piāo(90)
U+98DB|fēi(943)
U+98DE|fēi(943)
U+98DF|shí(341) shi(152)
U+98E2|jī(37)
U+98EF|fàn(557)
U+98F2|yǐn(43)
U+98FC|sì(36)
U+98FD|bǎo(85)
U+98FE|shì(40)
U+9903|jiǎo(10)
U+9905|bǐng(40) bing(35)
U+990A|yǎng(430)
U+9910|cān(44)
U+9913|è(164)
U+9921|xiàn(10)
U+9928|guǎn(241)
U+9945|mán(37)
U+9952|ráo(23)
U+995E|chán(11)
U+9965|jī(37)
U+996D|fàn(557)
U+996E|yǐn(43)
U+9970|shì(40)
U+9971|bǎo(85)
U+9972|sì(36)
U+9976|ráo(23)
U+997A|jiǎo(10)
U+997C|bǐng(40) bing(35)
U+997F|è(164)
U+9985|xiàn(10)
U+9986|guǎn(241)
U+998B|chán(11)
U+9992|mán(37)
U+9996|shǒu(492)
U+9999|xiāng(161)
U+99AC|mǎ(891)
U+99B1|tuó(27)
U+99B3|chí(35)
U+99C1|bó(26)
U+99D0|zhù(33)
U+99D2|jū(10)
U+99D5|jià(59)
U+99DB|shǐ(123)
U+99DD|tuo(116) tuó(25)
U+99F1|luò(116)
U+9A0E|qí(134)
U+9A19|piàn(96)
U+9A30|téng(91) teng(28)
U+9A3E|luó(21)
U+9A45|qū(12)
U+9A55|jiāo(67)
U+9A57|yàn(792)
U+9A5A|jīng(425)
U+9A5F|zhòu(20)
U+9A62|lǘ(56)
U+9A6C|mǎ(891)
U+9A6E|tuó(27)
U+9A70|chí(35)
U+9A71|qū(12)
U+9A73|bó(26)
U+9A74|lǘ(56)
U+9A76|shǐ(123)
U+9A79|jū(10)
U+9A7B|zhù(33)
U+9A7C|tuo(116) tuó(25)
U+9A7E|jià(59)
U+9A82|mà(182)
U+9A84|jiāo(67)
U+9A86|luò(116)
U+9A8C|yàn(792)
U+9A91|qí(134)
U+9A97|piàn(96)
U+9AA1|luó(21)
U+9AA4|zhòu(20)
U+9AA8|gǔ(185) gú(62)
U+9ABC|gé(22)
U+9AD4|tǐ(1746)
U+9AD8|gāo(3057)
U+9AE6|máo(14)
U+9B27|nào(186) nao(68)
U+9B3C|guǐ(224)
U+9B42|hún(46)
U+9B44|pò(11)
U+9B54|mó(53)
U+9B5A|yú(538)
U+9BAE|xiān(182) xian(66)
U+9BC9|lǐ(12)
U+9BE8|jīng(64)
U+9C77|è(14)
U+9C7C|yú(538)
U+9C9C|xiān(182) xian(66)
U+9CA4|lǐ(12)
U+9CB8|jīng(64)
U+9CC4|è(14)
U+9CE5|niǎo(190)
U+9CE7|fú(12)
U+9CF3|fèng(16)
U+9CF4|míng(66)
U+9D09|yā(58)
U+9D28|yā(41)
U+9D3F|gē(11)
U+9D51|juān(16)
U+9D5D|é(24)
U+9D6A|ān(21)
U+9D72|que(28)
U+9D89|chun(21)
U+9DD7|ōu(13)
U+9DF9|yīng(19)
U+9E1D|lí(14)
U+9E1F|niǎo(190)
U+9E21|jī(244)
U+9E23|míng(66)
U+9E25|ōu(13)
U+9E26|yā(58)
U+9E2D|yā(41)
U+9E3D|gē(11)
U+9E42|lí(14)
U+9E43|juān(16)
U+9E45|é(24)
U+9E4A|que(28)
U+9E4C|ān(21)
U+9E51|chun(21)
U+9E70|yīng(19)
U+9E7C|jiǎn(31)
U+9E7D|yán(70)
U+9E7F|lù(10)
U+9E97|lì(215)
U+9EA5|mài(146)
U+9EA6|mài(146)
U+9EBB|má(159) ma(11)
U+9EBC|me(3394)
U+9EC3|huáng(347)
U+9EC4|huáng(347)
U+9ECE|lí(30)
U+9ECF|nián(31)
U+9ED1|hēi(690)
U+9ED8|mò(199)
U+9EDE|diǎn(3816)
U+9EE8|dǎng(2652)
U+9EEF|àn(8)
U+9EF4|méi(13)
U+9F13|gǔ(286)
U+9F20|shǔ(42)
U+9F3B|bí(190)
U+9F4A|qí(190)
U+9F50|qí(190)
U+9F52|chǐ(80)
U+9F61|líng(43)
U+9F7F|chǐ(80)
U+9F84|líng(43)
U+9F8D|lóng(76)
U+9F90|páng(19)
U+9F99|lóng(76)
U+9F9C|guī(11)
U+9F9F|guī(11)
