U+3529|qop
U+3650|njiuɛn
U+37FC|ngɑu
U+38D0|bhæng
U+3A73|siǒng
U+3AC3|*qiu qo
U+3C9A|shra
U+3D3E|bhət
U+3E0C|hok huɑk
U+3E84|iǒ
U+3E91|sɑu
U+410D|jrhà
U+41BD|kèu
U+4366|liɛ
U+43D1|jiɛk
U+4670|liɛ
U+48DB|sit
U+49FA|qiòng
U+4E00|*qit qit
U+4E01|*deng deng
U+4E03|*tsit tsit
U+4E08|*djhiɑ̌ng djhiɑ̌ng
U+4E09|*sɑm sɑm
U+4E0A|*zhiɑ̀ng zhiɑ̀ng zhiɑ̌ng
U+4E0B|hà hǎ
U+4E0D|*biət biət
U+4E14|*tsiǎ tsiǎ
U+4E15|pyi
U+4E16|*shiɛì shiɛì
U+4E18|*kiou kiou
U+4E1E|*zhiəng zhiəng
U+4E20|kiou
U+4E26|bhěng
U+4E2D|*djiùng djiung
U+4E31|guàn
U+4E38|huɑn
U+4E39|*dɑn dɑn
U+4E3B|*jiǒ jiǒ
U+4E43|*nəǐ nəǐ
U+4E45|*gioǔ gioǔ
U+4E46|gioǔ
U+4E48|qeu
U+4E4B|*jiə jiə
U+4E4D|jrhà
U+4E4E|ho
U+4E4F|bhiæp
U+4E56|guæi
U+4E57|jhiəng
U+4E58|jhiəng jhiə̀ng
U+4E59|qyit
U+4E5D|*gioǔ gioǔ
U+4E5E|kiət
U+4E5F|iǎ
U+4E73|njiǒ
U+4E7E|*ghyɛn ghyɛn gɑn
U+4E82|*luɑ̀n luɑ̀n
U+4E86|*leǔ leǔ
U+4E88|*iu iu
U+4E8B|*jrhiə̀ jrhiə̀
U+4E8C|*njì njì
U+4E8E|*hio hio
U+4E91|*hiuən hiuən
U+4E92|hò
U+4E94|*ngǒ ngǒ
U+4E95|*tsiɛ̌ng tsiɛ̌ng
U+4E9E|qà
U+4EA1|*miɑng miɑng
U+4EA2|kɑ̀ng
U+4EA4|*gau gau
U+4EA5|həì
U+4EA6|*iɛk iɛk
U+4EAC|giæng
U+4EAD|*dheng dheng
U+4EAE|liɑ̀ng
U+4EBA|*njin njin
U+4EBE|miɑng
U+4EC1|njin
U+4EC4|*jriək jriək
U+4EC6|più
U+4ECA|*gyim gyim
U+4ECB|gæì
U+4ECD|*nə̌i njiəng
U+4ED6|*tɑ tɑ
U+4ED7|djhiɑ̀ng djhiɑ̌ng
U+4ED8|biò
U+4ED9|*siɛn siɛn
U+4EDD|dhung
U+4EDE|njìn
U+4EE3|*dhəì dhəì
U+4EE4|*liɛ̀ng liɛng
U+4EE5|*iə̌ iə̌
U+4EED|nhìn njìn
U+4EF0|*ngiɑ̌ng ngiɑ̌ng
U+4EF2|*djhiùng djhiùng
U+4EFB|*njim njim
U+4F0A|*qi qi
U+4F0F|*bhiuk bhiuk
U+4F10|*bhiæt bhiæt
U+4F11|*xiou xiou
U+4F2F|bæk
U+4F30|gǒ
U+4F34|*bhɑ̌n bhɑ̌n
U+4F36|leng
U+4F38|*shin shin
U+4F3A|siə̀
U+4F3C|*ziə̌ ziə̌
U+4F3D|ghia
U+4F46|dhɑ̀n
U+4F47|djhiǔ
U+4F4D|hyuɛ̀
U+4F4E|*dei dei
U+4F4F|*djhiò djhiò
U+4F55|*hɑ hɑ
U+4F57|*tɑ tɑ
U+4F59|*iu iu
U+4F5B|bhiət
U+4F5C|*tzɑk tzɑk
U+4F69|*bhə̀i
U+4F73|*gɛi gɛi
U+4F7A|tsiuɛn
U+4F7F|*shriə̌ shriə̀ shriə̌
U+4F83|kɑn
U+4F86|*ləi ləi
U+4F8D|*zhiə̀ zhiə̌
U+4F94|miou
U+4F9B|*giong giong
U+4F9D|*qiəi qiəi
U+4FAF|*hou hou
U+4FB5|*tsim tsim
U+4FB6|liǔ
U+4FBF|*bhiɛ̀n bhiɛn
U+4FC2|*gèi
U+4FC3|*tsiok tsiok
U+4FC4|ngɑ
U+4FCA|tzuìn
U+4FCE|jriǔ
U+4FD7|*ziok ziok
U+4FD9|xiəi
U+4FDB|*biǒ biǒ myɛ̌n
U+4FDC|peng
U+4FDD|bɑǔ
U+4FE0|hep
U+4FE1|*sìn
U+4FEE|*siou siou
U+4FEF|*biǒ
U+4FF6|chiuk
U+4FF8|*bhiòng
U+4FFE|byɛ̌
U+5002|*biɛ̌ng biɛ̌ng
U+5009|*tsɑng tsɑng
U+500D|bhəǐ
U+500F|shiuk
U+5012|dɑù dɑ̀u
U+5015|zhiuɛ
U+5016|*hɛ̌ng hɛ̌ng
U+5018|tɑ̌ng
U+5019|*hòu
U+501A|*gyɛ̌ gyɛ̌
U+501F|*tzià
U+5021|*chiɑ̀ng chiɑ̀ng
U+5026|ghyuɛ̀n
U+5029|tsiɛ̀ng
U+502B|luin
U+5036|*gio gio
U+503C|*djhiə̀ djhiə
U+5043|qiæ̌n
U+5047|gǎ
U+504F|piɛn
U+5053|qak
U+505C|*dheng dheng
U+5065|*ghiæ̀n
U+5074|*jriək jriək
U+5076|*ngǒu
U+5077|tou
U+5085|biò
U+508D|*bhɑn bhɑn
U+5091|ghyɛt
U+5099|*bhyì
U+50AC|*tsuəi tsuəi
U+50B2|ngɑù
U+50B3|djhiuɛ̀n
U+50B4|qiǒ
U+50B5|jrɛi
U+50B7|*shiɑng shiɑng
U+50BE|*kiuɛng kiuɛng
U+50C2|liǒ
U+50C5|ghìn
U+50CA|*siɛn siɛn
U+50CF|*ziɑ̌ng ziɑ̌ng
U+50D5|*bhuk bhuk
U+50E7|*səng səng
U+50EE|*dhung dgung
U+50F5|giɑng
U+50F6|mǐn
U+50F9|gà
U+50FB|pek piɛk
U+5100|ngyɛ
U+5102|nong
U+5109|ghyɛ̌m
U+5112|*njio njio
U+5114|djhiou
U+5115|jrhæi
U+512A|qiou
U+5132|djhiu
U+5140|*nguət nguət
U+5143|*ngiuæn ngiuæn
U+5144|*xiuæng xiuæng
U+5145|chiung
U+5146|djhiɛ̌u
U+5148|*sen sen
U+5149|*guɑng guɑng
U+514B|kək
U+514D|*myɛ̌n myɛ̌n
U+5152|*njiɛ njiɛ
U+5154|*tò tò
U+5155|zǐ
U+5162|giəng
U+5165|*njip njip
U+5167|*nuə̀i nuə̀i
U+5168|*dzhiuɛn dzhiuɛn
U+5169|liɑ̀ng liɑ̌ng
U+516B|*bat bat
U+516C|*gung gung
U+516D|*liuk liuk
U+516E|*hei hei
U+5171|*ghiòng ghiòng
U+5175|*biæng biæng
U+5176|*ghiə ghiə
U+5177|*ghiò ghiò
U+5178|*děn děn
U+517C|*gem gem
U+5180|gyì
U+5189|*njiɛ̌m njiɛ̌m
U+518D|*tzə̀i tzə̀i
U+518F|guěng
U+5191|djhiòu
U+5192|mɑ̀u
U+5195|myɛ̌n
U+5197|njiǒng
U+51A0|guɑn guɑ̀n
U+51A2|*djiǒng djiǒng
U+51A5|meng mèng
U+51AC|*dong dong
U+51B0|*biəng biəng
U+51B5|*xiuɑ̀ng
U+51B6|iǎ
U+51B7|*læ̌ng læ̌ng
U+51C4|*tsei tsei
U+51C9|liəng
U+51CB|*deu deu
U+51CC|*liəng
U+51CD|*dùng dùng
U+51DC|*lǐm lǐm
U+51DD|*ngiəng ngiəng
U+51E0|gyǐ
U+51E1|bhiæm
U+51ED|bhiəng bhiə̀ng
U+51F0|*huɑng huɑng
U+51F6|xiong
U+51FA|*chuit
U+51FD|hæm
U+5200|*dɑu
U+5201|deu
U+5203|njìn
U+5206|*biən bhiə̀n
U+5207|tset
U+520E|miə̌n
U+5211|heng
U+5217|liɛt
U+521D|*chriu
U+5220|shran
U+5224|pɑ̀n
U+5225|*bhyɛt
U+5229|*lì
U+522E|guæt
U+5230|*dɑ̀u
U+5233|ko
U+5236|jiɛ̀i
U+523A|lɑt tsiɛk tsiɛ̀
U+523B|kək
U+5247|tzək
U+524A|siɑk
U+524C|lɑt
U+524D|*dzhen
U+5254|tek
U+5256|pǒu
U+525B|gɑng
U+525C|guɑn
U+525D|pak
U+5261|zhiɛ̌m
U+526A|*tziɛ̌n
U+5272|*gɑt
U+5275|chriɑ̀ng
U+527A|liə
U+527D|piɛ̀u
U+5283|huɛk
U+5287|*ghiæk
U+5288|pek
U+5289|*liou
U+528D|*gi(u)æ̀m
U+5292|*gi(u)æ̀m
U+529B|*liək
U+529F|*gung
U+52A0|ga
U+52A3|liuɛt
U+52A9|jrhiù
U+52AA|nǒ
U+52AB|kiæp
U+52BE|hək
U+52C1|giɛ̀ng
U+52C3|bhət
U+52C5|tjiək
U+52C7|*iǒng
U+52C9|myɛ̌n
U+52D2|lək
U+52D5|*dhǔng
U+52D9|miò
U+52DD|*shiə̀ng
U+52DE|*lɑu lɑ̀u
U+52DF|mò
U+52E2|*shiɛ̀i
U+52E4|*ghiən
U+52F3|*xiuən
U+52F8|*kiuæ̀n
U+52FF|*miət
U+5300|uin
U+5305|bau
U+5306|tsung
U+5308|xiong
U+5316|*xuɑ̀
U+5317|*bək
U+5319|zhiɛ
U+5320|dzhiɑ̀ng
U+5321|*kiuɑng
U+5323|hap
U+532A|piə̌i
U+532F|huə̌i
U+5339|*pit
U+533F|niək
U+5340|gou kio
U+5341|*zhip
U+5343|*tsen
U+5347|*shiəng
U+5348|ngǒ
U+5349|xiuə̀i xiuə̌i
U+534A|bɑ̀n
U+5351|biɛ
U+5352|*tzuət tsuət tzuit
U+5353|djak
U+5354|hep
U+5357|*nom
U+535A|*bɑk bɑk
U+535C|*buk
U+5360|jiɛm
U+5370|qìn
U+5371|*ngyuɛ
U+5374|*kiɑk
U+5377|*gyuɛ̌n gyuɛ̀n
U+5379|suit
U+537B|*kiɑk
U+537D|*tziək
U+537F|*kiæng
U+539A|hòu hǒu
U+539F|*ngiuæn
U+53A5|giuæt
U+53AD|*qiɛ̀m
U+53B2|*liɛ̀i
U+53BB|*kiù
U+53C2|*chrim shrim tsom
U+53C8|*hiòu
U+53CA|*ghyip
U+53CB|hiǒu
U+53CD|*biæ̌n
U+53D6|*tsiǒ
U+53D7|*zhiǒu
U+53DF|*sǒu
U+53E2|*dzhung
U+53E3|*kǒu
U+53E4|*gǒ
U+53E5|*giò
U+53E9|kǒu
U+53EA|*jǐɛ
U+53EB|gèu
U+53EC|djhiɛ̀u
U+53EF|*kɑ̌
U+53F0|*təi
U+53F1|chit
U+53F2|*shriə̌
U+53F3|*hiòu
U+53F8|*siə
U+5401|xio
U+5404|*gɑk
U+5408|*hop
U+5409|git
U+540C|*dhung
U+540D|*miæng
U+540F|*liə̀
U+5410|*tǒ
U+5411|*xiɑ̀ng
U+541B|*giuən
U+541E|*tən
U+541F|*ngyim
U+5420|bhiæ̀i
U+5426|biǒu
U+542B|*hom
U+542E|jhuǐn
U+5433|*ngo
U+5434|*ngo
U+5438|xyip
U+5439|*chiuɛ chiuɛ̀
U+543B|miə̌n
U+543C|xòu xǒu
U+543E|*ngo
U+5440|nga xa
U+5442|*liǔ
U+544A|*gɑ̀u
U+544E|*jiɛ̌
U+5466|giəu
U+5468|*jiou
U+5473|*miə̀i
U+5475|xɑ
U+547B|shin
U+547C|*xo
U+547D|*miæ̀ng
U+5484|duɑt duət
U+5486|bhɑu
U+548C|*huɑ huɑ̀
U+548D|xəi
U+548E|ghiǒu
U+548F|hiuæ̀ng
U+54A4|djà
U+54A8|tzi
U+54AC|gǎu
U+54B7|dhɑu
U+54B8|*hæm
U+54BD|*qet
U+54C0|*qəi
U+54C1|pǐm
U+54E1|hyuɛn
U+54E5|gɑ
U+54E6|ngɑ
U+54ED|*kuk
U+54F2|djiɛt
U+54F3|djɛt
U+54FA|bhò
U+5507|jhuin
U+550F|*xiə̌i xiə̀i
U+5510|dhɑng
U+552F|*ui
U+5531|*chiɑ̀ng
U+5533|lèi
U+5544|*duk djak
U+5546|*shiɑng
U+554F|*miə̀n
U+5556|dhɑ̌m
U+555C|chiuɛt
U+555E|qà
U+557C|*dhei
U+557E|*tziou
U+5584|*zhiɛ̌n
U+5598|chiuɛ̌n
U+559A|huɑ̀n
U+559C|*xiə̌
U+559D|xɑt
U+559E|tziək
U+55A7|*xiuæn
U+55AA|*sɑ̀ng
U+55AC|ghyɛu
U+55AE|*zhiɛn dɑn
U+55BB|iò
U+55C1|*dhei
U+55D4|chin
U+55DA|*qo
U+55DF|*tzia
U+55E3|ziə̀
U+55E4|chiə
U+55F7|ngɑu
U+5606|tɑn tɑ̀n
U+5608|dzhɑu
U+5609|ga
U+5614|qou qǒu
U+5617|*zhiɑng
U+562F|*sèu
U+5632|djau
U+5634|tziuɛ̌
U+5636|*sei
U+5649|dhɑ̌m
U+5653|xiu xiù
U+5668|kyì
U+566A|sɑ̀u
U+566B|qiə
U+566C|zhiɛ̀i
U+566D|gèu
U+5674|pən
U+56AC|bhin
U+56B1|xyɛ̀
U+56B4|*ngiæm
U+56BC|dzhiɑk
U+56C0|djiuɛ̀n
U+56CA|*nɑng
U+56D1|jiok
U+56D3|nget
U+56DA|zhiou
U+56DB|*sì
U+56DE|*huəi
U+56E0|*qin
U+56F0|*kuə̀n
U+56F7|kyun
U+56FA|*gò
U+5703|bǒ
U+5709|ngiǔ
U+570B|*guək
U+570D|*hiuəi
U+5712|*hiuəi
U+5713|*hyuɛn
U+5716|*dho
U+5718|dhuɑn
U+571F|*tǒ
U+5728|*dzhə̌i
U+572D|*guei
U+572F|iə
U+5730|*dhì
U+573B|ghiəi
U+5742|biæ̌n
U+5747|guin
U+574A|biɑng
U+574E|*kǒm
U+5750|*dzhuɑ̀ *dzhuɑ̌
U+5751|kæng
U+5761|pɑ
U+5764|*kuən
U+5766|tɑ̌n
U+5773|qau
U+577C|*tjæk
U+5782|*zhiuɛ
U+5793|gəi
U+579E|*djhæk
U+57A0|ngiən ngyin
U+57A2|gǒu
U+57A3|hiuæn
U+57C3|*qəi
U+57CB|*mæi
U+57CE|*zhiɛng
U+57DF|hiuək
U+57F7|jip
U+57FA|giə
U+57FD|*sɑ̌u
U+5802|*dhɑng
U+5805|*gen
U+5806|*duəi
U+581E|dhep
U+582A|*kom
U+582F|*ngəu
U+5831|*bɑ̀u
U+5834|*djhiɑng
U+5835|dǒ
U+584A|kuɑ̀i
U+584B|iuɛng
U+5852|zhiə
U+5854|tɑp
U+5857|*dho
U+5858|*dhɑng
U+585A|*djiǒng
U+585E|*sək *sə̀i
U+5861|dhen
U+5862|qǒ
U+5864|xiuæn
U+586B|dhen
U+5875|*djhin
U+5879|tsiɛ̀m
U+5880|*djhi
U+5887|*giæ̌ng
U+5889|iong
U+5893|mò
U+589C|*djhuì
U+589E|*tzəng
U+589F|kiu
U+58A8|mək
U+58AE|dhuɑ̌
U+58B3|*bhiən
U+58C1|bek
U+58C7|dhɑn
U+58C8|lǒm
U+58D1|*xɑk
U+58D3|*qap qiɛp
U+58D5|hɑu
U+58D8|*luǐ
U+58DA|lo
U+58DE|huæ̀i
U+58DF|liǒng
U+58E4|njiɑ̌ng
U+58EB|*jrhiə̌
U+58EF|*jriɑ̀ng
U+58F9|qit
U+58FA|*ho
U+58FB|sèi
U+58FD|zhiòu zhiǒu
U+590F|*hǎ
U+5914|ghyui
U+5915|*ziɛk
U+5916|*nguɑ̀i
U+5919|siuk
U+591A|*dɑ
U+591C|*ià
U+5922|*mùng
U+5924|in
U+5927|*dhɑ̀i
U+5929|*ten
U+592A|*tɑ̀i
U+592B|*bio bhio
U+592D|qyɛ̌u
U+592E|qiɑng
U+5931|*shit
U+5937|i
U+5938|kua
U+593E|*gæp
U+5947|*ghyɛ gyɛ
U+5948|*nɑ̀i
U+5949|*bhiǒng
U+594F|tzòu
U+5951|*kèi ket set
U+5954|*bən
U+5955|iɛk
U+595A|hei
U+5960|dhèn
U+5961|ngɑ̀u
U+5962|shia
U+5967|qɑ̀u
U+596A|*dhuɑt dhuɑt
U+596E|biə̀n
U+5970|bhyì
U+5973|*niǔ *njiǔ
U+5974|*no
U+597D|*xɑ̀u *xɑ̌u
U+5982|*njiu
U+5983|*piəi
U+5984|miɑ̀ng
U+598D|ngen
U+5992|dò
U+5993|ghyɛ̌
U+5996|*qyɛu
U+5999|*miɛ̀u
U+599D|*jriɑng
U+59A4|iu
U+59A5|tuɑ̌
U+59A8|piɑng piɑ̀ng
U+59AC|dò
U+59B2|dɑt
U+59B9|*mə̀i
U+59BB|*tsei
U+59BE|*tsziɛp
U+59CA|tzǐ
U+59CB|*shiə̌
U+59D1|*go
U+59D3|siɛ̀ng
U+59D4|*gyuɛ gyuɛ̌
U+59DA|iɛu
U+59E5|mǒ
U+59E6|gan
U+59E8|i
U+59EC|giə
U+59EE|*həng
U+59FF|*tzi
U+5A01|*qiuəi
U+5A09|piɛng
U+5A11|sɑ
U+5A18|*niɑng
U+5A1F|*qiuɛn
U+5A25|*ngɑ
U+5A31|ngio
U+5A3F|qɑ
U+5A41|lou
U+5A46|bhɑ
U+5A49|qiuæ̌n
U+5A55|tziɛp
U+5A5A|xuən
U+5A62|bhiɛ̌
U+5A66|*bhiǒu
U+5A6A|lom
U+5A92|məi
U+5A95|qom
U+5A9A|myì
U+5AA7|gua
U+5AC1|*gà
U+5ACB|*něu
U+5ACC|*hem
U+5AD6|piɛu
U+5AD7|qiò
U+5ADC|jiɑng
U+5AE6|*həng
U+5AE9|nuə̀n
U+5AEA|lɑ̀u
U+5AEB|mo
U+5B0B|zhiɛn
U+5B0C|*gyɛu
U+5B2A|bhin
U+5B30|qiɛng
U+5B34|iɛng
U+5B3E|lɑ̌n
U+5B43|*niɑng
U+5B4C|liuɛ̌n
U+5B50|*tziə̌
U+5B54|*kǔng
U+5B57|*dzhiə̀ dzhiə̀
U+5B58|*dzuən
U+5B5B|bət bə̀i
U+5B5C|tziə
U+5B5D|xàu
U+5B5F|*mæ̀ng
U+5B63|gì
U+5B64|*go
U+5B65|no
U+5B69|həi
U+5B6B|*suən
U+5B70|*zhiuk zhiuk
U+5B71|jrhiɛn
U+5B78|*hak
U+5B7D|ngiɛt
U+5B85|*djhæk
U+5B87|*hiǒ
U+5B88|*shiǒu
U+5B89|*qɑn
U+5B8B|*sòng
U+5B8C|*huɑn
U+5B8F|huɛng
U+5B93|myit
U+5B97|*tzong
U+5B98|*guɑn
U+5B99|djhiòu
U+5B9A|*dhèng
U+5B9B|qiuæn qiuæ̌n
U+5B9C|*ngyɛ
U+5BA2|*kæk
U+5BA3|*siuɛn
U+5BA4|*shit
U+5BA6|*huàn
U+5BAE|*giung
U+5BB0|*tzə̌i tzə̌i
U+5BB3|*hɑ̀i
U+5BB4|*qěn qèn
U+5BB5|*siɛu
U+5BB6|*ga
U+5BB8|zhin
U+5BB9|*iong
U+5BBF|*siuk siòu
U+5BC2|*dzhek
U+5BC3|qiuæn
U+5BC4|*gyɛ̀
U+5BC5|in
U+5BC6|*myit
U+5BC7|kòu
U+5BCC|*biòu
U+5BD0|mì
U+5BD2|*hɑn
U+5BD3|ngiǒ
U+5BDE|*mɑk
U+5BE1|guǎ
U+5BE2|*tsǐm
U+5BE5|*leu
U+5BE6|*jhit
U+5BE7|*neng neng
U+5BEB|*siǎ
U+5BEC|kuɑn
U+5BEE|leu
U+5BF0|huan
U+5BF5|*tjiǒng
U+5BF6|*bɑ̌u
U+5BF8|*tsuə̀n
U+5BFA|*ziə̀
U+5C01|biong
U+5C04|*jhià ià jhiɛk
U+5C07|*tziɑng *tziɑ̀ng
U+5C08|jiuɛn
U+5C09|qiuə̀i
U+5C0A|*tzuən
U+5C0B|*zim
U+5C0D|*duə̀i
U+5C0E|dhɑ̀u
U+5C0F|*siɛ̌u
U+5C11|*shiɛ̀u *shiɛ̌u
U+5C1A|*zhiɑ̀ng zhiɑ̀ng
U+5C24|*hiou
U+5C31|*dzhiòu
U+5C39|iǔn
U+5C3A|*chiɛk
U+5C3C|ni
U+5C3E|*miə̌i
U+5C40|ghiok
U+5C45|giu
U+5C48|*kiuət ghiuət
U+5C4B|*quk
U+5C4D|shi
U+5C4F|*bheng
U+5C50|ghiæk
U+5C51|set
U+5C53|xyì
U+5C55|*djiɛ̌n
U+5C5B|*bheng biɛ̌ng
U+5C60|*dho
U+5C62|liò
U+5C63|shiɛ̌
U+5C64|*dzhəng
U+5C65|*lǐ
U+5C6C|*jiok zhiok
U+5C6F|dhuən djuin
U+5C71|*shrɛn
U+5C79|ngiət
U+5C7C|*nguət
U+5C8C|ngyip
U+5C90|ghiɛ
U+5C91|jrhim
U+5CA1|gɑng
U+5CA7|dheu
U+5CA9|*ngam
U+5CAB|ziòu
U+5CB1|dhə̀i
U+5CB3|*ngak
U+5CB7|myin
U+5CB8|*ngɑ̀n
U+5CD2|dhung
U+5CDE|nguə̌i
U+5CE8|*ngɑ
U+5CF0|*piong
U+5CF4|hěn
U+5CF6|*dɑ̌u
U+5CFB|suìn
U+5CFD|*hæp
U+5D06|kung
U+5D07|jhriung
U+5D0E|ghiəi
U+5D11|*kuən
U+5D12|dzhuət
U+5D14|tsuəi
U+5D16|*ngɛi
U+5D19|luən
U+5D1F|ngyim
U+5D22|*jrhɛng jrhæng
U+5D26|qyɛm qyɛ̌m
U+5D29|*bəng
U+5D3F|ngɑk
U+5D47|hei
U+5D4B|myi
U+5D4C|kam
U+5D50|lom
U+5D69|*siung
U+5D6C|*nguəi
U+5D6F|*dzhɑ
U+5D72|nget
U+5D78|tzung tzǔng
U+5D7D|dhet
U+5D82|jiɑ̀ng
U+5D87|kio
U+5D94|kyim
U+5DA2|ngeu
U+5DB1|gɑt
U+5DB8|*huɛng
U+5DBA|*liɛ̌ng
U+5DBD|*ngak
U+5DC3|lung lǔng
U+5DC7|xyɛ
U+5DC9|jrham
U+5DCD|ngiuəi
U+5DD2|luɑn
U+5DD4|*den
U+5DD6|*ngam
U+5DD8|ngiæ̌n
U+5DDD|*chiuɛn
U+5DDE|*jiou
U+5DE1|zuin
U+5DE2|*jrhau
U+5DE5|gung
U+5DE6|tzɑ̌
U+5DE7|kǎu
U+5DE8|ghiǔ
U+5DEB|*mio
U+5DEE|*chriɛ
U+5DF1|giə̌
U+5DF2|*iə̌
U+5DF4|*ba
U+5DF5|jiɛ
U+5DF7|*hàng
U+5DFE|*gin
U+5E00|tzop
U+5E02|*zhiə̌
U+5E03|*bò
U+5E06|*bhiæm
U+5E0C|xiəi
U+5E16|tep
U+5E19|djhit
U+5E1A|jiǒu
U+5E1B|bhæk
U+5E1D|*dèi
U+5E25|shruì
U+5E28|chiuɛ̀i shiuɛ̀i
U+5E2B|*shri
U+5E2D|*ziɛk
U+5E33|*djiɑ̀ng
U+5E36|*dɑ̀i
U+5E37|hyui
U+5E38|*zhiɑng
U+5E3D|*mɑ̀u
U+5E43|*hiuəi
U+5E44|qak
U+5E45|biuk
U+5E54|mɑ̀n
U+5E55|*mɑk
U+5E58|jrɛk
U+5E59|*mɑk
U+5E61|piæn
U+5E70|xiæ̌n
U+5E72|*gɑn gɑn
U+5E73|*bhiæng
U+5E74|*nen
U+5E77|*biɛng
U+5E78|hɛ̌ng
U+5E79|gɑ̀n
U+5E7C|qiə̀u
U+5E7D|*qiəu
U+5E7E|*giə̌i giəi
U+5E87|bì
U+5E8A|*jrhiɑng
U+5E95|*děi
U+5E97|dèm
U+5E9A|gæng
U+5E9C|*biǒ
U+5EA6|*dhò dhɑk
U+5EA7|*dzhuɑ̀
U+5EAD|*dheng
U+5EB3|bhiɛ̌
U+5EB6|shiù
U+5EB7|kɑng
U+5EB8|iong
U+5EBE|iǒ
U+5EC1|chriə̀
U+5EC2|siɑng
U+5EC4|giòu
U+5EC8|hǎ
U+5EC9|liɛm
U+5ED3|kuɑk
U+5EDA|djhio
U+5EDD|siɛ
U+5EDF|*myɛ̀u
U+5EE2|*biæ̀i
U+5EE3|*guɑ̌ng
U+5EEA|lǐm
U+5EEC|*liu
U+5EF6|*iɛn
U+5EF7|*dheng
U+5EFA|*giæ̀n
U+5EFB|*huəi
U+5F04|*lùng
U+5F08|iɛk
U+5F0A|bhiɛ̀i
U+5F0B|iək
U+5F0F|shiək
U+5F13|*giung
U+5F14|*dèu
U+5F15|*ǐn
U+5F18|huəng
U+5F1F|*dhěi
U+5F26|*hen
U+5F27|ho
U+5F2D|miɛ̌
U+5F31|njiɑk
U+5F35|*djiɑng
U+5F37|*ghiɑng ghiǎng
U+5F48|*dhɑn dhɑ̀n
U+5F4A|*ghiɑng
U+5F4C|miɛ
U+5F4E|quan
U+5F57|hiuɛ̀i ziuɛ̀i zui
U+5F5D|i
U+5F62|*heng
U+5F64|dong
U+5F66|bgyɛ̀n
U+5F69|*tsə̌i
U+5F6B|*deu
U+5F71|*qiæ̌ng
U+5F79|*iuɛk
U+5F7C|*byɛ̌
U+5F81|*jiɛng
U+5F82|dzho
U+5F83|*hiuɑ̌ng
U+5F85|*dhə̌i
U+5F87|zuìn
U+5F8A|*huəi
U+5F8B|luit
U+5F8C|*hǒu hòu
U+5F90|*ziu
U+5F91|*gèng
U+5F92|*dho dho
U+5F97|*dək
U+5F98|*bhəi
U+5F9E|*dzhiong tsiong
U+5FA1|*ngiù
U+5FA7|*biɛ̀n
U+5FA9|*bhiuk bhiòu
U+5FAA|zuin
U+5FAE|*miəi
U+5FB5|*djiəng
U+5FB7|dək
U+5FB9|djhiɛt tjiɛt
U+5FBC|gèu
U+5FBD|xiuəi
U+5FC3|*sim
U+5FC5|*bit
U+5FCC|ghiə̀
U+5FCD|*njǐn
U+5FD7|*jiə̀
U+5FD8|*miɑng miɑ̀ng
U+5FD9|mɑng
U+5FDD|těm
U+5FE0|djiung
U+5FE4|ngò
U+5FEB|kuài
U+5FF5|*nèm
U+5FFB|xiən
U+5FFD|*xuət
U+5FFF|piə̀n piə̌n
U+600F|qiɑ̀ng
U+6012|*nǒ nò
U+6015|pà
U+601B|dɑt
U+601D|*siə siə̀
U+6021|iə
U+6025|*gyip
U+6027|*siɛ̀ng
U+6028|*qiuæ̀n
U+602A|*guæ̀i
U+602F|*kiæp
U+6031|tsung
U+6033|xiuɑ̌ng
U+6035|tjuit
U+6043|zhiə̌
U+6046|*həng
U+604D|xuɑ̌ng
U+6050|*kiǒng
U+6059|iɑ̀ng
U+6062|kuəi
U+6063|tzì
U+6065|*tjiə̌
U+6068|*hə̀n
U+6069|*qən
U+606D|giung
U+606F|*siək
U+6070|kæp
U+6084|*tsiɛ̌u
U+6089|sit
U+608C|dhèi
U+6094|xuə̌i
U+609B|tsiuɛn
U+609F|*ngò
U+60A0|*iou
U+60A3|huàn
U+60A6|*iuɛt
U+60B2|*byi
U+60B4|dzhuì
U+60B5|*tjiɑ̀ng
U+60B8|ghuì
U+60BC|dhɑ̀u
U+60BD|*tsei
U+60C5|*dzhiɛng
U+60C6|*tjiou
U+60CB|quɑ̀n
U+60D5|tek
U+60D8|miɑ̌ng
U+60DA|xuət
U+60DC|*siɛk
U+60DF|*ui ui
U+60E0|*huèi
U+60E1|*qɑk qò
U+60F3|*siɑ̌ng
U+60F9|ngiǎ
U+60FB|*chriək
U+6100|tsiɛ̌u
U+6101|*jrhiou
U+6106|kyɛn
U+6108|*iǒ
U+610F|qiə̀
U+611A|*ngio
U+611B|*qə̀i
U+611C|kep
U+611F|*gǒm
U+6127|*gyuì
U+612C|sò
U+6134|*chriɑ̀ng
U+6137|kə̌i
U+613F|ngiuæn
U+6144|lit
U+6148|*dzhiə
U+614B|tə̀i
U+614E|*zhìn
U+6155|mò
U+6158|*tsǒm
U+615A|dzhɑm
U+615C|myǐn
U+615F|dhùng
U+6160|ngɑ̀u
U+6162|màn
U+6163|guɑ̀n
U+6167|huèi
U+6168|kə̀i
U+616E|liù
U+6170|qiuə̀i
U+6175|zhiong
U+6176|kiæ̀ng
U+6177|kɑ̌ng
U+6182|*qiou
U+618E|tzəng
U+6190|*len
U+6191|*bhiəng
U+6194|dzhiɛu
U+61A4|bhiə̌n
U+61A8|kyɛ̀i
U+61B2|*xiæ̀n
U+61B6|*qiək
U+61C7|kə̌n
U+61C9|*qiəng *qiə̀ng
U+61CA|qɑ̀u
U+61E6|nuɑ̀
U+61F2|djhiəng
U+61F6|lɑ̌n
U+61F7|*huæi
U+61F8|*huen
U+61FC|ghiò
U+61FD|*xuɑn
U+61FE|jiɛp
U+6200|*liuɛ̀n
U+6208|*guɑ
U+620D|*shiò
U+620E|*njiung
U+6210|*zhiɛng
U+6211|*ngɑ̌
U+6212|gæ̀i
U+6216|*huək
U+621A|tsek
U+621B|gat
U+621F|giæk
U+6221|kom
U+6222|jrip
U+622A|dzhet
U+622E|*liuk
U+6230|*jiɛ̀n
U+6232|*xyɛ̀
U+6234|də̀i
U+6237|*hǒ
U+623F|*bhiɑng
U+6240|*shriǔ
U+6241|*piɛn
U+6243|gueng
U+6247|*shiɛ̀n
U+6248|hǒ
U+6249|*biəi
U+624B|*shiǒu
U+624D|*dzhəi
U+6253|děng
U+6263|*kǒu kòu
U+6276|*bhio
U+6279|pei
U+627F|*zhiəng
U+6289|guet
U+628A|*bǎ
U+6291|qiək
U+6295|*dhou
U+6297|kɑ̀ng
U+6298|*jiɛt
U+629B|pau
U+62AB|*pyɛ
U+62B1|*bhɑ̌u
U+62B5|děi
U+62B9|*mɑt
U+62BD|*tjiou
U+62C2|*piət
U+62C6|*tjæk
U+62CD|pæk
U+62D2|ghiǔ
U+62D3|tɑk
U+62D4|*bhat
U+62D8|gio
U+62D9|*jiuɛt
U+62DB|*jiɛu
U+62DC|*bæ̀i
U+62ED|shiək
U+62F1|*giǒng
U+62F3|ghyuɛn
U+62FD|iɛ̀i
U+62FE|zhip
U+6301|*djhiə
U+6302|*guɛi
U+6307|*jǐ
U+6309|qɑ̀n
U+6311|dheu teu
U+632F|*jìn
U+6331|sɑ
U+633A|dheng
U+633D|miæ̌n
U+6349|jrak
U+634B|luɑt
U+6350|iuɛn
U+6355|bhò
U+6367|piǒng
U+6368|shiǎ
U+6369|let
U+636B|mən
U+6372|*gyuɛ̌n
U+6376|jiuɛ̌
U+6377|dzhiɛp
U+6383|*sɑ̌u sɑ̀u
U+6387|duɑt
U+6388|zhiòu
U+6389|dhèu
U+638C|*jiɑ̌ng
U+638E|gyiɛ̌
U+6392|*bhæi
U+6396|iɛk
U+6398|ghiuæt ghiuət
U+639B|*guɛ̀i
U+63A0|liɑk
U+63A1|*tsə̌i
U+63A2|tɑm tɑ̀m
U+63A3|chiɛt
U+63A5|*tziɛp
U+63A7|*kùng
U+63A8|tuəi
U+63A9|*qyɛ̌m
U+63AC|giuk
U+63BE|iuɛ̀n
U+63C0|gɛ̌n
U+63D0|dhei zhiɛ
U+63D2|*chræp
U+63D6|qip
U+63DA|*iang
U+63DB|*huɑ̀n
U+63E1|qak
U+63EE|*xiuəi
U+63F4|hiuæn
U+640F|bɑk pɑk
U+6414|*sɑu
U+641C|shrǎu shriou
U+6425|duəi
U+642A|dhɑng
U+6434|gyɛ̌n
U+6447|*iɛu
U+6450|chrang dzhiong
U+6458|djɛk
U+645B|tjiɛ
U+6467|*dzhuəi
U+6469|*mɑ
U+646D|jiɛk
U+6475|shrɛk
U+6476|dhuɑn
U+647B|shræ̌m
U+6487|pet
U+6490|*tjæ̌ng
U+6492|sɑt
U+6493|nǎu
U+649A|něn
U+649D|xyuɛ
U+64A5|*bɑt
U+64A9|leu lěu
U+64AB|*piǒ
U+64B0|jrhiuɛ̌n
U+64B2|puk
U+64BB|tɑt
U+64BC|hǒm
U+64C1|*qiǒng
U+64C5|zhiɛ̀n
U+64C7|djhæk
U+64CA|*gek
U+64CD|tsɑu tsɑ̀u
U+64CE|ghiæng
U+64D2|ghyim
U+64D7|bɛk
U+64DA|*giù
U+64E2|djhak
U+64E3|*dɑ̌u
U+64EC|ngiə̌
U+64F2|*djhiɛk
U+64F7|het xet
U+64FA|bɛ̌i
U+64FE|njiɛ̌u
U+64FF|*djhiɛk
U+6500|*pan
U+650F|lǔng
U+6514|*lɑn
U+651C|*huei
U+651D|shiɛp
U+6522|dzhuɑn
U+6523|liuɛn
U+652A|gǎu
U+652C|lɑ̌m
U+652F|jiɛ
U+6536|*shiou shiòu
U+6538|iou
U+6539|*gə̌i
U+653B|gong gung
U+653E|*biɑ̀ng
U+6545|*gò
U+6548|hàu
U+6551|*giòu
U+6555|tjiək
U+6556|ngɑu
U+6557|bhài
U+6559|*gau gàu
U+655D|bhiɛ̀i
U+655E|chiɑ̌ng
U+6562|*gɑ̌m
U+6563|*sɑ̀n
U+6566|duəi
U+6567|gyɛ kyɛ
U+656C|*giæ̀ng
U+6572|kau
U+6574|jiɛ̌ng
U+6575|*dhek
U+6577|pio
U+6578|*shriò *shriǒ
U+6582|liɛ̀m liɛ̌m
U+6583|bhiɛ̀i
U+6586|gàu
U+6587|*miən
U+6591|ban
U+6597|*dǒu
U+6599|*lèu
U+659B|huk
U+659C|*zia
U+659F|jim
U+65A5|chiɛk
U+65A7|biǒ
U+65AB|jiɑk
U+65AC|*jræ̌m
U+65AF|*siɛ
U+65B0|*sin
U+65B7|*dhuɑ̌n
U+65B9|*biɑng
U+65BD|*shiɛ shiɛ shiɛ̀
U+65C1|*bhɑng
U+65C3|jiɛn
U+65C4|*mɑu
U+65C5|*liǔ
U+65C6|bhɑ̀i
U+65CB|*ziuɛn
U+65CC|*tziɛng
U+65CE|niɛ̌
U+65CF|dzhuk
U+65D2|liou
U+65D6|qyɛ̌
U+65D7|*ghiə
U+65DB|piæn
U+65E3|*giə̀i
U+65E5|*njit
U+65E6|dɑ̀n
U+65E8|jǐ
U+65E9|*tzɑ̌u
U+65EC|zuin
U+65F0|gɑ̀n
U+65FB|myin
U+6602|*ngɑng
U+6606|guən
U+6607|*shiəng
U+660A|*hɑ̌u
U+660C|chiɑng
U+660E|*miæng
U+660F|*xuən
U+6613|*iɛ̀ iɛk
U+6614|*siɛk
U+661F|*seng
U+6620|*qiæ̀ng
U+6625|*chuin
U+6627|*mə̀i
U+6628|*dzhɑk
U+662D|*jiɛu
U+662F|*zhiɛ̌
U+6635|nit
U+6642|*zhiə
U+664B|*tzìn
U+664F|qàn qèn qěn
U+665A|*miæ̌n
U+665D|*djiòu
U+665E|xiəi
U+6661|bo
U+6666|xuə̀i
U+6668|*jhin zhin
U+666F|*giæ̌ng *qiæ̌ng
U+6674|*dzhiɛng
U+6676|tziɛng
U+667A|djiɛ̀
U+667C|*qiuæ̌n
U+6687|hà
U+6688|ngiuən
U+6689|*xiuəi
U+6691|shiǔ
U+6696|*nuɑ̌n
U+6697|*qòm
U+669D|*mèng meng
U+66A2|tjiɑ̀ng
U+66A8|gyì
U+66AB|*dzhɑ̀m
U+66AE|*mò
U+66B4|bhɑ̀u
U+66C9|*xěu
U+66D9|*zhiù
U+66DC|iɛ̀u
U+66E0|*kuɑ̀ng
U+66E6|xyɛ
U+66F0|*hiuæt
U+66F2|*kiok
U+66F3|*iɛ̀i
U+66F4|*gæng gæ̀ng
U+66F7|hɑt
U+66F8|*shiu
U+66F9|*dzhɑu
U+66FC|miæ̀n
U+66FE|*dzhəng *tzəng
U+66FF|tèi
U+6700|*tzuɑ̀i
U+6703|*huɑ̀i
U+6708|*ngiuæt
U+6709|*hiǒu
U+670B|bhəng
U+670D|*bhiuk
U+6714|*shrak
U+6717|lɑ̌ng
U+671B|*miɑng miɑ̀ng
U+671D|*djhiɛu *djiɛu
U+671F|*ghiə
U+6723|dhung
U+6726|mung
U+6727|lung
U+6728|*muk
U+672A|*miə̀i
U+672B|mɑt
U+672C|*bə̌n
U+672D|jrat
U+6731|*jio zhio
U+6735|duɑ̌
U+673D|xiǒu
U+6746|*gɑn
U+6748|chrɛ̀i
U+6749|shræm
U+674E|*liə̌
U+674F|hæ̌ng
U+6750|*dzhəi
U+6751|*tsuən
U+6753|zhiɑk
U+6755|dhèi
U+6756|*dhjiɑ̌ng
U+675C|*dhǒ
U+675E|kiə̌
U+675F|*shiok
U+676A|miɛ̌u
U+676F|*bəi
U+6771|*dung
U+6772|gɑ̌u
U+6773|*qěu
U+6775|chiǔ
U+6777|bha
U+677E|*ziong
U+677F|bǎn
U+6789|*qiuɑ̌ng
U+6790|sek
U+6792|nga
U+6795|*jǐm
U+6797|*lim
U+679A|miɛ̌u
U+679C|*guɑ̌
U+679D|*jiɛ
U+67AF|*ko
U+67B3|gyɛ̌ jiɛ̌
U+67BB|iɛ̀i
U+67C4|biæ̀ng
U+67CF|*bæk
U+67D3|njiɛ̀m njiɛ̌m
U+67D4|njiou
U+67DA|iòu
U+67DD|tɑk
U+67DF|nom
U+67EF|gɑ
U+67F1|*djhiǒ
U+67F3|*liǒu
U+67F4|*jrhɛi
U+6816|*sei
U+6817|*lit
U+6821|gàu hàu
U+682A|djio
U+6839|*gən
U+683C|gæk
U+6841|hɑ̀ng
U+6842|*guèi
U+6843|*dhɑu
U+6848|qɑ̀n
U+684E|jit
U+6850|*dhung
U+6851|*sɑng
U+6853|huɑn
U+6877|gak
U+6881|*liɑng
U+6885|*məi
U+688F|gok
U+6893|tziə̌
U+6894|jiɛ
U+6897|gæ̌ng
U+689D|*dheu
U+689F|keu
U+68A2|shrau
U+68A7|*ngo
U+68A8|*li
U+68AD|suɑ
U+68AF|tei
U+68B3|*shriu
U+68B5|bhiæ̀m
U+68C3|*li
U+68C4|*kì
U+68C6|luin
U+68C9|*miɛn
U+68CB|ghiə
U+68D7|tzɑ̌u
U+68D8|*giək
U+68DF|dùng
U+68E0|dhɑng
U+68E7|jrhàn
U+68EE|*shrim
U+68F1|ləng lə̀ng
U+68F2|*sei
U+68F9|*djhàu
U+68FA|guɑn
U+6900|quɑ̌n
U+690D|djhiə̀
U+690E|djhui
U+6912|tziɛu
U+6936|tzung
U+693D|djhiuɛn
U+694A|*iɑng
U+6953|*biung
U+695A|*chriǔ
U+696B|tziɛp
U+696D|*ngiæp
U+6975|*ghiək
U+6978|tsiou
U+6979|iɛng
U+6986|io
U+6995|iong
U+699B|jrin
U+699C|bæ̀ng bɑ̀ng
U+69A6|gɑ̀n
U+69AD|zià
U+69AE|*hiuæng
U+69B4|liou
U+69BB|tɑp
U+69C1|gɑ̌u
U+69CB|gòu
U+69CD|tsiɑng
U+69CE|jrha
U+69D0|hiəi huɛi
U+69E9|gə̀i
U+69EA|gə̀i
U+69F3|tziɑ̌ng
U+69FF|giə̌n
U+6A02|*lɑk *ngak
U+6A13|*lou
U+6A17|chio
U+6A19|*biɛu
U+6A1B|giəu
U+6A1E|chio
U+6A23|iɑ̀ng
U+6A35|*dzhiɛu
U+6A38|pak
U+6A39|*zhiò *zhiǒ
U+6A3D|*tzuən
U+6A48|njiɛu
U+6A4B|*ghyɛu
U+6A50|tɑk
U+6A58|*guit
U+6A59|djhɛng
U+6A5F|*giəi
U+6A61|ziɑ̌ng
U+6A66|dhung djhang jiong
U+6A6B|*huæng guɑ̀ng
U+6A80|dhɑn
U+6A84|hek
U+6A90|*iɛm
U+6A9D|tziɛp
U+6AA2|gyɛ̌m
U+6AA3|dzhiɑng
U+6ABB|hǎm
U+6AC2|*djhàu
U+6ADA|liu
U+6ADB|jrit
U+6AEA|lek
U+6AF3|lung
U+6AFB|qɛng
U+6B03|chram
U+6B04|*lɑn
U+6B0A|*ghyuɛn
U+6B12|luɑn
U+6B20|kiuæ̀m
U+6B21|tsì
U+6B23|xiən
U+6B32|*iok
U+6B38|qə̌i
U+6B39|gyɛ
U+6B3A|kiə
U+6B3B|xiuət
U+6B3D|kim
U+6B3E|kuɑn
U+6B47|*xiæt
U+6B4C|*gɑ
U+6B4E|*tɑn tɑ̀n
U+6B50|qǒu
U+6B58|xiuət
U+6B5B|liɛ̀m liɛ̌m
U+6B61|*xuɑn
U+6B62|*jiə̌
U+6B63|*jiɛ̀ng
U+6B64|*tsiɛ̌
U+6B65|*bhò
U+6B66|*miǒ
U+6B67|ghiɛ
U+6B72|*siuɛ̀i
U+6B77|*lek
U+6B78|*giuəi
U+6B7B|*sǐ
U+6B7E|mət
U+6B89|zuìn
U+6B8A|*zhio
U+6B98|*dzhɑn
U+6B9E|hyuǐn
U+6BB2|tziɛm
U+6BB7|*qiən qiə̌n qɛn
U+6BBA|*shrat *shræ̀i
U+6BBC|kak
U+6BBF|*dhèn
U+6BC5|ngiə̀i
U+6BCB|mio
U+6BCD|*mǒu
U+6BCF|*mə̌i
U+6BD2|dhok
U+6BD4|*bǐ bhi bì
U+6BDB|*mɑu
U+6BEB|hɑu
U+6BFF|som
U+6C0A|jiɛn
U+6C0F|*zhiɛ̌ jiɛ
U+6C11|min
U+6C1B|piən
U+6C23|*kiə̀i
U+6C33|qiuən
U+6C34|*shuǐ
U+6C38|*hiuæ̌ng
U+6C40|teng
U+6C42|*ghiou
U+6C4E|*piæ̀m
U+6C57|*hɑ̀n hɑn
U+6C5D|*njiǔ
U+6C5F|*gang
U+6C60|*cjhiɛ
U+6C61|qo qò
U+6C68|mek
U+6C69|guət
U+6C6A|quɑng
U+6C70|tɑ̀i
U+6C72|*gyip
U+6C74|bhyɛ̀n
U+6C76|miə̀n
U+6C7E|bhiən
U+6C83|qok
U+6C85|ngiuæn
U+6C88|*djhim shǐm
U+6C89|*djhim
U+6C90|muk
U+6C93|dhop
U+6C99|*shra
U+6CA1|*mət
U+6CAC|mɑt
U+6CAE|dzhiǔ tsiu tziù
U+6CB1|dhɑ
U+6CB3|*ha
U+6CB8|piə̀i
U+6CB9|iou
U+6CBB|djhiə djhiə̀ djhì
U+6CBC|jiɛ̌u
U+6CBD|*go gò
U+6CBE|*djiɛm
U+6CBF|*iuɛn
U+6CC1|*xiuɑ̀ng
U+6CC4|siɛt
U+6CC9|*dzhiuɛn
U+6CCA|*bhɑk
U+6CD5|*biæp
U+6CD7|sì
U+6CDB|*piæ̀m
U+6CDD|sò
U+6CE0|leng
U+6CE2|*bɑ
U+6CE3|*kyip
U+6CE5|*nei nèi
U+6CE8|jiò
U+6CEB|huěn
U+6CEF|mǐn
U+6CF1|qiɑng
U+6CF3|hiuæ̀ng
U+6D04|*huəi
U+6D0B|iɑng
U+6D0E|ghyì
U+6D17|*sěi
U+6D1B|*lɑk
U+6D1E|*dhùng dhung
U+6D25|*tsin
U+6D29|iɛ̀i
U+6D2A|*hung
U+6D2E|tɑu
U+6D32|*jiou
U+6D36|xiǒng
U+6D3B|huɑt
U+6D3E|pɛ̀i
U+6D41|*liou
U+6D63|huɑ̌n
U+6D64|huɛng
U+6D65|gyip
U+6D66|*pǒ
U+6D69|*hɑ̌u
U+6D6A|*lɑ̀ng lɑng
U+6D6E|*bhiou
U+6D74|iok
U+6D77|*xə̌i
U+6D78|tzìm
U+6D87|geng
U+6D88|siɛu
U+6D89|zhiɛp
U+6D8C|*iǒng
U+6D8E|ziɛn
U+6D93|*guen
U+6D95|*tèi
U+6DAF|*ngɛi
U+6DB2|iɛk
U+6DB5|*hom
U+6DB8|hɑk
U+6DBC|*liɑng
U+6DCB|*lim
U+6DD1|zhiuk
U+6DD2|*tsei
U+6DD9|czhong jrhang
U+6DDA|*luì
U+6DDE|siong
U+6DE1|*dhɑ̀m *dhɑ̌m
U+6DE8|*dzhiɛ̀ng
U+6DE9|liəng
U+6DEE|*huæi
U+6DF1|*shim
U+6DF3|zhuin
U+6DF7|huə̌n
U+6DF9|*gyɛm
U+6DFA|*tsiɛ̌n
U+6DFB|*tem
U+6DFC|miɛ̌u
U+6E05|*tsiɛng
U+6E0C|liok luk
U+6E1A|*jiǔ
U+6E1B|gæ̌m
U+6E1D|io
U+6E20|ghio
U+6E21|*dhò
U+6E26|guɑ
U+6E2C|chriək
U+6E2D|*hiuə̀i
U+6E34|kɑt
U+6E38|*iou
U+6E3A|*miɛ̌u
U+6E3C|myǐ
U+6E3E|huən huə̌n
U+6E4A|tsòu
U+6E4D|tuɑn
U+6E53|bhən
U+6E56|*ho
U+6E58|*siɑng
U+6E5B|djhæ̌m
U+6E5F|huɑng
U+6E67|*iǒng
U+6E6B|tsiou
U+6E6F|tɑng
U+6E72|hyɛn
U+6E90|*ngiuæn
U+6E96|juǐn
U+6E9C|liòu
U+6E9D|gou
U+6E9F|meng
U+6EA2|qit
U+6EA7|lit
U+6EAA|*kei
U+6EAB|quən
U+6EB6|iong
U+6EBA|nek
U+6EBC|*ship
U+6EC2|pɑng
U+6EC4|*tsɑng
U+6EC5|*miɛt
U+6ECB|*tziə
U+6ECC|dhek
U+6ED3|tziə̌
U+6ED4|tɑu
U+6EEF|*djhiɛ̀i
U+6EF4|*dek
U+6EFE|guən
U+6EFF|*mɑ̌n
U+6F01|*ngiu
U+6F02|piɛu
U+6F06|tsit
U+6F0F|*lòu
U+6F13|liɛ
U+6F14|iɛ̌n
U+6F15|dzhɑ̀u
U+6F20|*mɑk
U+6F22|*xɑ̀n
U+6F23|liɛn
U+6F2A|qyE
U+6F2B|*mɑn *mɑ̀n
U+6F31|shriòu sòu
U+6F32|dzhiɑ̀ng
U+6F33|djiɑng
U+6F35|ziǔ
U+6F38|*dzhiɛ̌m
U+6F3E|*iɑ̌ng iɑ̀ng
U+6F3F|*tziɑng
U+6F41|iuɛ̌ng
U+6F4F|guet
U+6F54|get
U+6F58|pɑn
U+6F5B|*dzhiɛm
U+6F62|huɑng
U+6F64|njuìn
U+6F66|lɑ̀u
U+6F6D|*dhom
U+6F6E|*djhiɛu
U+6F6F|zim
U+6F78|shran shrǎn
U+6F7A|jrhɛn
U+6F7C|*dhung
U+6F7E|lin
U+6F80|shrip
U+6F84|*djhiəng djhiæng
U+6F86|keu
U+6F8C|siɛ
U+6F92|hǔng
U+6F97|*gɑ̀n
U+6FA4|*djhæk
U+6FA6|iò
U+6FA7|lěi
U+6FB9|*dhɑ̀m *dhɑ̌m
U+6FC0|*gek
U+6FC1|djhak
U+6FC3|*niong
U+6FD5|*ship
U+6FDB|mung
U+6FDF|tzèi
U+6FE0|hɑu
U+6FE1|njio
U+6FE4|*dhɑu
U+6FE9|huɑk
U+6FEF|*djhak
U+6FF1|*bin
U+6FFA|tziɛ̀n
U+7001|*iɑ̌ng iɑ̀ng
U+7009|siǎ
U+700D|djhiɛn
U+7011|bhuk
U+701A|hɑ̀n
U+701B|iɛng
U+701F|*seu
U+7026|djiu
U+7027|shrang
U+7028|lɑ̀i
U+7030|miɛ miɛ̌
U+703C|njiɑng
U+703E|*lɑn lɑ̀n
U+7043|piung
U+704C|guɑ̀n
U+7051|*shrǎ shri shriɛ̀ shriɛ̌ shrɛ̌i
U+7058|*tɑn
U+705E|bà
U+7063|quan
U+7069|iɛ̀m
U+706B|*xuɑ̌
U+7070|*xuəi
U+707C|jiɑk
U+707D|tzəi
U+708A|*chiuɛ
U+708E|*hyɛm
U+7099|jiɛk
U+70AC|*ghiǔ
U+70AD|tɑ̀n
U+70B3|biæ̌ng
U+70C8|*liɛt
U+70CF|*qo
U+70DC|xiuæ̌n
U+70DD|jiəng
U+70DF|qen
U+70F9|pæng
U+70FD|*piong
U+7109|*qyɛn hyɛn
U+711A|bhiən
U+7121|*mio
U+7126|tziɛu
U+7136|*njiɛn
U+714C|huɑng
U+714E|tziɛn
U+7156|*nuɑ̌n
U+7159|qen
U+7165|xuɑ̀n
U+7167|*jiɛ̀u
U+7169|*bhiæn
U+716C|iɑ̀ng
U+716E|jiǔ
U+718A|*hiung
U+718F|*xiuən
U+7192|hueng
U+7199|xiə
U+719F|*zhiuk
U+71B1|*njiɛt
U+71B3|mɑ̀n
U+71C0|chiɛ̌n jiɛ̌n
U+71C3|njiɛn
U+71C4|iɛ̌m
U+71C8|*dəng
U+71CE|liɛ̀u liɛ̌u
U+71D2|*shiɛu
U+71D5|*qen *qèn
U+71DF|*iuɛng iuɛng
U+71E0|qiuk
U+71E5|sɑ̌u
U+71E7|zuì
U+71ED|*jiok
U+71FC|zìn
U+71FE|dhɑ̀u
U+720D|shiɑk
U+7210|*lo
U+721B|*lɑ̀n lɑ̀n
U+722A|jrǎu
U+722D|*jrɛng
U+7230|hiuæn
U+7232|*hyuɛ *hyuɛ̀
U+7236|*bhiǒ
U+723A|ia
U+723D|shriɑ̌ng
U+723E|*njiɛ̌ njiɛ̌
U+7240|*jrhiɑng
U+7246|*dzhiɑng
U+7247|*pèn
U+7248|bǎn
U+724B|tzen
U+7253|bɑ̌ng
U+7255|*chrang
U+7256|iǒu
U+7259|*nga
U+725B|*ngiou
U+7262|lɑu
U+7267|*miuk
U+7269|*miət
U+7272|shræng
U+7279|dhək
U+727D|*ken kèn
U+7280|sei
U+7282|lei
U+7292|kɑ̀u
U+7296|lak
U+72A7|xyɛ
U+72AD|*kuěn
U+72AF|bhiæ̌m
U+72C0|jrhiɑ̀ng
U+72C2|*ghiuɑng
U+72D0|*ho
U+72D2|bhiə̀i
U+72D6|iòu
U+72D7|gǒu
U+72D9|tsiu
U+72E1|gǎu
U+72E9|shiòu
U+72F8|liə
U+72F9|hæp
U+72FB|suɑn
U+72FC|*lɑng
U+72FD|bɑ̀i
U+730A|ngei
U+7317|gyɛ
U+731B|*mæ̌ng
U+731C|tsəi
U+7325|quə̌i
U+7328|*hiuæn
U+7329|*shræng
U+7330|qat
U+7331|nɑu
U+7334|hou
U+7336|*iou
U+7337|iou
U+733F|*hiuæn
U+7345|shri
U+7368|*dhuk
U+7372|huɛk
U+7375|*liɛp
U+7378|*shiòu
U+737B|*xiæ̀n
U+737C|miɛ
U+7384|*huen
U+7387|luì shruit
U+7389|*ngiok
U+738B|*hiuɑng hiuɑ̀ng
U+73A6|guet
U+73A9|nguɑ̀n
U+73B2|*leng
U+73B3|dhə̀i
U+73C0|pæk
U+73C2|kɑ
U+73C9|myin
U+73CA|sɑn
U+73CD|*djin
U+73D3|gàu
U+73E0|*jio
U+73EA|guei
U+73ED|ban
U+73EE|*bhə̀i
U+7405|lɑng
U+7406|*liə̌
U+7409|liou
U+7425|xǒ
U+742C|qiuæ̌n
U+7430|iɛ̌m
U+7433|lim
U+7434|*ghyim
U+7435|*bhi
U+7436|*bha
U+7441|mɑ̀u mə̀i
U+7455|ha
U+7459|nɑ̌u
U+745A|ho
U+745F|*shrit
U+7463|*suɑ̌
U+7469|hiuæng qèng
U+746A|mǎ
U+7476|iɛu
U+7483|liɛ
U+7485|tzɑ̌u
U+74A3|giəi
U+74A7|biɛk
U+74AB|dɑng
U+74B0|*huan
U+74BD|siɛ̌
U+74CA|ghiuɛng
U+74CC|guəi
U+74CF|*lung
U+74DC|*gua
U+74E2|*bhiɛu
U+74E6|nguǎ
U+7501|bheng
U+7504|gyɛn
U+7511|tziə̀ng
U+7515|qùng
U+7516|qɛng
U+7518|*gɑm
U+751A|*zhǐm zhìm
U+751F|*shræng
U+7522|shrɛ̌n
U+7528|*iòng
U+752B|biǒ
U+7530|*dhen
U+7531|*iou
U+7532|*gap
U+7533|shin
U+7537|*nom
U+754B|dhen dhèn
U+754C|gæ̀i
U+754F|*qiuə̀i
U+7554|*bhɑ̀n
U+7559|*liou
U+755D|mǒu
U+7562|*bit
U+7564|djhiə̌ jiə̌
U+7566|huei
U+7567|liɑk
U+756B|*huɛ̀i huɛk
U+756C|shia
U+7570|*iə̀
U+7576|*dɑng dɑ̀ng
U+757F|ghiəi
U+7586|giɑng
U+758A|*dhep
U+758E|*shriu
U+758F|*shriu shriù
U+7591|*ngiə
U+75B2|bhyɛ
U+75B4|qɑ
U+75B5|dzhiɛ
U+75B9|jǐn
U+75BE|*dzhit
U+75C5|*bhiæ̀ng
U+75CA|tsiuɛn
U+75CD|i
U+75D5|*hən
U+75DB|*tùng
U+7621|chriɑng
U+7626|*shriòu
U+7634|chriɑng
U+7643|liung
U+7658|liɛ̀i
U+7661|tjiə
U+767B|*dəng
U+767C|*biæt
U+767D|*bhæk
U+767E|*bæk
U+7684|dek
U+7686|*gæi
U+7687|*huɑng
U+768B|gɑu
U+768E|*gěu
U+7693|hɑ̌u
U+76A4|bhɑ
U+76AE|bhyɛ
U+76B4|tsuin
U+76BA|jriòu
U+76C3|*bəi
U+76C8|*iɛng
U+76CC|quɑ̌n
U+76CD|hɑp
U+76CE|qɑ̀ng qɑ̌ng
U+76DB|*zhiɛ̀ng
U+76DC|*dhɑ̀u
U+76E1|*dzhǐn
U+76E3|gam gàm
U+76E4|*bhɑn bhɑn
U+76E7|*lo
U+76EA|dhɑ̌ng
U+76EE|*miuk
U+76F1|xio
U+76F3|mæng
U+76F4|*djhiək *djhiə̀
U+76F8|*siɑng *siɑ̀ng
U+76FC|pɛ̀n
U+7701|*shræ̌ng siɛ̌ng
U+7704|mèn měn
U+7707|miɛ̌u
U+7709|*myi
U+770A|mɑ̀u
U+770B|*kɑn kɑ̀n
U+771F|*jin
U+7720|*men
U+7725|dzhiɛ̌
U+7729|huèn
U+7737|gyuɛ̀n
U+7738|miou
U+773A|tèu
U+773C|*ngɛ̌n
U+7740|*djiɑk djiɑk
U+7747|dhèi
U+7752|shiɛ̌m
U+7757|shiɛk
U+775B|tziɛng
U+7761|zhuiɛ̀
U+7762|xiuɛ xyui
U+777F|iuɛ̀i
U+778B|chin
U+77A5|piɛt
U+77AD|leu lěu
U+77B3|dhung
U+77BB|jiɛm
U+77BF|ghio
U+77DA|jiok
U+77DB|miou
U+77DC|giəng
U+77E2|shǐ
U+77E3|*hiə̌
U+77E5|*djiɛ
U+77E9|giǔ
U+77ED|*duɑ̌n
U+77EF|gyɛ̌u
U+77F0|tzəng
U+77F3|*zhiɛk
U+7802|*shra
U+780C|tsèi
U+780D|kǒm
U+7827|*djim
U+782F|pɛng
U+7830|pɛng
U+7834|*pɑ̀
U+7849|luət
U+7860|lɑng
U+7864|*hæp
U+786C|ngɛ̀ng
U+786E|hak
U+786F|ngèn
U+7881|ghiə
U+788E|*suə̀i
U+7891|*byɛ
U+7893|duə̀i
U+78A3|ghiæt ghiɛt
U+78A7|*biɛk
U+78CA|luəi
U+78CB|tsɑ
U+78D0|bhɑn
U+78D3|duəi
U+78D4|djæk
U+78D5|kɑp
U+78E7|tsiɛk
U+78E8|*mɑ
U+78EC|kèng
U+78EF|giəi
U+78F4|də̀ng
U+78F5|*gàn
U+7919|ngə̀i
U+792A|liɛ̀i
U+793A|jhì
U+793E|zhiǎ
U+7940|ziə̌
U+7941|ghyi
U+7947|*jiɛ̌ ghiɛ
U+7948|ghiəi
U+7956|*tzǒ
U+7957|*jiɛ̌
U+795A|dzhò
U+795B|kiu
U+795D|jiuk
U+795E|*jhin
U+7960|*ziə
U+7965|ziɑng
U+7967|teu
U+796D|*tziɛ̀i
U+7972|tzìm
U+797F|luk
U+7981|*gyìm
U+798D|huɑ̌
U+798F|biuk
U+79A6|ngiǔ
U+79A8|giəi
U+79AA|*zhiɛn zhiɛ̀n
U+79AE|*lěi
U+79B0|něi
U+79B1|dɑ̀u dɑ̌u
U+79B9|*hiǒ
U+79BD|*ghyim
U+79BE|huɑ
U+79C0|*siòu
U+79C1|*si
U+79C3|tuk
U+79C9|biæ̌ng
U+79CC|*tsiou
U+79D1|kuɑ
U+79DF|tzo
U+79E3|mɑt
U+79E6|*dzhin
U+79E9|djhit
U+79FB|*iɛ
U+7A00|*xiəi
U+7A09|gæng
U+7A0B|djhiɛng
U+7A0D|*shràu
U+7A0E|shiuɛ̀i
U+7A1A|*djhì
U+7A1C|ləng
U+7A1F|byǐm
U+7A20|djhiou
U+7A2E|*jiòng jiǒng
U+7A31|*chiəng chiə̀ng
U+7A37|tziək
U+7A3B|dhɑ̀u
U+7A3D|gei kěi
U+7A46|miuk
U+7A4D|*tziɛk
U+7A4E|iuɛ̌ng
U+7A69|quə̌n
U+7A70|njiɑng njiɑ̌ng
U+7A74|*huet
U+7A79|kiung
U+7A7A|*kung kùng
U+7A7F|*chiuɛn tjæng tjæ̀ng
U+7A81|*tuət
U+7A84|*jræk
U+7A85|*qěu
U+7A88|*qěu
U+7A95|dhěu
U+7A97|*chrang
U+7A9F|*kuət
U+7AA0|kuɑ
U+7AA3|suət
U+7AAE|*ghiung
U+7AB6|ghiǒ
U+7AB8|sit
U+7ABA|*kiuɛ
U+7AC4|*tsuɑ̀n
U+7AC7|dhòu
U+7AC8|tzɑ̀u
U+7ACA|*tset
U+7ACB|*lip
U+7ADF|*giæ̀ng
U+7AE0|*jiɑng
U+7AE5|*dhung
U+7AED|ghyɛt
U+7AEF|*duɑn
U+7AF6|*ghiæ̀ng
U+7AF9|*djiuk
U+7AFD|hio
U+7AFF|*gɑn
U+7B0F|xuət
U+7B11|*siɛ̀u
U+7B19|*shræng
U+7B1B|*dhek
U+7B1E|djhiɛ
U+7B20|lip
U+7B26|bhio
U+7B2C|*dhèi
U+7B31|gǒu
U+7B33|*ga
U+7B46|*byit
U+7B49|*də̌ng
U+7B4B|giən
U+7B4C|tsiuɛn
U+7B4D|suǐn
U+7B50|kiuɑng
U+7B52|dhung
U+7B54|*dop
U+7B56|*chrɛk
U+7B60|hyun
U+7B6F|djhiù
U+7B72|shrau
U+7B75|*iɛn
U+7B84|biɛ
U+7B86|bei
U+7B87|gɑ̀
U+7B8B|tzen
U+7B8F|*jrɛng
U+7B94|bhɑk
U+7B9C|kung
U+7BA1|*guɑ̌n
U+7BAD|*tziɛ̀n
U+7BB1|siɑng
U+7BB8|djhiù
U+7BC0|*tzet
U+7BC1|huɑng
U+7BC7|*piɛn
U+7BC9|djiuk
U+7BCB|kep
U+7BCC|hou
U+7BDA|biəi
U+7BEA|djhiɛ
U+7BF2|ziuɛ̀i
U+7C07|tsuk
U+7C1E|dɑn
U+7C1F|*dhěm
U+7C21|gɛ̌n
U+7C2A|*jrim
U+7C2B|*seu
U+7C34|ghiǒ
U+7C37|*iɛm
U+7C3E|*liɛm
U+7C4C|djhiou
U+7C4D|dzhiɛk
U+7C59|liok
U+7C5E|ngiǔ
U+7C5F|lɑ̀i
U+7C60|*lung lǔng
U+7C6C|*liɛ
U+7C73|měi
U+7C89|*biə̌n
U+7C92|lip
U+7C97|dzhǒ tso
U+7C9F|siok
U+7CA7|*jriɑng
U+7CB1|liɑng
U+7CB2|tsɑ̀n
U+7CB9|suì
U+7CBE|*tziɛng
U+7CD2|bhyì
U+7CD7|kiǒu
U+7CDC|myɛ
U+7CDE|biə̀n
U+7CDF|tzɑu
U+7CE7|liɑng
U+7CF2|liɛ̀i
U+7CF4|dhek
U+7CFE|giə̌u
U+7D00|giə̌
U+7D04|qiɑk
U+7D05|*hung
U+7D06|qio
U+7D07|huət
U+7D08|huɑn
U+7D0B|miən
U+7D0D|*nop
U+7D17|*shra
U+7D19|jiɛ̌
U+7D1B|*piən
U+7D20|*sò
U+7D22|shræk shrɛk sɑk
U+7D2B|*tziɛ̌
U+7D2F|liuɛ̀ liuɛ̌
U+7D30|*sèi
U+7D39|zhiɛ̌u
U+7D42|*jiung
U+7D43|*hen
U+7D44|tzǒ
U+7D46|bɑ̀n
U+7D50|*get
U+7D55|*dzhiuɛt
U+7D5B|tɑu
U+7D61|lɑk
U+7D66|gyip
U+7D6E|*siù
U+7D71|tòng
U+7D72|*siə
U+7D73|gàng
U+7D79|giuɛ̀n
U+7D7A|djhi
U+7D83|siɛu
U+7D8C|kiæk
U+7D93|*geng
U+7DA0|*liok
U+7DA2|djhiou
U+7DAC|zhiǒu
U+7DAD|ui
U+7DB1|gɑng
U+7DB2|miɑ̌ng
U+7DB4|djiuɛ̀i
U+7DB5|*tsə̌i
U+7DB8|*luin
U+7DBA|*kyɛ̌
U+7DBB|djhɛ̀n
U+7DBD|chiɑk
U+7DBF|*miɛn
U+7DCB|biəi
U+7DD2|ziǔ
U+7DD7|siɑng
U+7DD8|gæm
U+7DDA|siɛ̀n
U+7DDC|*miɛn
U+7DE1|myin
U+7DE3|*iuɛn
U+7DE8|ben
U+7DE9|huɑ̌n
U+7DEA|gə̀ng
U+7DEB|*tzǔng
U+7DEC|miɛ̌n
U+7DEF|hiuə̀i
U+7DF1|gou
U+7DF2|*miɛ̌u
U+7DF4|lèn
U+7E08|qiuɛng
U+7E1B|*bhiɑk
U+7E1E|gɑ̀u gɑ̌u
U+7E23|*huèn
U+7E2B|bhiong
U+7E2D|liɛ
U+7E2E|shriuk
U+7E31|tziong tziòng
U+7E37|liǒ
U+7E39|piɛ̌u
U+7E3B|myɛ
U+7E3D|*tzǔng
U+7E41|*bhiæn
U+7E46|miəu
U+7E50|huèi siuɛ̀i
U+7E54|*jiək
U+7E55|zhiɛ̀n
U+7E5E|*njiɛ̌u njiɛ̀u
U+7E61|*siòu
U+7E69|jhiəng
U+7E6B|*gèi
U+7E6D|gěn
U+7E73|jiɑk
U+7E79|iɛk
U+7E7C|*gèi
U+7E86|mək
U+7E88|het
U+7E8A|kuɑ̀ng
U+7E8C|ziok
U+7E8F|*dhjiɛn
U+7E93|*qiɛng
U+7E94|*dzhəi
U+7E96|*siɛm
U+7E9B|dhok dhɑ̀u
U+7E9C|*lɑ̀m
U+7F3A|*kuet
U+7F47|*tzuən
U+7F4D|luəi
U+7F4F|*lo
U+7F58|bhiou
U+7F5B|go
U+7F5D|tzia
U+7F5F|gǒ
U+7F65|guěn
U+7F6A|dzhuə̌i
U+7F6E|*djiə̀
U+7F70|*bhɛ̌i bhiæt
U+7F72|zhiǔ
U+7F73|siə
U+7F77|bhyɛ *bhɛ̌i
U+7F79|liɛ
U+7F7E|tzəng
U+7F85|*la
U+7F86|*byɛ
U+7F87|*gyɛ
U+7F88|*gyɛ
U+7F8A|iɑng
U+7F8C|*kiɑng
U+7F8E|*myǐ
U+7F9E|*siou
U+7FA4|*ghiuɛn
U+7FA8|ziɛ̀n
U+7FA9|ngyɛ̀
U+7FAF|giæt
U+7FB2|*xyɛ
U+7FB6|shiɛn
U+7FB8|liuɛ
U+7FB9|gæng
U+7FBD|*hiǒ
U+7FBF|ngèi
U+7FC1|qung
U+7FC5|*shiə̌
U+7FCA|iək
U+7FCE|leng
U+7FD2|zip
U+7FD4|*ziɑng
U+7FE0|*tsuì
U+7FE1|*bhiə̀i
U+7FE5|jiù
U+7FE6|*tziɛ̌n
U+7FE9|*piɛn
U+7FEB|nguɑ̀n
U+7FEC|xiuəi
U+7FEE|hɛk
U+7FF0|hɑ̀n
U+7FF3|qèi
U+7FF9|ghiɛu
U+7FFA|ngɑu
U+7FFB|*piæn
U+7FFC|*iək
U+7FFE|xiuɛn
U+8000|iɛ̀u
U+8001|*lɑ̌u
U+8003|kɑ̌u
U+8004|mɑ̀u
U+8005|*jiǎ
U+800B|dhet
U+800C|*njiə
U+8010|nə̀i
U+8015|*gɛng
U+8017|xɑ̀u
U+8028|nòu
U+8030|qiou
U+8033|*njiə̌
U+8036|ia
U+803D|dom
U+803F|*gɛ̌ng
U+8046|leng
U+804A|leu
U+8052|guɑt
U+8056|*shiɛ̀ng
U+805A|dzhiò
U+805E|*miən
U+806F|*liɛn
U+8070|tsung
U+8072|*shiɛng
U+8073|siǒng
U+8077|jiək
U+807D|*teng tèng
U+807E|lung
U+8085|*siuk
U+8086|sì
U+8089|*njiuk
U+808C|gyi
U+8096|siɛ̀u
U+8098|djiǒu
U+809D|*gɑn
U+80A1|gǒ
U+80A2|jiɛ
U+80A5|*bhiəi
U+80A9|gen
U+80AF|*kə̌ng
U+80B2|iuk
U+80BA|piæ̀i
U+80CC|*bə̀i
U+80DD|dji
U+80E1|*ho
U+80E5|siu
U+80F8|xiong
U+80FD|*nəng
U+8102|*ji
U+8105|xiæp
U+8106|tsiuɛ̀i
U+8108|mɛk
U+811A|giɑk
U+811B|hèng hěng
U+8123|jhuin
U+8129|*siou
U+812F|biǒ
U+8131|*tuɑt
U+813E|bhiɛ
U+8150|*bhiǒ
U+8153|bhiəi
U+8155|quɑ̀n
U+8165|seng
U+8166|nɑ̌u
U+816E|səi
U+8170|*qiɛu
U+8173|giɑk
U+8174|io
U+8178|*djhiɑng
U+8179|*biuk
U+818F|gɑu gɑ̀u
U+819A|*bio
U+819D|sit
U+81A0|gau
U+81A9|nì
U+81B3|zhiɛ̀n
U+81BA|qiəng
U+81BD|dɑ̌m
U+81BE|guɑ̀i
U+81C2|biɛ̀
U+81C6|qiək
U+81C9|læ̌m
U+81CA|sɑu
U+81CD|dzhei
U+81D8|lɑp
U+81E3|*zhin
U+81E5|nguɑ̀
U+81E8|*lim
U+81EA|*dzhì
U+81EC|nget
U+81ED|chiòu
U+81F3|*jì
U+81F4|*djì
U+81FA|*dhəi
U+81FB|jrin
U+81FC|ghiǒu
U+81FE|io
U+8202|shiong
U+8204|siɛk
U+8205|ghiǒu
U+8207|*iǔ iu
U+8208|*xièng *xiəng
U+8209|*giǔ
U+820A|*ghiòu
U+820D|*shià
U+8212|*shiu
U+8214|tèm
U+8215|tɑ̀m
U+821B|shuìn
U+821E|*miǒ
U+821F|*jiou
U+8220|*dɑu
U+822A|hɑng
U+822B|biɑ̀ng
U+8232|leng
U+8233|djhiuk
U+8237|hen
U+8238|gɑ̌
U+8239|*jhiuɛn
U+8258|seu sɑu
U+826B|lo
U+826F|liɑng
U+8271|*gɛn
U+8272|*shriək
U+828A|tsen
U+828B|hiò
U+8292|mɑng
U+8299|*bhio
U+829F|shram
U+82AC|piən
U+82AD|ba
U+82AE|njiuɛ̀i
U+82B0|ghyiɛ̀
U+82B1|*xua
U+82B3|*piɑng
U+82BC|mɑ̀u
U+82BD|nga
U+82D1|*qiuæ̌n
U+82D2|njiɛ̌m
U+82D4|*dhəi
U+82D7|myɛu
U+82DB|hɑ
U+82DC|miuk
U+82DE|bau
U+82E5|*njiɑk
U+82E6|*kǒ
U+82F1|*qiæng
U+82F6|nep net njiɛt
U+82FB|bhio
U+8302|*mòu
U+8303|bhiæ̌m
U+8305|*mau
U+830D|gǒu
U+8328|dzhi
U+832B|*mɑng
U+8331|zhio
U+8332|*tziə dzhiə
U+8335|qin
U+8336|djha
U+8338|njiong
U+8347|hæ̌ng
U+8349|*tsɑ̌u
U+834A|*giæng
U+834F|njǐm
U+8351|dhei
U+8352|*xuɑng
U+8354|lèi liɛ̀
U+8377|hɑ hɑ̌
U+837B|dhek
U+838A|jriɑng
U+838E|suɑ
U+8393|məi
U+8396|*hɛng
U+839E|guɑn huɑn
U+83AB|*mɑk
U+83BD|*mɑ̌ng
U+83C1|tziɛng
U+83C9|liok
U+83CA|*giuk
U+83D1|jriə
U+83DC|tsèi
U+83DF|dho
U+83E1|hǒm
U+83E2|bhɑ̀u
U+83EF|*hua huà
U+83F0|go
U+83F1|*liəng
U+83F2|piəi piə̌i
U+83FC|tɑ̌m
U+8404|dhɑu
U+840A|*ləi
U+840B|*tsei
U+840D|bheng
U+840E|qyuɛ
U+840F|dhǒm
U+842C|*miæ̀n
U+8438|io
U+843C|ngɑk
U+843D|*lɑk
U+8445|jriu
U+8449|*iɛp
U+8451|biong
U+8457|*djiù *djiɑk djhiɑk
U+845B|gɑt
U+8461|bho
U+8463|dǔng
U+8466|hiuə̌i
U+846C|*tzɑ̀ng
U+846D|ga
U+8471|tsung
U+8473|qiuəi
U+8475|ghui
U+8479|shiɛ
U+8490|shriou
U+8499|*mung
U+84A8|tsèn
U+84B2|*bho
U+84B8|jiəng jiɛng
U+84B9|gem
U+84BC|*tsɑng
U+84BF|*hɑu
U+84C4|xiuk
U+84C9|*iong
U+84CB|*gɑ̀i
U+84D1|suɑ
U+84EC|*bhung
U+84EE|*len
U+84FD|bit
U+84FF|siuk
U+8513|*miæ̀n
U+8515|dèi
U+8517|jià
U+851A|qiuət
U+8521|*tsɑ̀i
U+852C|shriu
U+852D|qyìm
U+853B|xòu
U+853D|biɛ̀i
U+8543|biæn
U+8549|tziɛu
U+854A|njuǐ
U+8559|huei
U+8564|njui
U+8568|kiuæt
U+8569|*dhɑ̌ng dhɑng tɑng
U+856A|*mio
U+856D|*seu
U+8584|*bhɑk
U+8587|miəi
U+858A|gèi
U+858B|dzhi
U+8594|dzhiɑng
U+859C|bhèi
U+85A4|hæ̀i
U+85A6|*tzèn
U+85AA|sin
U+85B0|*xiuən
U+85BA|dzhi
U+85BF|ngiə̌
U+85C1|gɑ̌u
U+85C9|dzhià
U+85CD|lɑm
U+85CE|zìn
U+85CF|*dzhɑng dzhɑng
U+85DC|lei
U+85DD|ngiɛ̀i
U+85E4|*dhəng
U+85E5|*iɑk
U+85E9|bhiæn
U+85F9|qɑ̀i
U+85FB|tzɑ̌u
U+85FF|xuɑk
U+8602|njiuɛ̌
U+8604|ghiə
U+8606|*lo
U+8607|*so
U+860B|*bhin
U+861A|siɛ̌n
U+862D|*lɑn
U+863F|*lɑ
U+864E|*xǒ
U+8650|ngiɑk
U+8654|ghyɛn
U+8655|*chiù *chiǔ
U+865B|*xiu
U+865E|*ngio
U+865F|*hɑu hɑ̀u
U+8662|guæk
U+8667|kyuɛ
U+866C|kiəu
U+866F|kiəu
U+8679|gàng gùng hung
U+868D|bhi
U+86A4|tzɑ̌u
U+86A9|chiə
U+86C4|go
U+86C7|*jhia tɑ
U+86D9|qua
U+86DF|*gau
U+86E9|ghiong
U+86FA|gep
U+86FE|*ngɑ
U+8700|*zhiok
U+8702|biong
U+8703|zhin
U+8709|bhiou
U+870D|zhiu
U+8712|dhěn
U+8729|dheu
U+873B|tseng
U+874C|kuɑ
U+8755|*jhiək
U+8758|qěn
U+8759|ben
U+875F|hiuə̀i
U+8760|biuk
U+8765|mau
U+8766|ha
U+8768|shrit
U+876E|piuk
U+8774|ho
U+8776|*tep dhep
U+878E|*iung
U+8798|*ngyɛ̌
U+87A2|*hueng
U+87AD|tjiɛ
U+87BB|lou
U+87BD|jiung
U+87BF|tziɑng
U+87C4|djhip
U+87C6|*ma
U+87E0|bhɑn
U+87E2|xiə̌
U+87E3|giə̌i
U+87EA|huek
U+87EC|*zhiɛn
U+87F2|*djhiung
U+87FB|*ngyɛ̌
U+87FE|zhiɛm
U+8805|iəng
U+8806|tjài
U+881F|*lɑp
U+8821|lěi
U+8822|chuǐn
U+8832|guen
U+8836|*dzhom
U+883B|*man
U+8840|*xuet
U+8846|*jiùng
U+884C|*hæng *hɑng
U+884D|iɛ̀n
U+8853|jhuit
U+8857|gæi gɛi
U+885B|*hiuɛ̀i
U+885D|chiong
U+885E|*hiuɛ̀i
U+8861|*hæng
U+8862|*ghio
U+8863|*qiəi qièi
U+8868|*biɛ̌i
U+886B|shram
U+886E|guə̌n
U+8870|*shrui chriuɛ
U+8871|ghyɛp giæp
U+8877|djiong
U+887E|*kyim
U+887F|*gyim
U+8881|hiuæn
U+8882|miɛ̀i
U+888D|*bhɑu
U+8896|*ziòu
U+889E|guə̌n
U+88AB|*bhyɛ̌
U+88B4|kò
U+88B7|gæp
U+88C1|*dzhəi
U+88C2|*liɛt
U+88CA|*něu
U+88CB|zhiǒ
U+88CF|*liə̌
U+88D8|*ghiou
U+88D9|ghiuən
U+88DB|qip
U+88DC|*bǒ
U+88DD|jriɑng
U+88E8|bhiɛ
U+88EF|djhiou
U+88F3|*zhiɑng
U+88F9|guɑ̌
U+88FE|giu
U+8907|*bhiòu
U+890A|biɛ̌n
U+8910|hɑt
U+8912|bɑu
U+8925|njiok
U+892D|něu
U+8930|kyɛn
U+8937|shriɛ
U+8944|*siɑng
U+895F|*gyim
U+8966|njio
U+896A|miæt
U+896F|tsìn
U+8972|zip
U+897F|*sei
U+8981|*qiɛ̀u
U+8986|*piòu bhiuk
U+898B|*gèn
U+898F|giuɛ
U+8993|*mek
U+8996|*zhǐ zhì
U+89A9|dǒ
U+89AA|*tsin
U+89AC|gyì
U+89BA|*gak
U+89BD|lɑ̌m
U+89BF|dhek
U+89C0|*guɑn guɑ̀n
U+89D2|*gak
U+89DC|tziuɛ̌
U+89E3|*gɛ̌i
U+89F0|dja
U+89F1|bit hiuət
U+89F4|*shiɑng
U+89F8|chiok
U+89FF|huei xiuɛ
U+8A00|*ngiæn
U+8A07|xuɛng
U+8A08|*gèi
U+8A0A|sìn
U+8A0E|tɑ̌u
U+8A13|xiuə̀n
U+8A16|kiət
U+8A17|*tɑk
U+8A18|giə̀
U+8A1B|nguɑ
U+8A1D|ngà
U+8A1F|ziòng
U+8A23|guet
U+8A2A|*piɑ̀ng
U+8A2D|shiɛt
U+8A31|*xiǔ
U+8A34|sò
U+8A3E|tziɛ
U+8A4E|*ghiǔ
U+8A54|*jiɛ̀u
U+8A5E|*ziə
U+8A60|*hiuæ̀ng
U+8A63|ngèi
U+8A66|*shiə̀
U+8A69|*shiə
U+8A6E|tsiuɛn
U+8A71|huài
U+8A7C|kuə̀i
U+8A85|djio
U+8A87|*kuɑ
U+8A8D|njìn
U+8A91|giuɑ̀ng
U+8A93|*shiɛ̀i
U+8A95|dhɑ̌n
U+8A9A|dzhiɛ̀u
U+8A9E|*ngiǔ ngiù
U+8AA0|*zhiɛng
U+8AA3|mio
U+8AA4|*ngò
U+8AA5|*gɑ̀u
U+8AA6|ziòng
U+8AAC|*shiuɛt shiuɛ̀i
U+8AB0|*zhui
U+8ABC|ngyɛ̀
U+8ABF|*dhèu dheu
U+8AC7|dhɑm
U+8ACB|*tsiɛ̌ng
U+8ACD|jrɛ̀ng
U+8AD2|liɑ̀ng
U+8AD6|*luən luin luə̀n
U+8AE7|hæi
U+8AEB|gàn
U+8AF3|qom
U+8AF7|biùng
U+8AF8|*jiu
U+8B00|*miou
U+8B01|qiæt
U+8B02|*hiuə̀i
U+8B14|xiɑk
U+8B17|bɑ̀ng
U+8B19|kem
U+8B1B|gǎng
U+8B1D|*zià
U+8B20|iɛu
U+8B28|mò
U+8B2B|*djɛk
U+8B33|qou
U+8B3E|màn
U+8B41|xua
U+8B4F|giəi
U+8B58|*shiək
U+8B5F|sɑ̀u
U+8B66|giæ̌ng
U+8B6C|piɛ̀
U+8B70|ngyɛ̀
U+8B74|kiɛ̀n
U+8B77|*hò
U+8B7D|iù
U+8B80|*dhuk
U+8B8A|byɛ̀n
U+8B90|zhiou
U+8B92|jrhæm
U+8B93|*njiɑ̀ng
U+8B96|chrìm
U+8B99|xiuæn xuɑn
U+8C37|*guk iok
U+8C3F|*kei
U+8C41|xuɑt
U+8C46|dhòu
U+8C48|*kiə̌i
U+8C4E|zhiǒ
U+8C50|*piung
U+8C54|*iɛ̀m
U+8C55|shiɛ̌
U+8C57|xuəi
U+8C5A|dhuən
U+8C61|*ziɑ̌ng
U+8C6A|hɑu
U+8C6B|iù
U+8C79|bàu
U+8C7A|jrhæi
U+8C82|*deu
U+8C8C|mak màu
U+8C94|bhi
U+8C99|tjio
U+8C9D|*bɑ̀i
U+8C9E|djiɛng
U+8CA0|*bhiou
U+8CA1|dzhəi
U+8CA2|*gùng
U+8CA7|*bhyin
U+8CAA|tom
U+8CAB|guɑ̀n
U+8CAC|jrɛk
U+8CAF|djiǔ
U+8CB2|tziɛ
U+8CB4|*giuə̀i
U+8CB6|byɛ̌m
U+8CB7|*mɛ̌i
U+8CBB|piə̀i
U+8CBD|iə
U+8CC0|hɑ̀
U+8CC7|tzi
U+8CC8|*gǎ
U+8CCA|*dzhək
U+8CD2|shia
U+8CD3|*bin
U+8CDC|*siɛ̀
U+8CDE|*shiɑ̌ng
U+8CE2|*hen
U+8CE3|*mɛ̀i
U+8CE4|*dzhiɛ̀n
U+8CE6|*biò biò
U+8CEA|*jit
U+8CED|dǒ
U+8CF4|*lɑ̀i
U+8D08|*dzhə̀ng
U+8D0A|tzɑ̀n
U+8D0F|iɛng
U+8D16|jhiok
U+8D64|*chiɛk
U+8D66|shià
U+8D67|nǎn
U+8D6B|xæk
U+8D6D|jiǎ
U+8D70|*tzǒu tzòu
U+8D74|*pio
U+8D77|*kiə̌
U+8D81|tjìn
U+8D85|tjiɛu
U+8D8A|*hiuæt
U+8D99|*djiɛ̀u
U+8DA3|*tsiò
U+8DA8|*tsio
U+8DB3|*tziok
U+8DBF|sop
U+8DCB|bhɑt
U+8DCC|dhet
U+8DCE|*dhɑ
U+8DD5|tep
U+8DD6|jiɛk
U+8DE1|*tziɛk
U+8DE8|kuà
U+8DEA|ghyuɛ̌
U+8DEF|*lò
U+8DF3|dheu
U+8DFC|ghiok
U+8E06|tsuin
U+8E0F|*top
U+8E10|dzhiɛ̌n
U+8E23|bhək
U+8E30|*iu
U+8E34|iǒng
U+8E3C|dhɑ̀ng
U+8E44|*dhei
U+8E47|kiæ̌n
U+8E48|dhɑ̀u
U+8E49|*tsɑ
U+8E4A|hei
U+8E4B|dhɑp
U+8E4F|*dhei
U+8E54|*dzhɑ̀m
U+8E59|tziuk
U+8E64|tziong
U+8E69|bhet
U+8E6C|dhə̀ng
U+8E6D|tsə̀ng
U+8E72|dzhuən
U+8E74|*tziuk tsiuk
U+8E76|giuæt
U+8E81|tzɑ̀u
U+8E87|djhiu
U+8E8A|djhiou
U+8E8B|tzei
U+8E8D|iɑk
U+8E94|djhiɛn
U+8EA0|set
U+8EAB|*shin
U+8EAC|giung
U+8EC0|kio
U+8ECA|*giu chia
U+8ECC|gyuǐ
U+8ECD|*giuən
U+8ED2|*xiæn
U+8EDF|njiuɛ̌n
U+8EEB|jǐn
U+8EF8|djhiuk
U+8EFA|iɛu zhiɛu
U+8EFB|kɑ kɑ̌
U+8F03|gàu
U+8F09|*tzə̀i *tzə̌i dzhə̀i tzə̀i
U+8F0A|djì
U+8F12|djiɛp
U+8F14|*bhiǒ
U+8F15|*kiɛng
U+8F1D|*xiuəi
U+8F1F|djiuɛt
U+8F26|*liɛ̌n
U+8F29|*bə̀i
U+8F2A|*luin
U+8F35|gɑt
U+8F38|shio
U+8F3E|djiɛ̌n
U+8F3F|*iu
U+8F45|hiuæn
U+8F49|*djiuɛ̌n
U+8F4D|djhiɛt
U+8F54|lin
U+8F5F|xuəng
U+8F61|byì
U+8F9B|*sin
U+8F9C|go
U+8F9F|bhiɛk biɛk
U+8FA6|*bhyɛ̌n
U+8FAD|*ziə
U+8FAF|*bhyɛ̌n
U+8FB0|zhin
U+8FB1|njiok
U+8FB2|nong
U+8FC5|*sìn
U+8FCD|djuin
U+8FCE|*ngiæng
U+8FD1|*ghiə̌n
U+8FD4|*biæ̌n
U+8FD5|ngò
U+8FE2|*dheu
U+8FE4|*iɛ iɛ̌
U+8FE5|*huěng
U+8FE6|ga
U+8FEB|*bæk
U+8FED|dhet
U+8FF0|jhuit
U+8FF4|*huəi
U+8FF7|*mei
U+8FF8|bɛ̀ng
U+8FF9|*tziɛk
U+8FFD|*djui
U+9000|*tuə̀i
U+9001|*sùng
U+9003|dhɑu
U+9005|hòu
U+9006|ngiæk
U+900D|siɛu
U+900F|tòu
U+9010|*djhiuk
U+9014|*dho
U+9015|*gèng
U+9017|dhòu
U+901A|*tung
U+901D|zhiɛ̀i
U+901F|suk
U+9020|dzhɑ̌u tsɑ̀u
U+9021|tsuin
U+9022|*bhiong
U+9023|*liɛn
U+902E|dhèi dhə̀i
U+9032|*tzìn
U+9036|*qyuɛ
U+9038|it
U+903C|biək
U+903E|*io
U+9041|dhuə̀n dhuə̌n
U+9042|*zuì
U+9047|*ngiò
U+904A|*iou
U+904B|*hiuə̀n
U+904D|*biɛ̀n
U+904E|*guɑ guɑ̀
U+9050|ha
U+9053|*dhɑ̀u *dhɑ̌u
U+9054|*dhɑt
U+9055|*hiuəi
U+9059|*iɛu
U+905C|suə̀n
U+905D|dhop
U+905E|*dhěi dhèi
U+9060|*hiuæ̌n
U+9063|*kiɛ̌n
U+9069|*shiɛk
U+906D|*tzɑu
U+906E|*jia
U+9072|*djhi
U+9075|tzuin
U+9076|*njiɛ̌u njiɛ̀u
U+9077|*tsiɛn
U+9078|*siuɛ̌n
U+907A|*ui uì
U+907C|*leu
U+907D|ghiù
U+907F|*bhiɛ̀
U+9080|*qiɛu
U+9081|mài
U+9082|hɛ̀i
U+9084|*huan
U+9085|djiɛn
U+9088|mak
U+908A|*ben
U+908F|lɑ̀
U+9090|tjiɛ̌
U+9091|*qyip
U+9095|qiong
U+9097|ghiong
U+90A0|bin
U+90A3|*nɑ nɑ̌
U+90A6|bang
U+90AA|zia
U+90AF|hɑn
U+90B1|*kiou
U+90B3|bhyi
U+90B5|zhiɛ̀n
U+90CA|*gau
U+90DC|gɑ̀u
U+90DE|*lɑng
U+90E1|*ghiuə̀n
U+90E2|iɛ̌ng
U+90E4|*kiɑk
U+90E8|bhǒ
U+90ED|*guɑk
U+90FD|*do
U+9102|ngɑk
U+9115|*xiɑng
U+9119|byǐ
U+911C|pio
U+9120|hǒ
U+9127|dhə̀ng
U+912D|*djiɛ̀ng
U+9130|*lin
U+9132|dɑn
U+9134|ngiæp
U+9139|jriou
U+914A|děng
U+914C|*jiɑk
U+914D|pə̀i
U+9152|*tziǒu
U+9163|*hɑm
U+9164|*go gò hǒ
U+9169|měng
U+916C|*zhiou zhiou
U+9178|*suɑn
U+9185|pəi
U+9186|jiɛ̌n
U+9189|*tzuì
U+9192|*seng sěng
U+919C|chiǒu
U+919E|qiuə̀n
U+91A2|xə̌i
U+91AC|tziɑ̀ng
U+91B1|pɑt
U+91BA|xiuən
U+91C0|niɑ̀ng
U+91C1|xyìn
U+91C7|*tsə̌i
U+91CB|shiɛk
U+91CC|*liə̌
U+91CD|*djhiong *djhiǒng djhiòng
U+91CE|*iǎ
U+91CF|liɑng liɑ̀ng
U+91D1|*gyim
U+91DC|bhiǒ
U+91DD|*jim
U+91E3|*dèu
U+91E7|chiuɛ̀n
U+91F5|*chrɛi
U+920D|dhuə̀n
U+9215|niǒu
U+921E|guin
U+9234|leng
U+923F|*dhen dhèn
U+9245|ghiǔ
U+925B|iuɛn
U+925E|hiuæt
U+9264|gou
U+9280|*ngyin
U+9285|*dhung
U+9293|tsiuɛn
U+9296|zhio
U+9298|meng
U+929C|*ham
U+92B7|*siɛu
U+92CB|iɛn
U+92D2|piong
U+92E4|jrhiu
U+92E9|miɑng
U+92EA|*po
U+92ED|iuɛ̀i
U+9310|jui
U+9322|*dzhiɛn
U+9326|*gyǐm
U+932B|sek
U+932F|tsò tsɑk
U+934A|lèn
U+9354|ngɑk
U+937C|*jim
U+937E|*jiong
U+9396|*suɑ̌
U+93A9|shræ̀i
U+93AC|hɑ̌u
U+93AE|djìn
U+93C1|*suɑ̌
U+93C7|ziuɛ̀n
U+93D7|kɛng
U+93D8|tsiɑng
U+93DF|chrɛ̌n
U+93E1|*giæ̀ng
U+9403|nau
U+9418|*jiong
U+9419|*dəng
U+942B|tziuɛn
U+9435|*tet
U+9436|*huan
U+943A|chræng
U+9444|jiò
U+9460|shiɑk
U+946A|lo
U+9470|iɑk
U+9471|jhram
U+947D|tzuɑn
U+947E|luɑn
U+947F|dzhɑk
U+9577|*djhiɑng djhiɑ̀ng djhiɑ̌ng
U+9580|*mən
U+9583|shiɛ̌m
U+9589|*bèi
U+958B|*kəi
U+958F|njuìn
U+9591|*hɛn
U+9592|*gɛn *hɛn
U+9593|*gɛn
U+959F|byì
U+95A3|*gɑk
U+95A8|*guei
U+95A9|myin
U+95AB|kuə̌n
U+95AD|liu
U+95B2|iuɛt
U+95B6|*chiɑng
U+95BB|iɛm
U+95BD|xuən
U+95C7|qòm
U+95C8|hiuəi
U+95CA|*kuɑt
U+95CC|*lɑn
U+95D4|*hɑp
U+95D5|*kiuæt
U+95DC|*guan
U+95E2|bhiɛk
U+95E5|tɑt
U+961C|bhiǒu
U+9621|tsen
U+962E|ngiuæ̌n
U+9632|*bhiɑng
U+963B|*jriǔ
U+963F|qɑ
U+9640|dhɑ
U+9642|byɛ pɑ
U+9644|*bhiò
U+964B|lòu
U+964C|*mæk
U+964D|gàng hang
U+9650|*hɛ̌n
U+965B|bhěi
U+9662|*hyuɛ̀n
U+9663|*djhìn
U+9664|*djhiu djhiu
U+966A|bhəi
U+966C|jriou
U+9670|*qim
U+9672|*zhiuɛ
U+9673|*djhin
U+9674|bhiɛ
U+9675|*liəng
U+9676|*dhɑu
U+9677|hæ̀m
U+9678|*liuk
U+967D|*iɑng
U+9684|*dei dhei
U+9685|*ngio
U+9686|*liung
U+9688|quəi
U+968B|ziuɛ
U+968D|huɑng
U+968E|*gæi
U+9694|*gɛk
U+9697|nguə̌i
U+9698|qɛ̀i
U+9699|kiæk
U+969B|*tziɛ̀i
U+969C|*jiɑng jiɑ̀ng
U+96A3|*lin
U+96A8|*ziuɛ
U+96A9|qiuk qɑ̀u
U+96AA|*xyɛ̌m
U+96B1|qiə̌n
U+96B3|xiuɛ
U+96B4|*liǒng
U+96B7|lèi
U+96BC|suǐn
U+96C0|*tziɑk
U+96C1|*ngàn
U+96C4|*hiung
U+96C5|*ngǎ
U+96C6|*dzhip
U+96C9|*djhǐ
U+96CA|gòu
U+96CC|tsiɛ
U+96D5|*deu
U+96D6|*sui
U+96D9|*shrang
U+96DB|jrhio
U+96DC|*dzhop
U+96DE|*gei
U+96E2|*liɛ
U+96E3|*nɑn
U+96E8|*hiǒ
U+96EA|*siuɛt
U+96F2|*hiuən
U+96F6|*leng
U+96F7|*luəi
U+96FB|*dhèn
U+9704|*siɛu
U+9706|dheng
U+9707|jìn
U+970D|xuɑk
U+970F|piəi
U+9711|djiɛm
U+9713|*ngei
U+971C|*shriɑng
U+971E|*ha
U+9727|*miò
U+9730|sèn
U+9732|lò
U+973D|*tzèi
U+973E|mæi
U+9742|lek
U+9744|qɑ̀i
U+9748|*leng
U+9752|*tseng
U+975C|*dzhiɛ̌ng
U+975E|*biəi
U+9761|myɛ̌
U+9762|*miɛ̀n
U+9776|bà
U+978B|hæi hɛi
U+978D|*qɑn
U+9798|shrau
U+979A|kùng
U+97A0|giuk
U+97A6|tsiou
U+97AD|*biɛn
U+97AE|dei
U+97BF|giəi
U+97C0|tzen
U+97C1|giɑng
U+97C6|tsiɛn
U+97CB|hiuəi
U+97D3|*hɑn
U+97DD|gou kou
U+97ED|giǒu
U+97F3|*qyim
U+97F6|zhiɛu
U+97FF|*xiɑ̌ng
U+9802|*děng
U+9803|kiuɛ̌ng
U+9806|*jhuìn
U+9808|*sio sio
U+980C|ziòng
U+980E|ghiəi
U+980F|hɑng
U+9810|iù
U+9811|nguan
U+9813|duə̀n
U+9817|*pɑ pɑ̌
U+9818|liɛ̌ng
U+9821|het
U+9823|iə
U+982D|*dhou
U+9830|gep
U+9837|hòm hǒm
U+9838|giɛ̌ng
U+9839|*dhuəi
U+983B|*bhin
U+9846|kuɑ̌
U+9847|dzhuì
U+984C|*dhei
U+984D|ngæk
U+984F|*ngan
U+9858|*ngiuæ̀n
U+9859|sɑ̌ng
U+985B|den
U+985E|luì
U+9865|*hɑ̌u
U+9866|dzhiɛu
U+9867|*gò
U+986F|xěn
U+9870|bhin
U+98A8|*biung
U+98AD|jiɛ̌m
U+98AF|*sop
U+98BA|*iɑng
U+98BB|iɛu
U+98BC|shriou
U+98C0|liou
U+98C4|*piɛu
U+98C6|biɛu
U+98CA|biɛu
U+98CB|*shrit
U+98DB|*biəi
U+98DC|*piæn
U+98DF|*jhiək
U+98E1|*tsɑn
U+98E2|*gyi giəi
U+98EB|qiù
U+98EF|bhiæ̀n bhiæ̌n
U+98F1|suən
U+98F2|*qyìm *qyǐm
U+98FD|bǎu
U+98FE|shiək
U+9909|shiɑ̀ng
U+990A|*iɑ̌ng
U+990C|njiə̀
U+9910|*tsɑn
U+9913|ngɑ̀
U+9918|*iu
U+991E|dzhiɛ̀n dzhiɛ̌n
U+9927|qyiɛ̀
U+9928|*guɑ̀n
U+994B|ghyuì
U+994C|jrhiuɛ̀n jrhuǎn
U+9951|*giəi
U+9952|njiɛu
U+995E|jrhæm
U+9996|*shiǒu
U+9999|*xiɑng
U+99A8|xeng
U+99AC|*mǎ
U+99AD|*ngiù
U+99AE|bhiung
U+99B2|lɑk tɑk
U+99B3|*djhiɛ
U+99B4|zuin
U+99D0|djiò
U+99D1|no
U+99D2|qio
U+99D5|*gà
U+99DD|*dhɑ
U+99DE|*dhɑ
U+99DF|sì
U+99ED|hæ̀i
U+99F1|lɑk
U+99FF|*tzuìn
U+9A01|tjiɛ̌ng
U+9A05|jui
U+9A08|bhen
U+9A0E|*ghyɛ *ghyɛ̀
U+9A11|biəi
U+9A15|qěu
U+9A27|gua guɛi
U+9A2B|kyɛn
U+9A2E|*liou
U+9A30|*dhəng
U+9A36|jriou
U+9A37|sɑu
U+9A41|ngɑu ngɑ̀u
U+9A42|tsom
U+9A44|*tsung
U+9A45|*kio
U+9A4A|hua
U+9A4D|geu
U+9A55|*gyɛu
U+9A5A|*giæng
U+9A5B|*iɛk
U+9A5F|jrhiou
U+9A62|liu
U+9A64|siɑng
U+9A65|gyì
U+9A69|xuɑn
U+9A6A|*liɛ
U+9AA8|*guət
U+9AB4|dzhiɛ dzhiɛ̀
U+9ABC|gæk
U+9AD3|siuɛ̌
U+9AD4|*těi
U+9AD8|*gɑu
U+9AE3|piɑ̌ng
U+9AE6|mɑu
U+9AED|tziɛ
U+9AEE|*biæt
U+9AF4|piət
U+9AFB|gèi
U+9B1A|*sio
U+9B1F|huan
U+9B22|*bìn
U+9B23|liɛp
U+9B2D|dòu
U+9B31|*qiuɛt
U+9B3C|*giuə̌i
U+9B42|*huən
U+9B44|*pæk
U+9B45|myì
U+9B4D|miɑ̌ng
U+9B4E|liɑ̌ng
U+9B4F|*ngiuə̀i
U+9B51|tjiɛ
U+9B5A|*ngiu
U+9B6F|*lǒ
U+9B91|bhǎu
U+9BAE|siɛn
U+9BC1|gæ̌ng
U+9BC9|liə̌
U+9BE8|*ghiæng
U+9C57|*lin
U+9C63|djiɛn
U+9CE5|*děu
U+9CE7|bhio
U+9CE9|giou
U+9CF3|*bhiùng
U+9CF4|*miæng
U+9CF6|iuɛn
U+9D03|guet
U+9D08|*ngàn
U+9D09|*qa
U+9D10|ga
U+9D12|leng
U+9D1B|*qiuæn
U+9D1F|chi
U+9D23|go
U+9D26|*qiɑng
U+9D28|qap
U+9D3B|*hung
U+9D41|gau
U+9D51|*guen
U+9D52|iok
U+9D5C|dhei
U+9D5D|ngɑ
U+9D60|hok
U+9D61|miǒ
U+9D6C|bhəng
U+9D70|*deu
U+9D72|tsiɑk
U+9D77|qiuæn
U+9D84|tziɛng
U+9D89|zhuin
U+9D92|tjiək
U+9D96|tsiou
U+9D97|dhei
U+9D9A|ngɑk
U+9DA9|miò muk
U+9DAC|tsɑng
U+9DAF|*qɛng
U+9DB4|*hɑk
U+9DBA|tzek
U+9DBB|huət
U+9DC0|dzhiə tziə
U+9DC4|*gei
U+9DC7|kòu xou
U+9DD3|jià
U+9DD7|*qou
U+9DD9|jì
U+9DF2|dzhiòu
U+9DF9|*qiəng
U+9DFA|lò
U+9E02|kei
U+9E07|jiɛn
U+9E0A|bhek
U+9E0E|*qɛng
U+9E15|lo
U+9E1A|*qɛng
U+9E1C|ghio
U+9E1D|liɛ
U+9E1E|*luɑn
U+9E7D|iɛm iɛ̀m
U+9E7F|*luk
U+9E84|tso
U+9E8B|myi
U+9E92|ghiə
U+9E97|*lèi
U+9E9B|mei
U+9E9D|jhià
U+9E9F|*lin
U+9EA4|tso
U+9EA5|*mɛk
U+9EB4|kiuk
U+9EBB|*ma
U+9EBD|mɑ̌
U+9EBE|*xyuɛ
U+9EC4|*huɑng
U+9ECD|shiǔ
U+9ECE|lei
U+9ECF|niɛm
U+9ED0|liɛ tjiɛ
U+9ED1|*xək
U+9ED4|ghyɛm
U+9ED5|tǒm
U+9ED8|*mək
U+9EDB|*dhə̀i
U+9EDC|tjuit
U+9EDE|*děm
U+9EE4|qǒm
U+9EE8|dɑ̌ng
U+9EEF|*qæ̌m
U+9EF7|dhuk
U+9EFE|miɛ̌n mǐn
U+9EFF|ngiuæn
U+9F07|ngɑu
U+9F08|biɛt
U+9F09|dhɑ
U+9F0E|*děng
U+9F14|*gǒ
U+9F19|*bhei
U+9F20|*shiǔ
U+9F2F|ngo
U+9F3B|bhì
U+9F4A|*dzhei
U+9F4B|*jræi jræi
U+9F52|*chiə̌
U+9F61|leng
U+9F67|nget
U+9F8D|*liong
U+9F8E|mang
U+9F90|bhang
U+9F9C|giou gyui
U+F928|lɑng
U+F936|*lǒ
U+FA17|*qiɛk
U+20009|kiou
U+2000D|shiɛì
U+206EC|heng
U+21E23|ngei
U+21F8B|luə̌i
U+23F4A|suìn
U+2475E|tjuit
U+248AA|*liɛp
U+278F4|jrɛ̌n
