U+346B|nộm
U+34DF|phay
U+34E0|chẻm
U+34F6|khía
U+356D|êu
U+3570|mau
U+3575|uống
U+3578|lắp
U+3587|nhe
U+3591|nhái
U+3597|sùm
U+35A0|nhại
U+35A3|vòi
U+35A7|hôn
U+35AB|lừng
U+35B9|vồn
U+35BC|mỏ
U+35BD|hợt
U+35D1|bới
U+35D6|thào
U+35D9|sò
U+35DA|trắt
U+35DC|súc
U+35E2|rống
U+35F4|nhằn
U+3607|vang
U+360B|hờn
U+3613|ran
U+3628|nồi
U+3664|hố
U+366E|đắp
U+3674|thềm
U+36EA|em
U+3874|lụp
U+3913|bỡn
U+3915|trót
U+3921|sệt
U+3933|bẽ
U+3965|ngùng
U+3986|hú
U+3989|nhát
U+3996|muốn
U+39C5|đeo
U+39CD|phang
U+39FC|bíu
U+39FE|hốt
U+3A14|giằm
U+3A22|nâng
U+3A36|đẽo
U+3A52|cắm
U+3A5C|giam
U+3A61|dủi
U+3A62|mót
U+3A67|bẹo
U+3AFB|luôn
U+3AFC|xế
U+3AFE|thửng
U+3B72|góc
U+3B88|nậy
U+3B94|tròng
U+3BDD|rọ
U+3BF2|cụm
U+3BF7|bục
U+3BFF|xộp
U+3C01|lõi
U+3C19|nạng
U+3CB8|ướt
U+3CC9|ngoét
U+3CCC|nhớp
U+3CE5|lỏng
U+3CEA|vữa
U+3CEF|tăn
U+3CF6|nhỏ
U+3D52|phè
U+3D62|loi
U+3DA4|tạch
U+3DDA|đoành
U+3DDD|dụt
U+3E65|chó
U+3E6F|hươu
U+3E94|voi
U+3E9E|dữ
U+3EA7|heo
U+3F73|võ
U+3F7F|cùi
U+3F84|rù
U+3FBE|hem
U+4021|xem
U+4027|hòng
U+4029|nhác
U+405B|coi
U+41C4|ngất
U+41EE|sậy
U+41FB|vỉ
U+422B|nắp
U+42B7|chài
U+42D6|luột
U+42E5|lưới
U+42E6|mối
U+43E7|da
U+43F4|teo
U+43FE|bọng
U+4425|ỏng
U+442D|giái
U+4443|mông
U+449C|ngâu
U+4532|đắng
U+455D|sắng
U+456F|bèo
U+45B4|riêu
U+45B7|he
U+45CA|vẹm
U+4606|hến
U+47E2|giẫy
U+47EC|kheo
U+4823|rón
U+48A6|suốt
U+48F7|chua
U+4920|chỉa
U+4932|xích
U+4C4A|mè
U+4C55|mòi
U+4CC2|sếu
U+4CF1|vọ
U+4D0C|mòng
U+4E00|nhất
U+4E01|đinh
U+4E03|thất
U+4E07|vạn
U+4E08|trượng
U+4E09|tam
U+4E0A|thượng
U+4E0B|hạ
U+4E0D|bất
U+4E0E|dữ
U+4E10|cái
U+4E11|sửu
U+4E14|thả
U+4E15|vậy
U+4E16|thế
U+4E18|khâu
U+4E19|bính
U+4E1E|thừa
U+4E22|điêu
U+4E2A|cá
U+4E2B|a
U+4E2D|trung
U+4E30|phong
U+4E32|xuyến
U+4E38|hoàn
U+4E39|đam
U+4E3B|chúa
U+4E3F|phết
U+4E42|nghệ
U+4E43|nải
U+4E45|cửu
U+4E4B|chi
U+4E4D|chạ
U+4E4E|hồ
U+4E4F|phạp
U+4E56|quai
U+4E58|thặng
U+4E59|ất
U+4E5D|cửu
U+4E5E|khất
U+4E5F|dã
U+4E71|loạn
U+4E73|vú
U+4E7E|kiền
U+4E82|loạn
U+4E86|liễu
U+4E88|nhừ
U+4E8B|sự
U+4E8C|nhì
U+4E8D|sục
U+4E8E|vu
U+4E91|vân
U+4E92|hỗ
U+4E94|ngũ
U+4E95|tỉnh
U+4E99|cẳng
U+4E9B|ta
U+4E9F|cấc
U+4EA1|vong
U+4EA2|cang
U+4EA4|giao
U+4EA5|hợi
U+4EA8|hanh
U+4EAB|hưởng
U+4EAC|kinh
U+4EAD|đình
U+4EBA|nhân
U+4EC0|thập
U+4EC1|nhân
U+4EC3|đừng
U+4EC4|trắc
U+4EC6|bọc
U+4EC7|cừu
U+4EC9|kẻ
U+4ECA|kim
U+4ECB|giới
U+4ECD|nhưng
U+4ED4|tử
U+4ED5|sĩ
U+4ED6|tha
U+4ED7|trượng
U+4ED8|phó
U+4ED9|tiên
U+4EDD|đồng
U+4EE3|đại
U+4EE4|lệnh
U+4EF0|ngưỡng
U+4EF6|kiện
U+4EF7|giá
U+4EFB|nhậm
U+4EFD|phần
U+4EFF|phảng
U+4F01|xí
U+4F0A|y
U+4F0D|ngũ
U+4F0E|kĩ
U+4F0F|phục
U+4F10|phạt
U+4F11|hưu
U+4F1A|hội
U+4F29|nho
U+4F2E|nó
U+4F2F|bá
U+4F32|ni
U+4F34|bạn
U+4F35|tớ
U+4F36|rành
U+4F3C|tự
U+4F3D|già
U+4F43|điền
U+4F4A|bè
U+4F4D|vị
U+4F4E|đây
U+4F4F|trú
U+4F50|tá
U+4F53|thể
U+4F59|dư
U+4F5A|dật
U+4F5B|phật
U+4F5C|tác
U+4F5E|nịnh
U+4F60|nể
U+4F73|giai
U+4F75|tính
U+4F7B|điêu
U+4F7F|sứ
U+4F85|hời
U+4F86|lai
U+4F88|xỉ
U+4F8B|lề
U+4F94|mầu
U+4F96|lỏn
U+4F98|sá
U+4F9B|cung
U+4F9D|y
U+4FAF|hậu
U+4FB1|rình
U+4FB5|xâm
U+4FB6|lứa
U+4FBC|bụt
U+4FBF|tiện
U+4FC2|hệ
U+4FC3|xúc
U+4FCA|tuấn
U+4FD0|lợi
U+4FD1|dõng
U+4FD7|tục
U+4FDA|lái
U+4FDD|bảo
U+4FE0|hiệp
U+4FE1|tín
U+4FEE|tu
U+4FF1|câu
U+4FF8|bổng
U+4FFA|em
U+5000|trành
U+5002|tính
U+5008|lười
U+500B|cá
U+500D|bội
U+5011|món
U+5012|đảo
U+5016|hãnh
U+5018|thẳng
U+5019|hầu
U+501A|ỷ
U+501F|tá
U+5021|xướng
U+5023|phỏng
U+5024|trị
U+5026|quyện
U+5029|thiến
U+502A|nghê
U+502B|luân
U+502C|xấc
U+502D|oải
U+5043|ễnh
U+5045|chổng
U+5048|kệ
U+5049|vĩ
U+504F|thiên
U+505C|đình
U+5065|kiện
U+5068|thày
U+506A|bức
U+5074|trắc
U+5075|trinh
U+5076|ngẫu
U+507D|nguỵ
U+5085|phó
U+508C|má
U+508D|bàng
U+5091|kiệt
U+5098|tàn
U+5099|bị
U+50A6|cốt
U+50AC|thòi
U+50B1|tuồng
U+50B2|ngạo
U+50B3|truyền
U+50B5|trái
U+50B7|thương
U+50BE|khuynh
U+50C2|lũ
U+50C4|xỉu
U+50CF|tượng
U+50D1|quều
U+50D5|bộc
U+50DA|liêu
U+50E4|dạn
U+50E5|nghẹo
U+50E7|tăng
U+50ED|tiếm
U+50EE|đồng
U+50F9|giá
U+5100|nghi
U+5102|nùng
U+5104|ức
U+5108|cúi
U+5109|kiệm
U+5112|nho
U+5133|sàm
U+513C|nghiễm
U+5140|ngột
U+5143|nguyên
U+5144|huynh
U+5145|sung
U+5146|triệu
U+5147|hung
U+5148|tiên
U+5149|quang
U+514B|khắc
U+514D|miễn
U+5151|đoài
U+5154|thỏ
U+515C|đâu
U+5162|cạnh
U+5165|nhập
U+5168|toàn
U+5169|lưỡng
U+516B|bát
U+516C|công
U+516D|lục
U+516E|hề
U+5171|cộng
U+5175|binh
U+5176|kì
U+5177|cụ
U+5178|điển
U+517C|kiêm
U+5185|nội
U+5189|nhiễm
U+518C|sách
U+518D|tái
U+5192|mạo
U+5195|miện
U+5197|nhũng
U+5198|đem
U+51A0|quán
U+51A1|trũng
U+51A4|oan
U+51A5|minh
U+51AC|đông
U+51B0|băng
U+51B5|huống
U+51B6|dã
U+51B7|lạnh
U+51BD|rét
U+51C6|chốn
U+51CC|lăng
U+51CD|đông
U+51DC|lẫm
U+51DD|ngưng
U+51E0|kỉ
U+51E1|phàm
U+51ED|bằng
U+51F1|khải
U+51F6|hung
U+51FA|xuất
U+51FD|hòm
U+5200|đao
U+5201|điêu
U+5203|nhẫn
U+5206|phân
U+5207|thiết
U+520A|san
U+520C|thổn
U+520E|vẫn
U+5211|hình
U+5217|liệt
U+521D|sơ
U+521F|xẻo
U+5220|san
U+5224|phán
U+5225|biết
U+5227|kiếp
U+5228|bào
U+5229|lợi
U+5230|đáo
U+5236|chế
U+5237|loát
U+523A|thích
U+523B|khắc
U+5247|tắc
U+524A|tước
U+524D|tiền
U+5256|bo
U+525D|bóc
U+5267|cưa
U+526A|tiện
U+526F|phó
U+5272|cắt
U+5275|sáng
U+5277|xẻng
U+527F|tiễu
U+5282|khoét
U+5283|vạch
U+5284|chép
U+5287|kịch
U+528D|kiếm
U+5291|tễ
U+5295|chặt
U+529B|lực
U+529F|công
U+52A0|gia
U+52A9|trợ
U+52AC|cù
U+52B9|hiệu
U+52BE|hạch
U+52C1|cứng
U+52C3|bột
U+52C7|dũng
U+52C9|miễn
U+52D1|sắc
U+52D2|lắc
U+52D5|động
U+52D6|húc
U+52D8|khám
U+52D9|vụ
U+52DB|huân
U+52DD|thắng
U+52DE|lao
U+52E2|thế
U+52E4|cần
U+52E6|tẹo
U+52F5|lệ
U+52F8|khuyến
U+52FA|chước
U+52FF|vật
U+5305|bao
U+5308|hung
U+530D|bò
U+530F|bầu
U+5310|bặc
U+5316|hoá
U+531D|táp
U+5321|khuôn
U+5323|hộp
U+532A|phỉ
U+532C|tủ
U+5331|quĩ
U+5339|thất
U+533C|hộp
U+533F|nặc
U+5340|khu
U+5341|thập
U+5343|thiên
U+5345|tạp
U+5347|thăng
U+5348|ngọ
U+534A|bán
U+534C|tấp
U+5352|tốt
U+5353|trác
U+5354|hiếp
U+5357|nam
U+535A|bác
U+535C|bốc
U+535E|biện
U+5360|chiêm
U+5366|quái
U+536C|ngang
U+536F|mão
U+5370|ấn
U+5371|nguy
U+5372|ngoẹo
U+5373|tức
U+5377|quyển
U+537B|khước
U+537F|khanh
U+5384|ách
U+5393|day
U+5394|chái
U+5398|li
U+539B|sảnh
U+539D|xó
U+539F|nguyên
U+53AD|ướm
U+53B2|lẹ
U+53BB|khứ
U+53C3|tham
U+53C8|lại
U+53CA|cập
U+53CB|hữu
U+53CC|song
U+53CD|phản
U+53D4|thúc
U+53D6|thủ
U+53D7|thụ
U+53DB|bạn
U+53E0|điệp
U+53E3|khẩu
U+53E4|cổ
U+53E5|câu
U+53E6|lánh
U+53E9|khấu
U+53EA|chỉ
U+53EB|khiếu
U+53EC|chịu
U+53ED|bớt
U+53EE|đinh
U+53EF|khả
U+53F0|thai
U+53F1|sứt
U+53F2|sử
U+53F3|hữu
U+53F7|hiệu
U+53F8|ti
U+53FB|sựt
U+5400|xiên
U+5401|hu
U+5403|khật
U+5404|các
U+5408|hợp
U+5409|cát
U+540C|đồng
U+540D|danh
U+540E|hậu
U+540F|lại
U+5410|thổ
U+5411|hướng
U+5412|cha
U+5413|hách
U+5414|dã
U+5418|ngỏ
U+541B|quân
U+541D|lận
U+541F|ngâm
U+5423|tăm
U+5426|bĩ
U+5427|và
U+5428|đồn
U+5429|phàn
U+542A|hoé
U+542B|hàm
U+542C|thính
U+5431|chê
U+5432|dặn
U+5433|ngô
U+5435|sảo
U+5438|cộp
U+5439|xuy
U+543B|vẫn
U+543C|hống
U+543E|ngo
U+543F|cáo
U+5440|nhá
U+5442|lã
U+5443|nhách
U+5446|ngốc
U+5448|trình
U+544C|khiếu
U+544E|xếch
U+5450|nói
U+545E|te
U+5460|bỏm
U+5461|răn
U+5462|nài
U+5464|gầm
U+5465|nhẻm
U+5466|ạo
U+5468|chu
U+546B|chím
U+546D|thé
U+5471|oa
U+5473|vị
U+5474|gâu
U+5475|ha
U+5476|nao
U+5478|bậy
U+547C|hô
U+547D|mệnh
U+547F|khứa
U+5480|thở
U+5481|căm
U+5482|táp
U+5484|xót
U+5486|bàu
U+5488|phớt
U+548B|chạ
U+548C|hoà
U+548D|hay
U+548F|vẳng
U+5490|phó
U+5492|chú
U+5498|bú
U+549A|giọng
U+54A0|nghiện
U+54A2|ngạc
U+54A3|quàng
U+54A5|chối
U+54A7|lác
U+54AC|rao
U+54AD|gắt
U+54AE|chau
U+54AF|khạc
U+54B3|cay
U+54B7|trệu
U+54B9|ăn
U+54BB|hiu
U+54BC|oà
U+54BD|nhằn
U+54BE|láo
U+54C0|ai
U+54C1|phẩm
U+54C3|đùng
U+54C4|họng
U+54C6|đớ
U+54C7|oà
U+54C8|hóp
U+54C9|tai
U+54CD|hưởng
U+54CF|gắn
U+54E1|viên
U+54E2|trộng
U+54E3|nhạu
U+54E5|ca
U+54E6|nga
U+54EA|ná
U+54EC|hà
U+54ED|khóc
U+54EE|hao
U+54F0|rao
U+54F1|buột
U+54F2|triết
U+54F3|chít
U+54FA|phô
U+54FD|ngạnh
U+54FF|cả
U+5501|ngon
U+5505|hầm
U+5507|thần
U+5508|oạp
U+5509|hãy
U+550B|dứ
U+550E|lời
U+550F|hơi
U+5510|đường
U+5511|doạ
U+5512|dẫu
U+5529|uẩy
U+552B|câm
U+552D|cười
U+552F|dõi
U+5531|xướng
U+5532|nhè
U+5536|tuếch
U+5537|dóc
U+5538|nếm
U+5539|ớ
U+553B|lải
U+553C|thép
U+553E|thoá
U+553F|hót
U+5540|nhai
U+5542|nhổ
U+5544|trốc
U+5545|chạc
U+5546|thương
U+5549|lăm
U+554A|à
U+554C|hòng
U+5550|chót
U+5552|quắt
U+555B|xê
U+555C|xuýt
U+5563|hàm
U+5568|xênh
U+5569|quấy
U+556B|gia
U+5571|nhàm
U+5577|lắng
U+557A|dể
U+557F|thầm
U+5581|ngụm
U+5582|ỏi
U+5583|nôm
U+5584|thiện
U+5587|lạt
U+5589|hầu
U+558B|nhịp
U+558D|rầy
U+558E|oa
U+5591|ầm
U+5593|eo
U+5594|ộc
U+5598|suyễn
U+559A|hoán
U+559C|hỉ
U+559D|hát
U+559F|vị
U+55A0|gióng
U+55A1|vầy
U+55A5|dạc
U+55A6|nham
U+55A7|huyên
U+55AA|tang
U+55AB|khịt
U+55AD|ngán
U+55AE|đơn
U+55AF|buông
U+55B5|mếu
U+55BB|dụ
U+55C3|gào
U+55C9|nhố
U+55CE|mửa
U+55D4|xin
U+55D5|nhóc
U+55D7|cút
U+55D9|bàng
U+55DA|ô
U+55DB|khem
U+55E1|óng
U+55E2|ồn
U+55E3|tự
U+55F7|ngao
U+55F9|liến
U+5606|han
U+5607|thấm
U+5608|tào
U+560D|làu
U+562B|nhoẻn
U+562C|chối
U+562E|lao
U+5632|trào
U+5635|nghêu
U+5636|tê
U+5639|rêu
U+563A|ghẹo
U+563B|hi
U+5640|sún
U+5641|ạc
U+5642|ton
U+5645|vay
U+564B|xôn
U+564E|ế
U+564F|hấp
U+5652|rên
U+5653|hờ
U+5654|đằng
U+5659|gầm
U+565E|thèm
U+5660|đặt
U+5661|thèm
U+5664|gặm
U+5665|nũng
U+5666|oẹ
U+5668|khí
U+566A|tháo
U+566C|phè
U+566F|áy
U+5672|gọi
U+5674|phún
U+5676|gắt
U+5677|hăm
U+5682|giạm
U+5684|quác
U+5685|nheo
U+5688|ướm
U+5689|dối
U+568B|trù
U+568E|hào
U+5693|xát
U+5695|rủa
U+569B|nháo
U+569C|mút
U+56A6|rích
U+56A7|lơ
U+56A8|lùng
U+56AF|oác
U+56B4|nghiêm
U+56B6|inh
U+56C2|hiu
U+56C4|le
U+56C9|la
U+56D1|chúc
U+56D2|rợn
U+56D5|trộm
U+56DA|tù
U+56DB|tứ
U+56DE|hồi
U+56E0|nhân
U+56ED|vườn
U+56F0|khốn
U+56F1|song
U+56F7|khuân
U+56FA|cố
U+56FB|quốc
U+5703|bo
U+5708|khuyên
U+570B|quốc
U+570D|vè
U+5712|viên
U+5713|viên
U+5716|đồ
U+5718|đoàn
U+571F|thổ
U+5723|thánh
U+5728|tại
U+5729|vò
U+572C|hũ
U+572D|quê
U+572E|dãy
U+572F|dãy
U+5730|địa
U+5740|xởi
U+5742|phẳng
U+5747|quân
U+574A|phường
U+574B|phân
U+574E|khảm
U+574F|hoại
U+5751|ganh
U+575F|vun
U+5761|pha
U+5764|khôn
U+5766|đất
U+5767|gạch
U+576D|nơi
U+5775|gò
U+5782|thùy
U+5783|lắp
U+5786|lò
U+5789|bàu
U+578C|đồng
U+5793|gay
U+57A0|hằn
U+57A2|cáu
U+57AE|khoai
U+57B5|ang
U+57B9|bựng
U+57C1|gậm
U+57C2|ghềnh
U+57C3|ai
U+57C7|thõng
U+57C8|thoạ
U+57CB|mai
U+57CE|thành
U+57D5|chĩnh
U+57DD|nấm
U+57DF|vực
U+57E3|giót
U+57E9|chĩnh
U+57EC|đống
U+57EE|vịm
U+57F6|đệm
U+57F7|chấp
U+57F9|bồi
U+57FA|cơ
U+5802|đường
U+5805|kiên
U+5806|đôi
U+5824|đê
U+582A|kham
U+582F|nghiêu
U+5831|báo
U+5834|trường
U+5837|om
U+584A|khối
U+5857|đồ
U+5858|đường
U+585E|tắc
U+5864|ven
U+586B|điền
U+5873|vùng
U+5875|trần
U+587E|thục
U+5883|cảnh
U+5885|thự
U+5886|đai
U+5893|mộ
U+589C|truỵ
U+589E|tăng
U+58A9|đôn
U+58AB|chôn
U+58AE|đoạ
U+58B3|phần
U+58BB|tường
U+58BE|khẩn
U+58C1|bích
U+58C7|đàn
U+58C8|bậm
U+58D1|hác
U+58D3|áp
U+58D5|hào
U+58D8|luỹ
U+58D9|khoảng
U+58DE|hoại
U+58DF|lũng
U+58E2|gạch
U+58E4|nhưỡng
U+58EB|sĩ
U+58EC|nhăm
U+58EF|tráng
U+58F9|nhất
U+58FB|tế
U+58FC|hồ
U+58FD|thọ
U+590D|hạ
U+5915|tịch
U+5916|ngoại
U+5919|túc
U+591A|đa
U+591C|dạ
U+5927|đại
U+5929|thiên
U+592A|thái
U+592B|phu
U+592D|yểu
U+592E|ương
U+5931|thất
U+5937|dì
U+5938|khoa
U+593E|giáp
U+5944|ăm
U+5947|kỳ
U+5948|nại
U+5949|phụng
U+594F|tấu
U+5951|khế
U+5962|xa
U+5967|áo
U+596A|đoạt
U+596C|tưởng
U+596E|phấn
U+5973|nữa
U+5974|nô
U+5976|nái
U+5978|gian
U+597D|háo
U+5982|như
U+5983|phi
U+598D|ngơn
U+5992|đố
U+5993|kĩ
U+5996|yêu
U+5999|diệu
U+599D|trang
U+59A5|thoả
U+59AE|ni
U+59AF|dâu
U+59B2|dát
U+59B8|ả
U+59B9|muội
U+59BB|thê
U+59BE|thiếp
U+59C2|bợm
U+59C5|nửa
U+59C8|lanh
U+59C9|chị
U+59CA|chị
U+59CB|thuỷ
U+59D0|thư
U+59D1|cô
U+59D3|tính
U+59D4|uỷ
U+59DA|diêu
U+59E4|cạu
U+59E5|mụ
U+59E6|gian
U+59E8|dì
U+59EA|đẹt
U+59FB|nhân
U+59FF|tư
U+5A01|uy
U+5A13|vãi
U+5A18|nương
U+5A1C|na
U+5A25|nga
U+5A36|thú
U+5A41|lâu
U+5A46|bà
U+5A49|uyển
U+5A4D|gả
U+5A62|tì
U+5A66|phụ
U+5A6A|lam
U+5A6C|dâm
U+5A6D|ả
U+5A84|mẹ
U+5A8E|chửa
U+5A92|mối
U+5AA7|oa
U+5ABD|má
U+5AC1|giá
U+5AC2|dâu
U+5ACC|hiềm
U+5AD6|phếu
U+5AD7|ẩu
U+5AE1|đích
U+5AE6|thường
U+5AE9|non
U+5B0C|kiều
U+5B16|bế
U+5B30|anh
U+5B38|thím
U+5B50|tí
U+5B54|khổng
U+5B55|dựng
U+5B57|tự
U+5B58|tồn
U+5B5B|bụt
U+5B5D|hiếu
U+5B5F|mạnh
U+5B63|quí
U+5B64|cô
U+5B65|nua
U+5B69|hài
U+5B6B|tôn
U+5B78|học
U+5B7A|nhọ
U+5B7D|nghiệt
U+5B81|trữ
U+5B87|vũ
U+5B88|thú
U+5B89|an
U+5B8B|tống
U+5B8C|hoàn
U+5B97|tông
U+5B98|quan
U+5B99|trụ
U+5B9A|định
U+5B9B|uyển
U+5B9C|nghi
U+5B9D|bảo
U+5BA2|khách
U+5BA3|tuyên
U+5BA4|thất
U+5BAB|cung
U+5BB0|tể
U+5BB3|hại
U+5BB4|yến
U+5BB6|gia
U+5BB9|dung
U+5BBF|túc
U+5BC2|tịch
U+5BC4|gửi
U+5BC5|dần
U+5BC6|mật
U+5BC7|khấu
U+5BCC|phú
U+5BD0|mị
U+5BD2|hàn
U+5BD3|ngụ
U+5BD4|thực
U+5BDE|mịch
U+5BDF|sát
U+5BE0|lũ
U+5BE1|quả
U+5BE6|thực
U+5BE8|trại
U+5BE9|thẩm
U+5BEB|tả
U+5BEC|khoan
U+5BF5|sủng
U+5BF6|bảo
U+5BF8|thốn
U+5BF9|đối
U+5BFF|thọ
U+5C01|phong
U+5C04|xạ
U+5C07|tướng
U+5C08|chuyên
U+5C0A|tôn
U+5C0B|tầm
U+5C0D|đỗi
U+5C0E|đạo
U+5C0F|tiểu
U+5C11|thiểu
U+5C14|nể
U+5C16|tiêm
U+5C19|thượng
U+5C1A|chuộng
U+5C38|thây
U+5C39|doãn
U+5C3A|xích
U+5C3C|ni
U+5C3D|tận
U+5C3E|vĩ
U+5C40|cục
U+5C45|cư
U+5C48|khuất
U+5C4B|ốc
U+5C4D|thi
U+5C4F|bình
U+5C55|triển
U+5C60|đồ
U+5C62|lũ
U+5C64|tầng
U+5C6C|thuộc
U+5C6F|truân
U+5C71|sơn
U+5C79|ngật
U+5C8C|ngập
U+5C91|sầm
U+5CA7|đèo
U+5CA9|nham
U+5CB1|đồi
U+5CB5|hô
U+5CB8|ngàn
U+5CF6|đảo
U+5CFD|giáp
U+5D07|sùng
U+5D0A|lờm
U+5D11|côn
U+5D12|chót
U+5D14|thôi
U+5D16|day
U+5D19|son
U+5D41|kham
U+5D4B|mi
U+5D4E|giủng
U+5D69|tung
U+5D6C|ngôi
U+5D84|chởm
U+5D97|lao
U+5DA2|nghèo
U+5DCD|nguy
U+5DD6|nham
U+5DDD|xuyên
U+5DDE|châu
U+5DE1|tuần
U+5DE2|sào
U+5DE5|công
U+5DE6|tả
U+5DE7|xảo
U+5DEE|sai
U+5DF1|kỉ
U+5DF2|dĩ
U+5DF3|tị
U+5DF4|ba
U+5DFD|rốn
U+5DFE|cân
U+5E00|táp
U+5E02|thị
U+5E03|bố
U+5E0C|hơi
U+5E11|nô
U+5E12|đẫy
U+5E16|thiếp
U+5E1D|đấy
U+5E25|soái
U+5E2B|sư
U+5E33|trướng
U+5E36|đai
U+5E38|thường
U+5E3D|mão
U+5E40|tranh
U+5E45|bức
U+5E4D|thao
U+5E54|màn
U+5E5B|trướng
U+5E5F|xí
U+5E61|phan
U+5E62|choàng
U+5E63|giẻ
U+5E72|can
U+5E73|bình
U+5E74|nên
U+5E7B|ảo
U+5E7C|ấu
U+5E84|chăng
U+5E8A|sàng
U+5E8F|tựa
U+5E95|để
U+5E97|điếm
U+5E99|miếu
U+5E9A|canh
U+5E9C|phủ
U+5EA6|độ
U+5EA7|toà
U+5EAB|kho
U+5EAD|đình
U+5EB5|am
U+5EB6|thứ
U+5EB7|khang
U+5EC1|xí
U+5EC2|rương
U+5EC8|hè
U+5EC9|liêm
U+5ECA|lang
U+5ED3|quách
U+5ED5|ấm
U+5EDA|chù
U+5EDB|chờn
U+5EDF|miếu
U+5EE0|xưởng
U+5EE1|vu
U+5EE2|phế
U+5EE3|quảng
U+5EE9|lẫm
U+5EF6|dang
U+5EF7|đình
U+5EFA|kiến
U+5EFE|trấp
U+5F04|lộng
U+5F0A|tệ
U+5F0B|dặc
U+5F0D|nhị
U+5F0F|thức
U+5F11|thí
U+5F13|cung
U+5F14|điếu
U+5F15|dẫn
U+5F17|phất
U+5F1F|đệ
U+5F29|nỏ
U+5F31|nhược
U+5F35|trương
U+5F37|càng
U+5F3C|bặt
U+5F48|đàn
U+5F4A|cương
U+5F50|kệ
U+5F62|hình
U+5F69|thái
U+5F6B|điêu
U+5F6C|băn
U+5F6D|bành
U+5F71|ảnh
U+5F77|phảng
U+5F79|dịch
U+5F7C|bỉ
U+5F7E|lĩnh
U+5F7F|phớt
U+5F80|vãng
U+5F81|chinh
U+5F82|tò
U+5F85|đãi
U+5F8A|hồi
U+5F8B|luật
U+5F8C|hậu
U+5F90|chờ
U+5F92|đồ
U+5F97|đắc
U+5F98|bồi
U+5F9E|tòng
U+5FA0|lại
U+5FA1|ngự
U+5FAC|bàng
U+5FAE|vi
U+5FB5|trưng
U+5FB7|đức
U+5FB9|triệt
U+5FC3|tâm
U+5FC5|tất
U+5FC6|hắt
U+5FC7|sực
U+5FC9|đau
U+5FCC|kị
U+5FCD|nhẫn
U+5FCF|thin
U+5FD1|thắc
U+5FD2|thắc
U+5FD6|thổn
U+5FD7|chí
U+5FD8|vong
U+5FD9|mang
U+5FDD|thỏm
U+5FE0|trung
U+5FE4|ngỗ
U+5FEB|khoái
U+5FF1|thầm
U+5FF5|niệm
U+5FFD|hốt
U+5FFF|phẫn
U+600D|tạc
U+600E|chẩn
U+6011|bẳn
U+6012|nộ
U+6016|bố
U+601B|đắn
U+601C|lanh
U+601D|tư
U+6025|cấp
U+6026|bừng
U+6027|tính
U+6028|oán
U+6029|náy
U+602B|phật
U+602F|khiếp
U+6032|biếng
U+6033|hoảng
U+6035|truột
U+6044|ghét
U+6045|làu
U+604B|luyến
U+604D|hoảng
U+6050|khủng
U+6051|nguây
U+6055|thứ
U+605C|thức
U+605F|hung
U+6068|hận
U+6069|ân
U+606A|khác
U+606C|điềm
U+606D|cung
U+606F|tức
U+6081|quyên
U+6085|dột
U+6087|dơ
U+6089|tạt
U+608B|lẫn
U+608C|đễ
U+608D|hãn
U+6091|bỏ
U+6094|hối
U+6097|mến
U+609B|thoăn
U+609C|chường
U+60A3|hoạn
U+60A7|rượi
U+60B2|bi
U+60B4|xót
U+60B6|muốn
U+60BC|điệu
U+60BD|thê
U+60C0|luẩn
U+60C5|tình
U+60C7|run
U+60CA|kinh
U+60CD|căm
U+60CF|lầm
U+60D1|hoặc
U+60D5|thích
U+60DA|hốt
U+60DB|hôn
U+60DC|tiếc
U+60DD|sượng
U+60E0|huệ
U+60E1|ác
U+60E6|điếm
U+60F1|não
U+60F3|tưởng
U+60F4|nhoai
U+60F6|hoàng
U+60F7|xuẩn
U+60FC|bẽn
U+6100|xỉu
U+6101|sầu
U+6106|khiền
U+6108|rủ
U+610A|bực
U+610D|mẫn
U+610F|ý
U+6110|giợn
U+6115|ngạc
U+611A|ngu
U+611F|cảm
U+613F|nguyện
U+6143|õng
U+6144|lật
U+6147|ân
U+6148|từ
U+614B|thái
U+614C|hoảng
U+614E|thận
U+6155|mộ
U+6158|thảm
U+615A|tuồm
U+615B|thôi
U+615F|đỏng
U+6162|mạn
U+6163|quen
U+6164|xác
U+6168|khái
U+616B|túng
U+616C|cỡn
U+616E|lự
U+6170|uý
U+6173|ghen
U+6174|tiệp điệp
U+6175|thuồng
U+6176|khánh
U+6177|khảng
U+617C|thích
U+617E|dục
U+6182|ưu
U+6191|bằng
U+6194|tiều
U+619A|dạn
U+61A4|phẫn
U+61A8|hám
U+61AB|mẫn
U+61AD|trêu
U+61B2|hiến
U+61B6|ức
U+61BE|hám
U+61C3|cần
U+61C7|khấn
U+61C9|ứng
U+61CA|ảo
U+61D3|áy
U+61DE|mong
U+61E2|nhàm
U+61E6|nhụa
U+61E7|nạnh
U+61F2|trừng
U+61F7|hoài
U+61FA|sám
U+6200|luyến
U+6208|qua
U+620A|mậu
U+620C|tuất
U+620D|thú
U+620E|nhung
U+6210|thành
U+6211|ngã
U+6212|giới
U+6216|hoặc
U+621A|thích
U+621B|giát
U+621F|kích
U+622A|tiệt
U+6230|chiến
U+6232|hí
U+6237|hộ
U+623E|lệ
U+623F|phòng
U+6240|sỡ
U+6241|biển
U+6247|phiến
U+624B|thủ
U+624D|tài
U+624E|trát
U+6251|bốc
U+6252|bắt
U+6253|đả
U+6254|nẫy
U+6255|chàng
U+6257|nhổ
U+6258|thác thách thốc thước thướt
U+6259|rượn
U+625B|giăng
U+625C|vo
U+6260|xoa
U+6262|ngắt
U+6263|khấu
U+6266|xiên
U+6268|nhấn
U+626F|chải
U+6271|gắp
U+6272|cầm
U+6273|bẳn
U+6276|phù
U+6279|phê
U+627A|chỉ
U+627C|ách
U+627D|đùn
U+627E|quơ
U+627F|thừa
U+6280|kĩ
U+6283|bện
U+6284|sao
U+6286|vặn
U+6287|nhặt
U+6288|ngoắt
U+6289|khoét
U+628A|bã
U+6291|ức
U+6292|trữ
U+6293|co
U+6294|bồi
U+6295|đầu
U+6297|kháng
U+6298|chiết
U+629B|phao
U+62A8|banh
U+62A9|nhóm
U+62AA|bó
U+62AB|phơ
U+62AF|vả
U+62B1|bão
U+62B3|nai
U+62B6|thắt
U+62B7|phơ
U+62B8|bẹp
U+62BA|vầy
U+62BC|áp
U+62BD|trừu
U+62BE|khứa
U+62C1|giơ
U+62C2|phất
U+62C4|chủ
U+62C5|đam đảm đẵn đắn đẵm tạ
U+62C6|sách
U+62C8|chêm
U+62C9|lấp
U+62CC|bắn
U+62CD|phếch
U+62D0|quảy quái quải quầy
U+62D1|kiềm cùm
U+62D2|cự
U+62D4|bạt
U+62D6|đà
U+62D7|húc
U+62D8|câu
U+62D9|chút
U+62DB|chiêu
U+62DC|bái
U+62DE|khêu khua
U+62E5|dùng
U+62EA|tay
U+62EB|gắn
U+62EC|quát
U+62ED|rị
U+62EE|cất
U+62EF|chửng
U+62F0|nhúm
U+62F1|cõng
U+62F3|quyền
U+62F5|dồn
U+62F7|khỉu
U+62FC|phanh
U+62FD|dìa
U+62FE|thập
U+62FF|nã
U+6301|trì
U+6302|quẩy
U+6303|chọi
U+6304|quăng
U+6305|xoá
U+6307|chỉ
U+6309|án
U+630C|cách rắc gác
U+630D|gieo
U+630F|rùng
U+6311|vẹo
U+6312|trét
U+6315|nhẹ
U+6317|dí
U+632A|ná
U+632B|doạ
U+632C|vọt
U+632D|gánh
U+632F|chấn
U+6330|dềnh
U+6334|mói
U+6335|lỏng
U+6337|văng
U+6338|kén
U+6339|úp
U+633C|noa nỗi
U+633E|xáp
U+633F|thọc
U+6341|kéo
U+6343|khuân
U+6345|thòng
U+6347|xách
U+6348|giơ
U+6349|tróc
U+634C|bịt
U+634D|cản
U+6350|quyên quen quên
U+6355|bõ
U+6358|thoa
U+635B|trã
U+6360|banh
U+6364|vãi
U+6365|uốn
U+6367|bổng
U+6368|xả
U+636E|cứ
U+6371|nhay
U+6372|cuốn
U+6377|tiệp
U+637A|nài
U+637B|nạm
U+637D|lót
U+6382|giếm
U+6383|tảo
U+6387|suốt
U+6388|thụ
U+6389|trao
U+638F|đào
U+6391|cài
U+6392|bài
U+6398|quật
U+6399|tránh
U+639B|quẩy
U+63A0|lướt
U+63A1|thái
U+63A2|thám
U+63A3|xiết
U+63A5|tiếp
U+63A7|khống
U+63A8|suy
U+63A9|ém
U+63AA|thố
U+63AC|cúc
U+63AE|khiêng
U+63BF|nhắc
U+63C0|gióng
U+63C1|rinh
U+63C2|dùa
U+63C6|quẫy
U+63CF|miêu
U+63D0|đề
U+63D2|chắp
U+63D5|chạm
U+63D6|ập
U+63DA|dương
U+63DE|ẵm
U+63EC|dụt
U+63ED|yết
U+63EE|huy
U+63F3|khế
U+63F4|viện
U+63FE|ùn
U+6406|cấu
U+6408|dong
U+640A|so
U+640D|tốn
U+640E|dun
U+640F|vác
U+6413|sai
U+6414|trao
U+6416|gieo
U+6417|đẽo
U+641B|gom
U+641C|sưu
U+641D|xỏ
U+641E|cào
U+642C|bưng
U+642D|đắp
U+642E|lắt
U+6453|bồng
U+6458|trích
U+6459|lèn
U+645F|lùa
U+646A|rướn
U+6471|mần
U+6473|khua
U+6478|mò
U+6479|mò
U+647A|dập
U+647C|ken
U+6485|quét
U+6488|lau
U+648C|quấy
U+648E|nhắt
U+6491|xênh
U+6492|tát
U+6493|nhéo
U+6494|ngảnh
U+649D|vày
U+649E|chàng
U+649F|kéo
U+64A2|đùm
U+64A4|triệt
U+64A9|lêu
U+64AB|vỗ
U+64AD|vá
U+64AE|toát
U+64B0|soạn
U+64B2|vục
U+64B4|đun
U+64C3|nống
U+64C5|chen
U+64C7|trạch
U+64C9|thọc
U+64DA|cớ
U+64DB|dẹp
U+64E6|xát
U+64EC|nghĩ
U+64F1|gác
U+64F2|trịch
U+64F4|quẳng
U+64F8|xợp
U+64FA|bẫy
U+64FC|trỏ
U+64FE|nhiễu
U+6504|lựa
U+650F|long
U+6511|gỡ
U+6514|dan
U+6518|nhường
U+6519|sọm
U+651C|huề
U+651D|nhép
U+651E|rà
U+6524|nặn
U+652C|lãm
U+652E|nện
U+652F|chi
U+6536|thu
U+6537|khảo
U+653B|công
U+653E|phóng
U+653F|chính
U+6545|cố
U+6548|hiệu
U+654F|mẫn
U+6551|cứu
U+6555|sắc
U+6556|ngào
U+6557|bại
U+6558|tự
U+6559|giáo
U+655D|tệ
U+6562|cám
U+6563|tản
U+6566|đôn
U+656C|kính
U+6572|xao
U+6574|chỉnh
U+6575|địch
U+6578|số
U+6587|văn
U+658E|trai
U+6590|phỉ
U+6597|đấu
U+6599|liệu
U+659C|tà
U+659F|châm
U+65A4|cân
U+65A5|xịch
U+65A7|búa
U+65AC|trảm
U+65AD|đoạn
U+65B0|tân
U+65B9|phương
U+65BC|ư
U+65BD|thi
U+65C1|bàng
U+65C5|lữ
U+65CB|toàn
U+65CC|tinh
U+65CF|tộc
U+65D7|cờ
U+65DB|phướn
U+65E5|nhật
U+65E6|đán
U+65E8|chỉ
U+65E9|tảo
U+65ED|hóc
U+65F1|hạn
U+65F4|hù
U+65FA|vượng
U+6602|ngang
U+6606|con
U+6607|thăng
U+660E|minh
U+660F|hôn
U+6613|dịch
U+6614|tích
U+661B|cữ
U+661F|tinh
U+6620|ánh
U+6627|muội
U+662F|thị
U+6642|thì
U+6643|quáng
U+6644|hoáng
U+665A|vãn
U+6664|cữ
U+6666|hổi
U+6668|thần
U+666E|phổ
U+666F|cảnh
U+6674|tạnh
U+6676|tinh
U+667A|trí
U+6684|huyên
U+6687|hạ
U+6688|vừng
U+6697|ám
U+66A2|sướng
U+66AB|tạm
U+66AE|mộ
U+66B4|bạo
U+66B9|xiêm
U+66C0|ế
U+66C6|lịch
U+66C9|hẻo
U+66D6|áy
U+66DA|mồng
U+66E0|khoảng
U+66E5|trưa
U+66E9|nán
U+66F0|viết
U+66F2|khúc
U+66F3|dấy
U+66F4|xâu canh
U+66F7|hạt
U+66F8|thư
U+66F9|tào
U+66FC|man
U+66FE|tằng
U+66FF|thế
U+6700|tối
U+6703|hội
U+6708|nguyệt
U+6709|hữu
U+670B|bằng
U+670D|phục
U+670F|xoét
U+6714|sóc
U+6715|trẫm
U+6717|lãng
U+671B|vọng
U+671D|triều
U+671F|kì
U+6726|mông
U+6728|mộc
U+672A|mùi
U+672B|mạt
U+672C|bản
U+672D|trát
U+6731|cho
U+6734|phắc
U+6735|đoá
U+673A|cơ
U+673D|hủ
U+6744|then
U+6745|vu
U+6746|cơn
U+6747|ô
U+674E|lí
U+674F|hạnh
U+6751|thôn
U+6755|đại
U+6756|trượng
U+675C|đỗ
U+675F|thút
U+6760|gông
U+6763|sơn
U+676F|bôi
U+6770|kiệt
U+6771|hốc đông
U+6775|ngỏ
U+6776|đòn
U+677A|tăm
U+677E|tùng
U+677F|ván
U+6789|uổng
U+6793|rẫu
U+6795|chẳm
U+6797|lâm
U+679A|mai
U+679B|trảu
U+679C|quả
U+679D|chi
U+67AE|sim
U+67AF|khô
U+67B5|hèo
U+67B6|giá
U+67B7|da
U+67B8|cú
U+67C1|xà
U+67C3|rành
U+67C4|bính
U+67C6|cũi sập
U+67C9|mướp
U+67CA|dông
U+67CF|bách
U+67D0|mỗ
U+67D1|đàn cam
U+67D3|nhuộm
U+67D4|nhu
U+67DA|dâu
U+67E5|tra
U+67E9|cữu
U+67EA|ấu
U+67F1|trụ
U+67F3|liễu
U+67F4|sài
U+67FF|niêu thị
U+680D|sanh
U+6810|vành
U+6813|thoen
U+6816|thê
U+6817|niêu lật
U+6818|đa
U+6821|đắng hiệu
U+6822|bứa
U+682A|chò
U+6838|hạch
U+6839|căn
U+683C|cách
U+6840|kiệt
U+6841|hành
U+6842|quế
U+6843|đào
U+6844|quang
U+6848|duyên án
U+684E|chuối
U+6851|tang
U+686E|bễ
U+6872|vụt
U+6876|thùng
U+6877|dác
U+6881|lương
U+6882|cầu
U+6885|mai
U+6886|bương
U+6887|róng
U+688C|dừa
U+688F|gáo
U+6890|bẹ
U+6892|hòm
U+6896|vối
U+689B|nứa
U+689D|điều
U+689E|cậy
U+68A3|rầm
U+68A8|lê
U+68A9|lái
U+68AC|sến
U+68AD|thoi
U+68AE|cọc
U+68B0|giới
U+68B3|sơ
U+68B6|vả
U+68B9|biêng
U+68C2|ranh
U+68C6|suôn
U+68CB|cời
U+68CD|điềm côn
U+68D2|vổng
U+68D6|trường
U+68D7|táo
U+68D8|gấc
U+68DF|nhắm đống
U+68E6|ranh
U+68E7|suông sàn
U+68EE|chùm
U+68EF|nạm
U+68F1|săng
U+68F5|quả
U+68F9|chèo
U+68FA|quan
U+68FF|nghê
U+6907|gụ
U+690A|chốt
U+690D|thực
U+690E|chòi
U+6912|tiêu
U+691A|mun
U+6925|tre
U+6930|da
U+6933|ổi
U+694A|dương
U+6953|phong
U+695A|sở
U+695B|gỗ
U+6960|nêm
U+6962|giùa
U+6963|me
U+6968|trính
U+696D|nghiệp
U+696E|dó
U+6971|táu
U+6973|mõ
U+6974|ghế
U+6975|cực
U+6994|tóm lang
U+6996|kéo cốc
U+699C|xách bàng
U+69A1|tó
U+69A9|kiền
U+69AE|vinh
U+69B1|suôi
U+69B4|lựu
U+69BE|cột
U+69C1|cau
U+69C3|bàn
U+69C8|nọc
U+69CA|giáo
U+69CC|duì
U+69CD|thương
U+69CE|xay
U+69D0|hoè
U+69D2|súc
U+69D3|cổng
U+69D4|cau
U+69DE|trồng
U+69E3|ghế
U+69E8|quạch
U+69EF|chuôi
U+69F6|guốc
U+69FD|tàu
U+69FE|mận
U+6A01|thung
U+6A02|lạc
U+6A0A|phàn
U+6A0B|thông
U+6A11|rường
U+6A13|lầu
U+6A14|sào
U+6A17|vụ
U+6A19|bêu
U+6A1E|xu
U+6A21|mô
U+6A23|dạng
U+6A2A|hoạnh
U+6A33|đẽo giầm
U+6A36|chuối
U+6A38|phác
U+6A39|thụ
U+6A3E|vẹt
U+6A45|vồ
U+6A49|săng
U+6A4A|lựu
U+6A4B|kiều
U+6A58|quất
U+6A59|chanh
U+6A5B|cột
U+6A5F|cơ
U+6A64|nhuỵ
U+6A6C|trắm
U+6A6F|rào
U+6A77|dâu
U+6A7A|giàn
U+6A7D|thớt
U+6A80|đàn
U+6A81|day lẫm
U+6A82|nòng
U+6A84|hịch
U+6A8A|gán
U+6A91|rui
U+6A9C|cối
U+6AA2|ghém
U+6AAC|quạt muồng
U+6ABA|cào
U+6AC2|trạc
U+6AC3|cũi
U+6AC8|đắng
U+6ACA|hàn gác
U+6AD7|mít
U+6ADF|lác
U+6AF3|trồng
U+6B04|đan lan
U+6B0A|quyền
U+6B17|lườn
U+6B20|khiếm
U+6B21|thứ
U+6B23|hân
U+6B32|dục
U+6B3A|khi
U+6B3D|khâm
U+6B3E|khoản
U+6B46|cắn hâm
U+6B47|hết
U+6B4C|ca
U+6B4E|thán
U+6B5B|liễm
U+6B5F|ru
U+6B61|hoan
U+6B62|chỉ
U+6B63|chính
U+6B64|thử
U+6B65|bộ
U+6B66|vũ
U+6B6A|quay
U+6B73|tuế
U+6B77|lịch
U+6B79|ngạt
U+6B7B|phơi tử
U+6B80|yểu
U+6B83|trưa ương
U+6B89|tuẫn
U+6B8A|thùa
U+6B98|đêm tàn
U+6BAA|ế
U+6BAE|liệm
U+6BAF|tấn
U+6BB5|đoạn
U+6BB7|ân
U+6BBA|sát
U+6BBC|nôi xác
U+6BBF|điện
U+6BC0|huỷ
U+6BC5|nghị
U+6BCB|vô
U+6BCD|mẫu
U+6BCF|dằm mỗi
U+6BD2|độc
U+6BD4|tỉ
U+6BDB|mao
U+6BEB|hào
U+6BEC|choác cầu
U+6BEF|xồm
U+6C02|li
U+6C08|chen
U+6C0F|thị
U+6C11|dân
U+6C13|manh
U+6C23|khí
U+6C34|héo thuỷ
U+6C38|vắng
U+6C40|đênh
U+6C41|chấp
U+6C42|cầu
U+6C4A|xoà
U+6C50|đập tách
U+6C53|tở
U+6C55|khung sươn
U+6C5B|vàm
U+6C5C|dẫy
U+6C5D|nhớ
U+6C5F|giang
U+6C60|trì
U+6C61|ô
U+6C68|nhặt
U+6C6B|giếng
U+6C70|vè thảy
U+6C72|cụm ngập
U+6C75|ngấm
U+6C7A|quyết
U+6C7F|dơ
U+6C81|tắm
U+6C83|óc
U+6C88|đắm
U+6C89|tròm
U+6C8C|xộn
U+6C90|múc
U+6C92|mớ một
U+6C93|đạp
U+6C94|miền
U+6C95|vắt
U+6C96|khem trong
U+6C99|vành sa
U+6C9A|chảy
U+6C9B|phải
U+6CAB|mượt
U+6CB1|săng đờ
U+6CB3|hà
U+6CB8|phí
U+6CB9|dầu
U+6CBB|trị
U+6CBC|trẻo
U+6CBE|chăm
U+6CBF|duyên
U+6CC4|tướt
U+6CC5|tù
U+6CC6|dật
U+6CC9|tuyền
U+6CCA|bạc
U+6CCD|bẩn
U+6CD1|ao
U+6CD5|pháp
U+6CD7|tứa
U+6CD9|bềnh
U+6CDB|phiếm
U+6CDC|dề
U+6CE0|lênh
U+6CE1|bàu
U+6CE2|ba
U+6CE3|khắp
U+6CE5|nhãn nề
U+6CE8|chú
U+6CEA|thớt lệ
U+6CEE|bợn
U+6CF0|thái
U+6D01|thợ cát
U+6D03|hôi
U+6D04|hói
U+6D05|tưới
U+6D0A|tuồn
U+6D0B|dương
U+6D0C|rét
U+6D0F|nhỉ
U+6D12|sái
U+6D17|tẩy
U+6D19|chua
U+6D1B|rặc
U+6D1E|đọng
U+6D1F|dề
U+6D21|giội
U+6D29|dáy
U+6D2A|suyền hồng
U+6D2E|rệu
U+6D32|chòng chao
U+6D33|nhơ
U+6D37|sờ xối
U+6D3B|hoạt
U+6D3E|phái
U+6D41|lưu
U+6D57|gàu
U+6D58|vã
U+6D60|hơ
U+6D61|bọt
U+6D65|ướp
U+6D67|sình
U+6D6C|rí
U+6D6E|phù
U+6D70|rời
U+6D77|hải
U+6D78|tắm
U+6D7D|nổi
U+6D82|dơ
U+6D85|nết
U+6D87|kinh
U+6D88|tiêu
U+6D89|thiệp
U+6D93|quen
U+6D96|rang rị
U+6D97|đuối
U+6D9E|thui
U+6DAF|rượi
U+6DB2|giá
U+6DB8|hạt
U+6DBC|lương
U+6DC1|thiếp
U+6DCB|lấm
U+6DCE|vũng
U+6DD2|thê
U+6DD8|đào
U+6DDA|lệ
U+6DDF|sượng đén
U+6DE1|đạm
U+6DE2|thổi vực
U+6DE4|ứa
U+6DE5|lóc
U+6DE9|lâng
U+6DEA|lún
U+6DEB|dâm
U+6DEC|rót
U+6DEE|hoài
U+6DEF|rộc
U+6DF1|thâm
U+6DF3|choang
U+6DF5|uyên
U+6DF6|lai
U+6DF7|hổn
U+6DF9|êm
U+6DFA|thiển
U+6DFB|thiêm thêm
U+6E03|nước
U+6E05|thanh
U+6E1A|chã
U+6E1B|giảm
U+6E20|cừ
U+6E21|đò
U+6E24|bọt
U+6E25|ốc
U+6E28|hoáy
U+6E29|ồn
U+6E2C|trắc
U+6E2D|ngan vây
U+6E2F|cảng
U+6E34|khát
U+6E3C|mẻ
U+6E44|mưa
U+6E45|rịn
U+6E46|ùm
U+6E48|sói mủ
U+6E4E|giờn
U+6E53|bùn
U+6E56|hồ
U+6E58|tương
U+6E5B|đậm
U+6E65|dột
U+6E67|rụng
U+6E68|xố
U+6E6F|thang
U+6E72|bợn
U+6E73|nươm
U+6E8B|duềnh
U+6E90|nguồn
U+6E95|trùng trụng
U+6E96|chuẩn
U+6E98|hụp
U+6EA7|rớt
U+6EAA|khe
U+6EB3|vờn
U+6EB6|ròng
U+6EC0|sốc
U+6EC2|bẵng
U+6EC5|diệt
U+6EC7|chan
U+6EC8|hao
U+6ECC|sạch
U+6ED1|gột
U+6ED4|thao
U+6EDD|sông
U+6EEF|sệ
U+6EF2|rướm
U+6EF4|nhích
U+6EFE|củn
U+6EFF|mãn
U+6F01|ngư
U+6F02|phều
U+6F09|lộc
U+6F0A|sâu
U+6F0F|lậu
U+6F11|ngấy
U+6F13|lầy
U+6F14|diễn
U+6F20|mạc
U+6F22|hán
U+6F23|lăn
U+6F28|vùng
U+6F2B|man
U+6F32|trướng
U+6F34|sòng
U+6F38|tiệm
U+6F3C|dồi
U+6F50|tèo
U+6F54|khiết
U+6F57|bập
U+6F59|vơi
U+6F5B|tiềm
U+6F60|lún
U+6F64|nhuần
U+6F66|lẻo
U+6F6D|đằm
U+6F6E|triều
U+6F6F|tầm
U+6F70|hói
U+6F77|vuốt
U+6F7A|sờn
U+6F84|chừng
U+6F86|khú nhão
U+6F8E|dề bành
U+6FA4|rạch
U+6FAE|gội
U+6FBE|dạt
U+6FC0|váng khích
U+6FC1|trọc
U+6FC3|nống
U+6FC8|xắp
U+6FD3|nhèm
U+6FD4|nhễ
U+6FD5|lậu thấp
U+6FDB|mông
U+6FDE|tia
U+6FE1|nhụa
U+6FE4|đào
U+6FE7|đuối
U+6FEB|lạm
U+6FFC|nhợt
U+7002|rỏ
U+7009|tả
U+700B|thẳm
U+7010|tươm
U+7018|lư
U+701D|lạch
U+7027|rông
U+703E|nhắm làn
U+7051|ngơ rợi
U+705F|luộc
U+7061|làn
U+706B|hoả
U+706F|đăng
U+7070|hôi
U+7075|linh
U+7076|táo
U+7078|cứu
U+707C|chước
U+707D|tai
U+707E|tai
U+708A|tròn sôi
U+708E|viêm
U+7090|phừng
U+7092|sao
U+7096|đoái đùn
U+709F|rán
U+70A4|chiếu
U+70A5|phụt
U+70A9|rạnh
U+70AA|đốt
U+70AD|than
U+70AE|pháo
U+70B3|đòng bính
U+70B6|trèm
U+70B9|điểm
U+70C8|liệt
U+70CA|rang
U+70CF|ô
U+70D8|hong
U+70DB|chúc
U+70DD|chưng
U+70E3|tro
U+70E4|khảo
U+70F8|mồi
U+70F9|phanh
U+7109|vờn
U+7112|lửa
U+7113|hầm
U+7119|vùi
U+711D|hun
U+711E|hửng
U+7120|sốt
U+7121|vô
U+7129|vằng
U+7130|diễm
U+7136|nhiên
U+713E|nám
U+7149|luyện
U+714F|bức
U+7164|muồi
U+7167|chiếu
U+7168|oi
U+7169|phiền
U+717D|phiến
U+7184|tắt
U+7185|đào ùn
U+718A|hùng
U+7191|mũi rim
U+7199|hây
U+719F|thục
U+71A3|thui
U+71A8|ủi
U+71B1|nhiệt
U+71B6|chói
U+71B7|tưng
U+71BE|xé
U+71C3|nhen
U+71C8|đăng
U+71C9|đun
U+71CE|díp liệu
U+71D0|lân
U+71D2|thiêu
U+71D5|én
U+71E5|táo
U+71E6|xán
U+71ED|đuốc
U+71F0|áy
U+71F6|nóng
U+71FB|hun
U+71FC|tần
U+7201|rám
U+7209|dộp
U+720C|quáng
U+7210|chùa lô
U+7219|nháng
U+721B|lạn
U+722A|trảo
U+722B|làm
U+722C|bò
U+722D|tranh
U+7230|vươn
U+7232|vay
U+7235|tước
U+723D|sửng
U+723E|nhãi
U+7240|giường
U+7246|teo tường
U+7247|phiến
U+7248|bản
U+724B|tiên
U+724C|bài
U+7252|điệp
U+7259|nha
U+725B|ngưu
U+725F|rậm màu
U+7262|lao
U+7263|nhẳn
U+7269|vật
U+7272|sinh
U+7279|đặc
U+7280|tê
U+72A0|nghé
U+72AF|phạm
U+72C0|trạng
U+72C2|cuồng
U+72C3|nữu
U+72C4|địch
U+72D0|hồ
U+72D4|nai
U+72D7|cẩu
U+72E1|giảo
U+72F9|hẹp
U+72FC|lừa lang
U+7309|cầy
U+730A|nghê
U+731B|mãnh
U+7322|hồ
U+732E|hiến
U+7334|hầu
U+733F|rô vượn
U+7344|đong ngục
U+7345|tép sư
U+7352|ngao
U+7353|ngao ngáo
U+7368|độc
U+736C|giải
U+7370|nanh
U+7372|hoạch
U+7375|lốp
U+7378|thú
U+737A|rái
U+737B|hiến
U+7384|huyền
U+7389|ngọc
U+738B|vương
U+73A1|ngà
U+73A9|ngoạn
U+73B2|liếng
U+73B3|ngan đồi
U+73B7|dẽ điếm
U+73C0|phách
U+73CA|san
U+73CD|trân
U+73E0|châu
U+73E5|yến nhẹ
U+73ED|ban
U+73FE|hiện
U+7403|cầu
U+7406|lí
U+7409|lưu
U+741C|trai
U+7422|chác
U+7434|cầm
U+7435|tì
U+7436|bà
U+7441|cười mồi
U+7459|não
U+745A|hô
U+745F|sắt
U+7464|rơm dao
U+746A|mã
U+7483|rế li
U+74A7|bích
U+74BD|tỉ
U+74CA|sừng quỳnh
U+74DC|qua
U+74E2|bầu
U+74E6|ngói
U+74F6|bình
U+74F7|dậu sứ
U+750C|âu
U+750D|mành
U+7513|bịch
U+7515|ống
U+7518|bả cam
U+751A|thậm
U+751F|sinh
U+7523|sản
U+7528|dụng
U+752B|phủ
U+7530|điền
U+7531|do
U+7532|giáp
U+7537|nam
U+754C|giới
U+754F|uý
U+7551|đèn
U+7559|lưu
U+755C|chuỗi súc
U+7562|đứt tất
U+7565|lược
U+756A|dẻo phen
U+756B|hoạ
U+7571|lưu
U+7576|đương
U+757A|cưng
U+758A|điệp
U+758B|sất
U+758F|sớ
U+7594|đinh
U+7597|lểu
U+759A|nhíu
U+75AA|tì
U+75AB|dịch
U+75B2|bì
U+75B8|đớn
U+75B9|chẩn
U+75BD|thư
U+75BE|tật
U+75C0|khú
U+75C5|bệnh
U+75C7|chứng
U+75CA|thuyên
U+75D4|trĩ
U+75D5|nốt ngấn
U+75D8|đậu
U+75DB|thống
U+75E2|lị
U+75F0|đờm
U+75F6|đẹn
U+75F9|tê
U+75FF|oải
U+7600|ứ
U+7601|tuỵ
U+760B|phong
U+7616|ốm
U+761F|ôn
U+7622|ban
U+7626|xấu
U+7634|chướng
U+7642|liệu
U+7646|còm lao
U+7650|quặm hủi
U+765C|đẹn
U+7661|si
U+7670|ung
U+7672|điên
U+7678|quý
U+767B|đăng
U+767C|phát
U+767D|bạch
U+767E|vầu bách
U+7684|đích
U+7686|giai
U+7687|hoàng
U+768B|đậu cau
U+7690|cau
U+76AE|bì
U+76BF|mãnh
U+76C3|bôi
U+76C6|phơ bồn
U+76C8|dềnh
U+76CA|ích
U+76CE|áng
U+76D2|hộp
U+76D4|khôi
U+76D7|đạo
U+76DB|thịnh
U+76DC|dừa
U+76DE|chén
U+76E1|tận
U+76E3|giám
U+76E4|bàn
U+76E7|lư
U+76EE|mục
U+76F2|xồm manh
U+76F8|tương
U+76FE|thuẫn
U+7701|tỉnh
U+7707|dẻo
U+7708|xẩm
U+7709|mi
U+770B|trầu khan
U+7713|mù
U+771B|muội
U+771C|mắt
U+771F|chân
U+7720|miên
U+7723|chợt
U+7729|gioèn
U+772A|rĩnh
U+772D|vờ khoé
U+7737|quyến
U+773C|cua nhản
U+773E|chúng
U+7752|cò gườm
U+7763|đốc
U+7766|mục
U+7768|nghễ
U+7778|mí
U+7779|đủ
U+778B|trân
U+7791|thằn manh
U+779E|man
U+77AD|lẹo
U+77B3|chàng tròng
U+77BB|chiêm
U+77BC|lim
U+77C7|mông
U+77CC|quạng
U+77D1|kẻ lờ
U+77D7|sực
U+77DB|mâu
U+77DC|căng
U+77E2|ngao thỉ
U+77E3|hỉ
U+77E5|tri
U+77E7|thẩn
U+77E9|củ
U+77ED|đoản
U+77EF|kiểu
U+77F3|thạch
U+7814|khăn nghiên
U+7827|khâm chỉm
U+782D|đãy bìm
U+7832|bâu pháo
U+7834|phá
U+784C|ngắc
U+786B|lưu
U+786C|khư ngạnh
U+786F|khố nghiền
U+7881|cờ
U+788D|ngại
U+788E|toái
U+789E|yếm nham
U+78A7|cời bích
U+78A9|thạc
U+78BA|xác
U+78CA|lối
U+78CB|vải tha
U+78D4|kẹt
U+78E8|mài
U+78EC|khánh
U+78F7|co lân
U+78FA|hoàng
U+78FE|sạn
U+790C|sỏi
U+790E|sờ
U+7919|ngại
U+7926|khoáng
U+792C|trối phèn
U+793A|đình thị
U+793C|lễ
U+793E|xã
U+795A|tộ
U+795D|chúc
U+795E|thần
U+7960|từ
U+7968|phiếu
U+796D|tế
U+797F|lộc
U+7980|bẩm
U+7981|cấm
U+798D|hoạ
U+798F|phúc
U+79A6|ngừa
U+79AB|đệm thiện
U+79AE|lễ
U+79B1|đảo
U+79B9|dừng vũ
U+79BB|le
U+79BD|cầm
U+79BF|thóc
U+79C0|tú
U+79C1|tư
U+79C9|bảnh
U+79CB|thu
U+79D1|khoa
U+79DF|dịp tô
U+79E4|xứng
U+79E5|chiêm
U+79E7|ương
U+79E9|trật
U+79F0|xưng
U+79F7|gié
U+79F8|gặt
U+79FB|dời
U+7A00|hi
U+7A0A|thê đề
U+7A0B|trình
U+7A0E|thuế
U+7A14|nậm
U+7A2E|chõng
U+7A31|xưng
U+7A3D|ghê
U+7A4A|cấy
U+7A4D|tích
U+7A4E|dĩnh
U+7A62|uế
U+7A69|ủn
U+7A6B|hoạch
U+7A6D|hớt lúa
U+7A74|huyệt
U+7A76|cứu
U+7A79|khum
U+7A7A|không
U+7A7F|xuyên
U+7A81|đột
U+7A88|yểu
U+7A92|khỏng
U+7A95|điệu
U+7A97|song
U+7A98|quẫn
U+7A9E|dòm
U+7AAE|cùng
U+7AC5|khíu
U+7ACB|lập
U+7AD9|trạm
U+7ADF|cánh
U+7AE0|chương
U+7AE5|đồng
U+7AED|kiệt
U+7AEF|đoan
U+7AF9|trúc
U+7AFF|cần
U+7B00|măng
U+7B08|cặp
U+7B18|đồn chòm
U+7B19|dấm sênh
U+7B1B|địch
U+7B20|lợp
U+7B23|vầu
U+7B24|giậu
U+7B26|bùa
U+7B2A|đác
U+7B2C|nồng đệ
U+7B2F|nò
U+7B31|càu
U+7B35|phạm
U+7B46|bút
U+7B49|đẳng
U+7B4B|gân
U+7B4F|phẹt
U+7B51|trúc
U+7B52|đồng
U+7B53|kê
U+7B54|đáp
U+7B56|sách
U+7B64|lẵng
U+7B65|rá
U+7B69|thúng
U+7B6D|toan
U+7B6E|vầu
U+7B72|sáo
U+7B87|cá
U+7B8F|tranh
U+7B95|kia
U+7B97|toán
U+7BA1|quản
U+7BA4|nhốt
U+7BAD|tiễn
U+7BB1|rương
U+7BB4|bú giăm
U+7BB8|giạ
U+7BC0|tiết
U+7BC6|triện
U+7BC9|trốc
U+7BD8|sô
U+7BD9|gàu
U+7BDD|quảu
U+7BE1|choán
U+7BE4|đốc
U+7BE5|sặt
U+7BE9|rây
U+7BF7|bong
U+7C1C|thang
U+7C21|giản
U+7C26|đăng
U+7C29|lau
U+7C2A|trâm
U+7C2B|tiêu
U+7C2C|rọ
U+7C3E|rèm
U+7C43|xờm
U+7C56|tăm
U+7C5A|gắt lờ
U+7C60|lồng
U+7C63|tràn
U+7C7A|hạt
U+7C83|tẻ
U+7C89|phấn
U+7C92|lạp
U+7C97|thô
U+7CA1|đòng
U+7CB9|tuý
U+7CBE|tinh
U+7CC6|à miến
U+7CCA|hồ
U+7CD6|đường
U+7CDD|tấm
U+7CDE|phân
U+7CE7|lương
U+7CFB|hệ
U+7D00|kỉ
U+7D04|ước
U+7D05|hồng
U+7D06|vò
U+7D07|hột
U+7D0B|văn
U+7D0D|nạp
U+7D10|néo
U+7D14|thuần
U+7D17|sa
U+7D19|chỉ
U+7D1A|cấp
U+7D1B|phân
U+7D20|tố
U+7D21|vưởng
U+7D22|sách
U+7D29|nhạu thắt
U+7D2B|tía
U+7D2C|dò
U+7D2F|luỵ
U+7D30|tới
U+7D33|thang
U+7D39|thiệu
U+7D42|chung
U+7D44|tổ
U+7D46|bận
U+7D4F|dây
U+7D50|kết
U+7D56|quang
U+7D5E|giảo
U+7D61|rạc
U+7D66|cấp
U+7D68|nhung
U+7D69|thêu
U+7D6C|thượt
U+7D71|thống
U+7D72|tơ
U+7D76|tuyệt
U+7D78|kén
U+7D7A|sì
U+7D89|tú
U+7D8F|nối
U+7D93|kinh
U+7DA0|lục
U+7DA3|cuộn
U+7DB1|cương
U+7DB2|võng
U+7DB8|luân
U+7DBD|xước
U+7DBE|trăng
U+7DBF|miên
U+7DC6|rợ
U+7DCA|khẩn
U+7DD8|dàm
U+7DDE|đoạn
U+7DE0|rế
U+7DE1|mần
U+7DE3|duyên
U+7DE8|biên
U+7DEF|vĩ
U+7DF4|luyện
U+7E08|quanh
U+7E0A|ải
U+7E0E|lăm gút
U+7E10|sô
U+7E1F|nhọc
U+7E23|huyện
U+7E31|tung
U+7E37|lụa
U+7E38|mắc
U+7E3A|nếm len
U+7E3D|tổng
U+7E3E|tích
U+7E41|phồn
U+7E53|nhè tói
U+7E54|chức
U+7E5A|lèo
U+7E5E|nhiễu
U+7E69|thằng
U+7E6A|gói
U+7E6D|kén
U+7E70|thao
U+7E72|dải
U+7E73|nhàu
U+7E76|giấy
U+7E78|choại
U+7E79|gịt
U+7E7C|kế
U+7E7E|khín
U+7E80|buộc
U+7E8C|tục
U+7E8F|triền
U+7E99|là
U+7F36|phẫu
U+7F38|cong
U+7F3A|khuyết
U+7F3D|bát
U+7F3E|bình
U+7F44|khánh
U+7F54|vóng
U+7F6A|tội
U+7F6E|trí
U+7F70|phạt
U+7F72|thợ
U+7F75|mạ
U+7F77|bãi
U+7F85|la
U+7F8A|dương
U+7F8E|mỉ
U+7F9D|dê
U+7FA1|tiện
U+7FA4|quần
U+7FA9|nghĩa
U+7FAE|canh
U+7FBD|võ
U+7FC1|ông
U+7FCE|ầm liệng
U+7FD2|tập
U+7FD5|hấp
U+7FE0|thuý
U+7FE1|phỉ
U+7FE5|chở
U+7FE9|phiến
U+7FFC|dực
U+8001|lão
U+8003|khảo
U+8012|lồi
U+8015|canh
U+8017|hao
U+8019|khịt bừa
U+801E|rội
U+8028|nậu
U+8033|nhĩ
U+803D|xẩm
U+8040|giõng giấc
U+8056|thánh
U+8058|sánh
U+805A|tụ
U+806F|liên
U+8070|thông
U+8072|thanh
U+8077|chức
U+807D|thính
U+809D|gan
U+80A1|cổ
U+80A2|chi
U+80A3|cằm
U+80A5|phì
U+80AD|nọi
U+80AF|khẳng
U+80B1|quăng
U+80B2|dục
U+80C2|thăn
U+80C4|trụ
U+80C6|đảm
U+80CC|bối
U+80CE|thai
U+80D2|tiếng nây
U+80D6|bỡn
U+80D7|chẩn
U+80DC|thắng
U+80DD|đì
U+80DE|bào
U+80E3|dạ
U+80E4|dận
U+80ED|nhân
U+80F1|choáng
U+80F3|cặc
U+80F8|hông
U+80FA|ươn
U+80FC|bẹn
U+80FD|năng
U+8105|hiếp
U+8131|thoát
U+8139|trướng
U+813E|tì
U+813F|óng béo
U+814B|nách
U+814E|thận
U+8150|hủ
U+8151|phủ
U+8154|xoang
U+8155|oản
U+815B|óc
U+8165|tanh
U+8166|não
U+8169|nem
U+816B|thũng
U+8170|yêu
U+8179|phục
U+817F|thoái
U+8181|còm
U+818F|cao
U+81A0|keo
U+81A8|bành
U+81BD|đảm
U+81BE|gỏi
U+81BF|nọng
U+81D8|chạp
U+81DF|tạng
U+81E3|thần
U+81E7|tang
U+81EA|tự
U+81ED|xú
U+81F3|chí
U+81F4|nhí
U+81FC|cối
U+8202|thung
U+8205|cậu
U+8207|dữ
U+8208|hưng
U+8209|cử
U+820C|thiệt
U+820D|xá
U+8212|thư
U+8216|phố
U+8218|quán
U+821C|thuấn
U+821E|vũ
U+822A|hàng
U+822C|bàn
U+8239|thuyền
U+824B|mành
U+825A|tàu
U+825F|xuồng
U+826E|cấn
U+826F|lương
U+8271|gian
U+8272|sắc
U+8277|diễm
U+8278|tháu
U+827A|ớt
U+827E|ngải
U+827F|ạc nẩy
U+8283|bông
U+828D|thược
U+828E|khung
U+8292|mang
U+8299|phù
U+829D|chi
U+829F|sam
U+82A3|búp
U+82AE|nối
U+82B1|hoa
U+82B7|chỉ
U+82B9|cần
U+82BB|so
U+82BC|mào
U+82BE|nào
U+82BF|nhăng
U+82D1|oản
U+82D3|linh
U+82D4|đầy
U+82D7|meo
U+82D9|rợp
U+82DD|bấc
U+82E4|phi
U+82E5|nhược
U+82E6|khổ
U+82EB|chôm
U+82ED|ấu
U+82F1|anh
U+82F2|nghêu rạ
U+82F3|rong
U+82FE|bí
U+8300|phất
U+8301|đốt
U+8304|nhà
U+830C|sậy
U+8319|ngồng
U+8326|thuốc
U+832B|mương
U+8336|trà
U+8339|nhà
U+833A|súng
U+833C|đòng
U+8344|gai
U+8347|hành
U+8349|thảo
U+834D|thẩu
U+834E|chuối
U+8351|sún rì
U+8352|hoang
U+8354|lệ
U+8378|mụt
U+837C|dưa
U+8386|bo
U+838A|trang
U+8393|mội
U+8396|hành
U+83A4|giậu
U+83AA|ngò
U+83AB|mạc
U+83AF|móc
U+83B0|vay khúm
U+83CA|cúc
U+83CD|đặt nấm
U+83D5|hăm trun
U+83DB|môn
U+83DF|tho
U+83E9|bồ
U+83EB|ngẩn
U+83EF|hoa
U+83F1|lăng
U+83F4|am
U+83F6|phụng
U+83FB|lùm
U+840A|lai
U+840C|manh
U+840D|bềnh
U+8421|bạc
U+8429|thèm tho
U+842B|hảng
U+842C|vạn
U+843B|âm
U+843D|lạc
U+843E|giềng
U+8447|nhú
U+8449|diệp
U+8456|nhút
U+8457|trứ
U+8463|đổng
U+8469|ba
U+846B|hồ
U+846C|táng
U+846F|dược
U+8475|quỳ
U+8478|tơi
U+847B|bông
U+8482|đế
U+8499|mông
U+849C|tỏi
U+84A3|dừa
U+84B2|bồ
U+84B8|chưng
U+84C3|sấu
U+84C9|rong
U+84CB|cái
U+84D0|dối nóc
U+84D3|bụi
U+84EC|bồng
U+84EE|sen
U+84FB|giấp
U+8511|miệt
U+8513|mơn
U+8517|giá
U+8518|sam
U+8520|chông
U+852D|ấm
U+8541|tùm
U+8544|muống
U+8549|tiêu
U+854A|nhị
U+854B|nhị
U+854E|ướm kiệu
U+8559|huệ
U+855E|tỏi
U+8569|đãng
U+8577|nhựa
U+8586|ái
U+8588|cói
U+858F|é
U+8591|gừng
U+8595|rơm
U+85B7|nho
U+85C9|chạ
U+85CD|lam
U+85D5|ngó
U+85DD|nghệ
U+85DE|lủi
U+85E4|đằng
U+85E5|dược
U+85EA|sú
U+85F6|lịch
U+8607|to
U+860B|tần
U+861D|lém
U+8622|lùng
U+863A|loe
U+863F|lá
U+864E|hổ
U+8650|ngược
U+8654|kiền
U+8655|xử
U+865A|hư
U+865F|hiệu
U+8667|khuya
U+866B|trùng
U+866C|gù
U+866F|cù
U+8676|vò
U+8678|tửa
U+8693|rận
U+8695|tằm
U+869C|nhá
U+86A4|tao
U+86A7|nhái
U+86A8|phù
U+86A9|si
U+86AB|bâu
U+86B5|hà
U+86C0|chấu
U+86C7|xà
U+86D2|cắc
U+86DB|châu
U+86DF|giao
U+86E6|nhăn dơi
U+86ED|chấy
U+86EE|man
U+86F9|nhộng
U+8700|xọc
U+8702|ong
U+8705|bò
U+8706|kiến
U+8707|xít
U+870D|thờ
U+871A|bay
U+871C|mật
U+8726|trun
U+874E|rết
U+8752|gò nhện
U+8763|du
U+8769|trùn
U+8773|nọc
U+8774|hà
U+8776|điệp
U+8789|ong
U+87A0|ếch
U+87A2|huỳnh
U+87AE|giải
U+87BB|sâu
U+87C4|trập
U+87D2|mãng
U+87DF|liu
U+87E1|ve
U+87EF|nghêu
U+87F2|trùng
U+87F3|tằm
U+8805|nhặng
U+8810|xê
U+8813|chĩnh mòng
U+881B|mọt
U+881F|rệp
U+8821|lãi
U+8822|xuẩn
U+882C|rồng
U+8836|tằm tàm
U+883B|mán
U+8840|huyết
U+884A|mét
U+884C|hàng
U+8853|thuật
U+885B|vệ
U+8863|y
U+8868|biểu
U+886B|oam
U+8870|suy
U+8872|nẹp
U+887E|khâm
U+8884|áo
U+8888|cà
U+888B|đãy
U+888D|bào
U+888F|ven tã
U+8891|chéo
U+8896|tụ
U+8899|mặc
U+889E|gọn
U+88A9|xiêm
U+88AB|bị
U+88B4|khố
U+88C1|trài
U+88CA|nẻo
U+88D2|bâu
U+88D5|dịu
U+88D8|cừu
U+88D9|quần
U+88DC|bổ
U+88DD|trang
U+88F1|bíu
U+88F4|bùi
U+88F8|khoả
U+88FD|chế
U+8913|bìu
U+8932|khố
U+8936|chấp
U+8946|bọc
U+894A|túi
U+894C|thiền
U+8958|cổi
U+8972|tập
U+8975|nếp
U+897F|tây
U+8981|yếu
U+898B|kiến
U+898F|qui
U+8996|thị
U+89AA|thân
U+89BA|giác
U+89BD|lãm
U+89C0|quan
U+89D2|góc
U+89DF|khoé
U+89E1|gạc
U+89E3|giải
U+89F8|xúc
U+8A00|ngôn
U+8A02|đính
U+8A03|phó
U+8A08|kể
U+8A0E|thảo
U+8A13|huấn
U+8A17|thác
U+8A18|kí
U+8A1B|ngoa
U+8A1F|tụng
U+8A25|dốt
U+8A2A|phỏng
U+8A2D|thết
U+8A31|hứa
U+8A34|tố
U+8A3A|chẩn
U+8A3B|chú
U+8A3C|chứng
U+8A50|trá
U+8A54|chiếu
U+8A55|bình
U+8A5B|trớ
U+8A5E|từ
U+8A60|vịnh
U+8A66|thí
U+8A69|thi
U+8A70|cật
U+8A71|thoại
U+8A73|tường
U+8A85|tru
U+8A87|khoa
U+8A8C|chí
U+8A8D|nhận
U+8A93|thề
U+8A98|dụ
U+8A9E|ngữ
U+8AA0|thành
U+8AA3|vu
U+8AA6|tụng
U+8AA8|hối
U+8AAC|thuyết
U+8AB2|khoá
U+8ABF|điều
U+8AC2|siểm
U+8AC7|đàm
U+8ACB|thỉnh
U+8AD2|lượng
U+8AD6|luận
U+8ADB|hùa
U+8ADC|điệp
U+8AE7|hài
U+8AEB|gián
U+8AED|dụ
U+8AF1|huý
U+8AF3|am
U+8AF6|thầm
U+8AF7|phúng
U+8AF8|chư
U+8AFA|ngạn
U+8AFE|nặc
U+8B00|mưu
U+8B01|yết
U+8B0E|mê
U+8B14|hước
U+8B17|báng
U+8B19|khiêm
U+8B1B|giảng
U+8B1D|tạ
U+8B20|dao
U+8B28|mô
U+8B2B|trích
U+8B39|cẩn
U+8B49|chứng
U+8B4E|quyệt
U+8B5C|phả
U+8B66|khểnh
U+8B6C|thí
U+8B6F|dịch
U+8B70|nghị
U+8B74|khiển
U+8B77|hộ
U+8B7D|dự
U+8B80|độc
U+8B8A|biến
U+8B8E|thù
U+8B92|sàm
U+8B93|nhường
U+8B9A|tán
U+8C37|cốc
U+8C3F|khê
U+8C46|đậu
U+8C49|xị
U+8C50|phong
U+8C55|thỉ
U+8C61|tượng
U+8C6A|hào
U+8C6C|trư
U+8C78|trại
U+8C79|beo
U+8C7A|sài
U+8C85|hươu
U+8C93|mèo
U+8C9D|buổi
U+8C9E|trinh
U+8CA0|phụ
U+8CA1|tài
U+8CA2|cống
U+8CA7|bần
U+8CA8|hoá
U+8CAA|tham
U+8CAB|quan
U+8CAC|trách
U+8CAF|trữ
U+8CB0|thởi
U+8CB3|nhị
U+8CB4|quý
U+8CB6|biếm
U+8CB7|mãi
U+8CBB|phí
U+8CC0|hạ
U+8CC2|lộ
U+8CCA|tặc
U+8CD3|tân
U+8CDE|thưởng
U+8CE2|hiền
U+8CE3|mại
U+8CE4|tiện
U+8CE5|đút
U+8CE6|phú
U+8CEA|chất
U+8CED|đổ
U+8CF5|phúng
U+8D08|tặng
U+8D0D|thiệm
U+8D13|tang
U+8D16|chuộc
U+8D64|xích
U+8D66|xá
U+8D67|nấn
U+8D6B|hách
U+8D70|tẩu
U+8D74|phó
U+8D77|khởi
U+8D81|sấn
U+8D85|siêu
U+8D8A|việt
U+8DA0|rượt
U+8DA3|thú
U+8DA8|xu
U+8DB3|túc
U+8DBE|nhảy
U+8DBF|kịp
U+8DCC|trặc
U+8DD5|chồm
U+8DDD|cựa
U+8DDF|ngấn
U+8DE1|tích
U+8DE2|đá
U+8DE9|dậy
U+8DEA|quỳ
U+8DEC|khoẻ
U+8DEE|chọi
U+8DEF|lộ
U+8DF3|khêu
U+8E0F|đạp
U+8E14|xợt
U+8E16|tếch
U+8E18|guốc
U+8E23|vội
U+8E24|nhót
U+8E2A|tông
U+8E38|chậm
U+8E44|đế
U+8E46|thủi
U+8E47|kiễng
U+8E48|dạo
U+8E49|tha
U+8E4E|chân
U+8E5C|tốc
U+8E5F|tích
U+8E62|nhích
U+8E7A|nghều
U+8E7B|kều
U+8E7D|trèo
U+8E81|tháo
U+8E85|ghen xộc
U+8E87|chứa
U+8E8A|trù
U+8E8D|dược
U+8E90|láp
U+8E98|ruông
U+8EAB|thân
U+8EAC|cung
U+8EBA|thẳng
U+8EC0|xo
U+8ECA|xa
U+8ECC|quẫy
U+8ECD|quân
U+8ECF|ngột
U+8ED2|hiên
U+8EDF|nhuyễn
U+8EF8|trục
U+8EFF|bánh
U+8F09|tải
U+8F15|khinh
U+8F1D|huy
U+8F1E|võng
U+8F29|bối
U+8F2A|luân
U+8F38|thâu
U+8F44|hạt
U+8F49|chuyển
U+8F4E|kiệu
U+8F5F|huênh
U+8F9B|tân
U+8F9E|từ
U+8F9F|vếch
U+8FA3|lượt
U+8FA8|biện
U+8FB1|nhọc
U+8FB2|nông
U+8FC2|vu
U+8FC4|hất
U+8FC7|quá
U+8FCD|trêu đón
U+8FCE|nghênh
U+8FD1|cận
U+8FD4|phản
U+8FDC|viễn
U+8FE1|chầy
U+8FE2|dìu
U+8FE6|dà
U+8FEB|bách
U+8FED|dật
U+8FF0|thuật
U+8FF4|hồi
U+8FF7|mê
U+8FF9|tích
U+8FFB|áy đưa
U+8FFD|truy
U+8FFE|lướt
U+9000|thoái
U+9001|tống
U+9003|đào
U+9006|nghịch
U+900B|bô
U+900E|tùa
U+900F|thấu
U+9010|trục
U+9014|đồ
U+901A|thông
U+901E|sính
U+901F|tốc
U+9020|tạo
U+9022|phùng
U+9023|liên
U+902D|quần
U+9031|chu
U+9032|tiến
U+9034|rước
U+9038|dật
U+903C|bức
U+903E|du
U+9041|trốn
U+9042|toại
U+9047|ngộ
U+904A|du
U+904B|vận
U+904E|quá
U+904F|át
U+9053|đạo
U+9054|đạt
U+9055|vi
U+9059|diêu
U+905E|đệ
U+9060|viễn
U+9063|khiến
U+9068|ngao
U+9069|thích
U+906D|tao
U+906F|rộn
U+9072|trì
U+9074|lận
U+9075|tuân
U+9076|nháo
U+9077|thiên
U+9078|tuyển
U+907A|di
U+907F|tị
U+9081|mại
U+9084|hoàn
U+9085|chênh
U+908A|biên
U+908F|lạ
U+9091|ấp
U+9099|mương
U+90A3|na
U+90A6|vâng
U+90AA|tà
U+90BE|chau
U+90CE|lang
U+90E1|quận
U+90E8|bộ
U+90ED|quách
U+90FD|đô
U+9115|hương
U+9119|bẽ
U+9127|đặng
U+912D|trịnh
U+9130|lân
U+9149|dấu
U+914C|chước
U+914D|phối
U+9156|đam
U+9169|mỉnh
U+916C|thù
U+9172|xành
U+9177|khốc
U+9192|tỉnh
U+919C|xấu
U+919D|say
U+91AB|y
U+91AC|tương
U+91CB|thích
U+91CC|lịa
U+91CD|trọng
U+91CE|dã
U+91D1|kim
U+91D5|rẻo
U+91D8|đinh
U+91DD|châm
U+91DF|ngoắt nhíp
U+91E7|xuyến
U+91ED|cong
U+91F5|thoa
U+9202|đâm
U+920C|khoét
U+920D|nhọn
U+9210|kiềm
U+9215|nạo
U+9219|nhặt chìa
U+922E|bắn nỉa
U+9238|bạt
U+923C|rựa
U+923D|búa
U+924A|rìu
U+924B|bào
U+9251|bạc
U+9257|kiềm
U+925B|duyên
U+925E|việt
U+9264|câu
U+9266|chiêng
U+927B|lạc
U+9280|ngân
U+9283|súng
U+9285|đồng
U+928A|nhong
U+9291|ten
U+9299|giơ khoá
U+92B7|tiu
U+92C2|mũi
U+92DF|xăm
U+92E5|cất xiềng
U+92E6|cuốc
U+92EA|phố
U+92ED|nhọn
U+92EF|cạo
U+92F2|lấp beng
U+92F8|cưa
U+92FC|gang
U+9301|khoá
U+9306|thanh
U+9310|duì
U+931A|trành
U+9320|đĩnh
U+9322|tiền
U+9326|gấm
U+9329|xuổng
U+932B|thiếc
U+932F|thó
U+9344|dí kiềng
U+934A|luyện
U+936E|thau
U+937A|chá
U+937C|châm
U+937E|chung
U+938C|gươm
U+9396|toả
U+9397|thương
U+93AC|nhúm cào
U+93AE|trấn
U+93B0|dát
U+93B6|nhẹ cà
U+93CC|mác
U+93D7|trét keng
U+93E1|kẻng
U+93E2|tiu
U+9404|bịt vàng
U+9410|banh rìu
U+9412|xoá lao
U+9418|chuông
U+9419|đâng
U+942E|liềm
U+9430|khuân thau
U+9431|kẽm
U+9432|đục
U+9435|thiết
U+9438|đạc
U+943B|gánh cứa
U+9445|lỏng vành
U+944A|vạc
U+9455|sểnh chặt
U+9460|thước
U+9467|thoa khoan
U+9468|xuổng
U+947C|la
U+947F|tạc
U+9577|trường
U+9580|môn
U+9589|bế
U+958B|khai
U+958D|muôn
U+958F|nhuận
U+9591|nhàn
U+9593|gian
U+95A3|các
U+95A7|hổng
U+95A8|khuê
U+95B2|duyệt
U+95BE|vắc
U+95CC|làn
U+95D6|sấm
U+95DC|quan
U+95E1|xén
U+962E|nguyễn
U+9632|phòng
U+963B|trở
U+9642|bê
U+9644|phò
U+964B|lậu
U+964D|giáng
U+9650|hạn
U+965B|bệ
U+965E|thăng
U+9662|viện
U+9663|trận
U+9664|trừ
U+9670|âm
U+9672|thuỳ
U+9673|trần
U+9675|lăng
U+9677|hãm
U+9678|lục
U+967D|dương
U+9684|đê
U+9686|long
U+968A|đội
U+968E|giai
U+9694|cách
U+9698|ải
U+9699|khích
U+969C|chướng
U+96A8|tuỳ
U+96AA|hiểm
U+96B0|thấp
U+96B1|ẩn
U+96B4|luống
U+96BB|chiếc
U+96C0|tước
U+96C4|hùng
U+96C5|nhã
U+96C6|tập
U+96C9|trĩ
U+96CB|tuấn
U+96CC|thư
U+96CD|ủng
U+96D6|tuy
U+96D9|song
U+96DC|tạp
U+96E2|li
U+96E3|nan
U+96F2|vân
U+96F4|rợp
U+96F6|lênh
U+96F7|lôi
U+9702|đong móc
U+9706|đình
U+9708|pháy
U+970D|hoắc
U+970F|phay
U+9711|dìm
U+9713|nghi
U+9716|lâm
U+971C|sương
U+9727|vụ
U+972A|dầm
U+9732|lộ
U+9738|bá
U+9740|mống
U+9742|rích
U+9748|linh
U+9752|thanh
U+975E|phi
U+9761|mị
U+9785|óng
U+978B|hài
U+978D|yên
U+978F|củng
U+97A0|cúc
U+97C1|cương
U+97F3|âm
U+97F5|vần
U+97F6|thiều
U+97FB|vận
U+97FF|hướng
U+9802|đính
U+9803|khoảnh
U+9805|hạng
U+9806|thuận
U+9808|tua
U+980C|tụng
U+9810|dự
U+9811|ngoan
U+9813|đốn
U+9817|phở
U+9818|lãnh
U+9821|gật
U+982D|đầu
U+9834|nhánh
U+983A|đồi
U+984D|ngạch
U+9852|dong ngóng
U+9854|nhan
U+9858|nguyện
U+985B|điên
U+985E|loại
U+9867|cố
U+986F|hiển
U+98A8|phong
U+98AF|táp
U+98C4|phiêu
U+98DB|phi
U+98E2|cơ
U+98ED|sức
U+98F2|ẩm
U+9905|bánh
U+990A|dưỡng
U+9912|nuôi
U+9918|dư
U+9928|quán
U+9932|ưởi
U+994C|soạn
U+9951|cơ
U+9952|nhiêu
U+995E|thèm
U+9996|thủ
U+9999|hương
U+99A5|phức
U+99A8|hanh
U+99AC|mã
U+99AD|ngựa
U+99B4|thuần
U+99C1|bác
U+99D0|trú
U+99D2|câu
U+99D5|giá
U+99D9|phò
U+99DD|đà
U+99E2|bền
U+99ED|hãi
U+99F8|xăm
U+99FF|tuấn
U+9A05|choai
U+9A0E|kị
U+9A37|tao
U+9A45|xúi
U+9A55|kiêu
U+9A57|nghiệm
U+9A5A|kinh
U+9A5B|dịch
U+9A5F|sậu
U+9A62|lừa
U+9AA8|cốt
U+9AB8|hài
U+9ABE|ngạnh
U+9AC5|vày lâu
U+9AD3|tuỷ
U+9AD4|thể
U+9AD8|cao
U+9AE6|mao
U+9AEF|nhẹm
U+9B02|bấn
U+9B1A|tu
U+9B20|xoáy
U+9B25|đấu
U+9B26|đấu
U+9B27|náo
U+9B29|huých
U+9B2A|đấu
U+9B2D|đấu
U+9B3C|quỷ
U+9B41|khôi
U+9B42|hồn
U+9B44|phách
U+9B54|ma
U+9B5A|ngư
U+9B6F|lỗ
U+9B89|quẳng chạo
U+9BAE|tiên
U+9BB9|tiêu
U+9BE2|nghê
U+9BE8|kình
U+9C31|nặn lươn
U+9C59|nghéo
U+9C60|gỏi
U+9C78|rô
U+9CE5|điểu
U+9CE9|cưu
U+9CF3|phượng
U+9CF6|diều
U+9D1B|uyên
U+9D1D|cu
U+9D26|ương
U+9D3B|hồng
U+9D52|cốc
U+9D5D|nga
U+9D61|vũ
U+9D6C|bằng
U+9D72|thước
U+9D74|cuốc
U+9DAF|oanh
U+9DB4|hạc
U+9DBA|chích
U+9DC2|diều
U+9DCB|chà
U+9DDF|sạt
U+9DEE|keo
U+9DF9|ưng
U+9E0C|vạc
U+9E0F|mòng
U+9E1C|cò
U+9E1E|loan
U+9E7F|lộc
U+9E82|hoẵng
U+9E91|nghê
U+9E92|kì
U+9E97|lệ
U+9E9D|xạ
U+9E9F|lân
U+9EA5|mạch
U+9EBA|miến
U+9EBB|ma
U+9EBD|mô
U+9EC4|hoàng
U+9ECE|lê
U+9ED1|hắc
U+9ED8|mặc
U+9EDE|điểm
U+9F0E|đỉnh
U+9F4A|tày
U+9F52|xỉ
U+9F8D|long
U+FA0F|cốc
U+FA21|sên
U+FA24|gặp
U+20016|khạng
U+20017|khệnh
U+20027|ba
U+20028|cụp
U+2002A|khà
U+2002B|khề
U+20032|đứa
U+20033|rẻ
U+20034|trụt
U+2003F|xuôi
U+20040|đời
U+20042|đứa
U+20044|luồn
U+20051|dưới
U+20054|sánh
U+20059|chả
U+2005A|cúi
U+2005D|gồm
U+2005F|gồm
U+2006A|nhắm
U+20075|giữa
U+20078|suốt
U+20079|giữa
U+2007A|xuyên
U+2007B|chuỗi
U+2008E|ấy
U+200AA|bèn
U+200AB|bèn
U+200C5|mái
U+200DD|út
U+200E3|ít
U+200E9|chín
U+200EF|ụt
U+200F7|út
U+20100|vú
U+2011C|thờ
U+20126|gộp
U+20127|vài
U+20129|hai
U+2012F|bẩn
U+20133|kép
U+20136|nhăm
U+2013A|giếng
U+2013B|lăm
U+2013C|năm
U+2013D|vài
U+2014D|mất
U+2014E|mất
U+20150|mất
U+20152|mất
U+2015C|lề
U+20173|quên
U+2017B|quên
U+2017C|mất
U+2018D|sởn
U+201B3|trùm
U+201CD|với
U+201D5|va
U+201D6|bợm
U+201FC|hùa
U+201FD|tốp
U+2020B|nhòng
U+2025C|vãi
U+2025D|nghĩ
U+2025E|nay
U+2025F|xiên
U+20260|trày
U+20271|phường
U+20299|nghè
U+2029A|ngài
U+2029B|người
U+2029C|nhố
U+2029D|thay
U+2029F|thằng
U+202A1|vững
U+202AB|toạng
U+202E5|mày
U+202E6|mụ
U+202FA|tao
U+20326|nập
U+20327|nạ
U+20328|phía
U+20363|bầy
U+20364|bụt
U+20365|bợm
U+20366|hèn
U+2036D|gấp
U+20375|dáng
U+2038A|xúm
U+203A8|cắp
U+203A9|bay
U+203AA|lũ
U+203AB|chầu
U+203AC|đấng
U+203B4|vải
U+203DF|bặm
U+203E0|gã
U+203E5|ngài
U+203E6|đừng
U+203ED|tụi
U+203F2|thợ
U+203F3|giống
U+20405|nghè
U+2041E|trỗi
U+2042C|đòi
U+20438|dôi
U+20448|trộm
U+20449|thói
U+2044B|lọng
U+20455|ngửa
U+20456|ngôi
U+20462|nghè
U+2046C|nhau
U+204A5|ràng
U+204A6|rỡ
U+204AC|vặc
U+204AF|nhóc
U+204B7|tin
U+204C0|trước
U+204C1|rạng
U+204C5|vằng
U+204C7|sáng
U+204D0|quanh
U+204D1|rõ
U+204D4|mống
U+204E8|vào
U+204E9|nhúi
U+204EC|lặn
U+204F9|lọn
U+204FA|vô
U+204FB|trọn
U+20526|lính
U+2052D|tám
U+2052E|gồm
U+20588|xuống
U+20598|nắp
U+2059D|liệng
U+205A4|bay
U+205A8|mồng
U+205AD|lẻo
U+205AF|ngắt
U+205B0|dãy
U+205BE|mát
U+205BF|ròng
U+205E3|lún
U+205E4|váng
U+205F0|trơn
U+205F8|cóng
U+205F9|rét
U+20603|đọng
U+20645|sập
U+20663|bẫy
U+20690|mọc
U+206A2|ra
U+206AF|gọt
U+206CC|châm
U+206E3|đứt
U+206E4|chém
U+2070F|đẽo
U+2072C|đẵn
U+2072D|đâm
U+2072E|húi
U+2072F|cạo
U+20747|bào
U+20753|xẻ
U+20754|thái
U+20755|cùn
U+20756|tách
U+20757|đứt
U+2076B|mẻ
U+2077A|mổ
U+2077B|chạm
U+2077C|mổ
U+2079B|thiến
U+2079F|cạo
U+207A0|chặt
U+207A1|gọt
U+207A2|băm
U+207B8|đẽo
U+207B9|dứt
U+207BA|lần
U+207C0|đẽo
U+207E4|thiến
U+207E5|hoắt
U+207F2|vạc
U+207F8|gặt
U+207F9|rựa
U+20809|bửa
U+2080A|cứng
U+2080D|lê
U+20811|tét
U+20819|rìu
U+2081A|xẻ
U+20829|trước
U+2082D|chớm
U+2084E|rán
U+2084F|siêng
U+2085A|gắng
U+2085B|nhằn
U+20867|rặn
U+2087A|khướt
U+20891|nhọc
U+2089D|vâm
U+2089E|giúp
U+2089F|giúp
U+208AC|lử
U+208C2|rướn
U+208DB|móc
U+208F6|bịt
U+20906|chớ
U+2090C|chớ
U+20927|thìa
U+20929|bẩy
U+20948|khám
U+20964|giấu
U+209A9|mươi
U+209AF|gắn
U+209B3|nghìn
U+209B9|chục
U+209BA|rưỡi
U+209BB|lưng
U+209BF|xừng
U+209C6|trọn
U+209CC|nhẩy
U+209CD|nhú
U+20A21|trứng
U+20A2A|nghèo
U+20A55|mé
U+20AB8|rạp
U+20AC5|dày
U+20AC6|dầy
U+20ACF|rột
U+20AFE|đi
U+20B03|bỏ
U+20B09|tránh
U+20B12|cút
U+20B15|bỏ
U+20B16|bỏ
U+20B20|một
U+20B64|trở
U+20BA9|léo
U+20BBE|ngọt
U+20BBF|xôn
U+20BC5|dức
U+20BC7|rỉ
U+20BCB|hề
U+20BE6|thét
U+20BEA|ngát
U+20BF9|nhẵng
U+20BFB|ào
U+20BFC|dành
U+20BFD|chửi
U+20BFE|tườu
U+20BFF|lóc
U+20C00|diếu
U+20C01|gáy
U+20C02|ngoen
U+20C03|nhảm
U+20C09|nhậu
U+20C0C|mách
U+20C0D|chõ
U+20C0F|mớm
U+20C19|khen
U+20C2D|méo
U+20C33|phĩnh
U+20C37|lơ
U+20C3A|dạy
U+20C40|phờ
U+20C44|miệng
U+20C45|quai
U+20C46|dặng
U+20C47|hoẹt
U+20C48|thẻ
U+20C49|rịn
U+20C4A|sẽ
U+20C4B|rồ
U+20C4C|nhại
U+20C4D|phớm
U+20C5C|chùn
U+20C64|tròi
U+20C76|vổ
U+20C8F|nhắm
U+20C93|hàng
U+20C94|nhiếc
U+20C96|e
U+20C9C|giành
U+20C9F|gạn
U+20CA0|thầu
U+20CA1|hão
U+20CA2|đáu
U+20CA3|huýt
U+20CA4|nhở
U+20CA5|lẽ
U+20CA6|nhung
U+20CA7|thức
U+20CA8|trề
U+20CAE|khinh
U+20CB5|mép
U+20CB9|cãi
U+20CBA|ngập
U+20CBF|thốc
U+20CD0|vâng
U+20CD1|ực
U+20CD2|lời
U+20CD7|xác
U+20CD8|nhú
U+20CD9|thay
U+20CDA|cãi
U+20CDD|bựa
U+20CE8|hỏi
U+20CF9|sằng
U+20CFA|lẩn
U+20CFF|vãi
U+20D09|ngoẻn
U+20D0A|rở
U+20D0B|phào
U+20D0C|nhanh
U+20D0D|nhắn
U+20D0E|óc
U+20D0F|màng
U+20D10|núc
U+20D11|nở
U+20D12|rểnh
U+20D13|đay
U+20D14|chiềng
U+20D15|diễu
U+20D16|vọi
U+20D17|dỗ
U+20D18|thổn
U+20D19|bở
U+20D1A|toác
U+20D1B|gùng
U+20D1C|kẽ
U+20D1D|uông
U+20D1E|bạn
U+20D20|biếng
U+20D24|vũm
U+20D25|ngoàm
U+20D2B|thút
U+20D3C|đáu
U+20D4B|nẹt
U+20D4F|xạp
U+20D50|mép
U+20D58|mồm
U+20D5A|ngán
U+20D68|ngáy
U+20D69|quở
U+20D71|e
U+20D7D|phập
U+20D80|thăm
U+20D81|nhử
U+20D82|sủa
U+20D83|ngoạm
U+20D84|gạ
U+20D85|trêu
U+20D86|mời
U+20D87|viếng
U+20D88|sỗ
U+20D89|bặng
U+20D8A|phà
U+20D8B|rỉa
U+20D8C|cặn
U+20D8D|chũm
U+20D8E|bẻ
U+20D8F|phỉnh
U+20D90|nghễnh
U+20D91|u
U+20D92|đắt
U+20D93|bẻo
U+20D94|quại
U+20D95|nhàu
U+20D96|uống
U+20D97|sực
U+20D98|sắt
U+20D99|bộp
U+20D9A|ạ
U+20D9B|kiêng
U+20D9C|chế
U+20D9D|sựa
U+20D9E|nhính
U+20D9F|ép
U+20DA0|trẹ
U+20DA1|trối
U+20DA2|dù
U+20DA3|mai
U+20DA4|sượng
U+20DA5|khúng
U+20DA6|mẹo
U+20DAF|chụt
U+20DC7|thè
U+20DE4|phào
U+20DE5|đành
U+20DE6|miếng
U+20E02|giọt
U+20E04|inh
U+20E0D|mé
U+20E12|bảu
U+20E13|quát
U+20E14|nịu
U+20E15|dặn
U+20E17|xưa
U+20E18|tục
U+20E19|sống
U+20E1A|cảu
U+20E1B|tên
U+20E1C|tên
U+20E1E|đúm
U+20E1F|bai
U+20E20|bí
U+20E21|hực
U+20E22|phức
U+20E23|hòng
U+20E24|giãi
U+20E25|kể
U+20E26|khan
U+20E27|khạc
U+20E28|láy
U+20E29|rên
U+20E2A|vặc
U+20E2B|tâu
U+20E2C|xầm
U+20E3A|ngách
U+20E3C|mời
U+20E3D|chìa
U+20E3E|mấp
U+20E57|chát
U+20E5B|há
U+20E6F|bẹ
U+20E70|bèm
U+20E71|khừ
U+20E72|chứ
U+20E73|cợt
U+20E74|quằn
U+20E7C|rỉa
U+20E7D|cay
U+20E7E|chịu
U+20E95|trêu
U+20E99|thối
U+20E9A|băn
U+20E9F|khò
U+20EA0|lúng
U+20EA5|chịu
U+20EA6|chói
U+20EA7|diều
U+20EA8|rỉ
U+20EA9|trơu
U+20EAD|bỗng
U+20EAE|thè
U+20EAF|vòng
U+20EB0|xằng
U+20EB1|húng
U+20EB2|chán
U+20EB3|ghê
U+20EB4|hát
U+20EB5|chắc
U+20EB6|nớp
U+20EB7|choạc
U+20EB8|tỉm
U+20EB9|ri
U+20EBA|qué
U+20EBB|cốp
U+20EBC|xui
U+20EBD|sượt
U+20EBE|chau
U+20EBF|ngoan
U+20EC0|dò
U+20EC1|gương
U+20EC2|ngốn
U+20EC3|han
U+20EC4|oang
U+20EC5|bẹp
U+20EC6|giận
U+20EC7|dại
U+20EC8|ớn
U+20EC9|quát
U+20ECA|tuệch
U+20ECB|bựa
U+20ED2|ngoạm
U+20ED3|thòi
U+20EE4|dớn
U+20EE5|sạo
U+20EEA|ngoạn
U+20EF5|mảng
U+20EF7|hẹn
U+20EFC|nhậu
U+20EFD|mồi
U+20F15|vời
U+20F16|lảm
U+20F26|mướn
U+20F2A|dày
U+20F2F|hớ
U+20F32|nhôi
U+20F33|cằn
U+20F34|khoạch
U+20F35|dành
U+20F36|nín
U+20F37|thay
U+20F38|ện
U+20F39|gằn
U+20F3A|dặn
U+20F3C|bĩu
U+20F3D|mách
U+20F3E|sòng
U+20F3F|rẳn
U+20F40|ngáu
U+20F41|xớ
U+20F42|đần
U+20F43|chiếp
U+20F44|thăm
U+20F45|thùng
U+20F46|nuốt
U+20F47|nạt
U+20F48|thỉn
U+20F49|thầm
U+20F4A|mởn
U+20F4B|nấc
U+20F4C|toét
U+20F4D|rầm
U+20F4E|nhai
U+20F4F|hám
U+20F50|ngớ
U+20F51|xịa
U+20F52|nhỉnh
U+20F53|ngốn
U+20F54|thưa
U+20F55|thẹp
U+20F56|giục
U+20F57|nhẳn
U+20F58|hẳng
U+20F59|nhả
U+20F5A|chồng
U+20F5B|oàm
U+20F5E|hổn
U+20F6E|dè
U+20F80|húp
U+20F92|nhả
U+20F93|trếu
U+20F94|thuế
U+20F95|đòi
U+20F9B|ngoàng
U+20FA3|rùm
U+20FA6|bai
U+20FB7|váo
U+20FB8|sêu
U+20FB9|nuốt
U+20FBA|thẹn
U+20FBB|giạm
U+20FBC|toẹt
U+20FBD|nhún
U+20FBE|nhấp
U+20FBF|hẫng
U+20FC0|sáo
U+20FC1|khì
U+20FC2|xép
U+20FC3|môi
U+20FC4|ngậu
U+20FC8|rầu
U+20FD2|hét
U+20FDA|nhịp
U+20FEE|ẫm
U+20FEF|ngùi
U+20FF0|sứt
U+20FF1|nhạo
U+20FF2|đắt
U+20FF3|lèm
U+20FF4|ngáy
U+20FF5|khắn
U+20FF6|choán
U+20FF7|nháo
U+20FF8|ngạt
U+20FF9|nhẩm
U+20FFF|ngợi
U+21002|lôi
U+21007|đổng
U+21014|rố
U+21020|bịa
U+21021|ních
U+21022|tuông
U+21023|cằn
U+21024|đù
U+21025|phào
U+21026|ồn
U+21027|oái
U+21028|bõ
U+21029|lác
U+2102A|vời
U+2102B|bấm
U+2102C|tủi
U+2102D|cạu
U+2102E|nếu
U+2102F|chuyện
U+21030|thôi
U+21031|hào
U+21032|cay
U+21033|quằn
U+21034|ủa
U+21035|khoác
U+21036|ngòn
U+21037|rộn
U+2103F|rủ
U+2104E|dở
U+21059|kháy
U+2105A|hớn
U+2105B|nôn
U+2105C|hoẹ
U+2105D|hắng
U+2105E|xào
U+21064|cạc
U+21079|dỗ
U+2107A|ngốn
U+2107C|phều
U+2107D|chạ
U+2107E|thót
U+2107F|sô
U+21080|khào
U+21081|xổng
U+21082|ngỡ
U+21083|hún
U+21084|phở
U+21085|mõm
U+21086|rệu
U+21087|mớm
U+21088|vọc
U+21089|thè
U+2108C|xỉn
U+2108D|eng
U+2108E|lóc
U+21091|bàn
U+21092|chợt
U+21093|thách
U+21099|trề
U+210AE|ngau
U+210AF|rẳng
U+210B0|răn
U+210B1|đắng
U+210B2|rày
U+210B3|trối
U+210B5|nhảnh
U+210B7|khoăn
U+210B9|thỏm
U+210CA|khẽ
U+210CB|tròn
U+210CC|nhặng
U+210CD|chém
U+210CE|phàn
U+210CF|doạ
U+210D0|dặn
U+210D1|thánh
U+210D2|bốc
U+210D3|bựa
U+210D4|trêu
U+210D5|gùng
U+210D6|lựa
U+210D7|mua
U+210D8|nhồm
U+210D9|mút
U+210DA|rền
U+210DB|ngợi
U+210DC|xạc
U+210F9|chén
U+210FA|ghẹo
U+210FB|đắng
U+210FC|thèo
U+210FD|nhô
U+210FE|phắc
U+210FF|thớt
U+21100|lạ
U+21101|lúm
U+2110D|rúc
U+2110E|gặm
U+2110F|hấm
U+21110|úng
U+21121|chay
U+21125|liếm
U+21126|lom
U+21127|dẳng
U+21128|nôn
U+21129|khấn
U+2112A|toe
U+2112B|khem
U+2112C|hùn
U+2112D|thủng
U+2112E|rèn
U+2112F|ực
U+21130|tốt
U+2113E|cẳn
U+21149|dắng
U+2114A|bún
U+2114B|hụm
U+2114C|giỡn
U+2114D|nhẻo
U+2114E|tróm
U+2114F|lẫy
U+21150|lành
U+21151|ngọng
U+21152|nhẩu
U+21160|xằng
U+21162|gặm
U+21167|năn
U+21168|thèm
U+21169|dẻm
U+2116A|nguyền
U+2116B|ghẹo
U+2116C|hoai
U+2116F|ỏn
U+21173|khuyên
U+21177|ngậy
U+21181|nhàu
U+21182|xỏn
U+21184|nhép
U+21188|sặc
U+2118C|kêu
U+2118D|sặc
U+21191|nhàm
U+21196|trớm
U+21197|lạ
U+21198|hển
U+21199|gièm
U+2119A|gù
U+2119E|giấu
U+211F8|quây
U+211FB|nhốt
U+21208|chuồng
U+21221|chuồng
U+21229|chuồng
U+2123A|tròn
U+2124E|cong
U+21255|hòn
U+21256|cong
U+21266|ngõ
U+2127D|lóc
U+2127E|tum
U+2127F|mốc
U+212A0|nháp
U+212B0|đền
U+212B1|chậu
U+212B2|chõ
U+212B3|sành
U+212B8|giồng
U+212C0|rẫy
U+212C1|niêu
U+212C2|nền
U+212C3|lòi
U+212E5|cát
U+212E6|vách
U+212FF|lở
U+21300|bết
U+21320|đáy
U+21321|đĩa
U+21322|hầm
U+21323|bãi
U+2133D|đám
U+2133F|gềnh
U+21358|ché
U+21359|vung
U+2135A|lấm
U+2135B|dũm
U+2135C|mùn
U+2135D|nùi
U+2135E|thềm
U+2135F|xủi
U+21362|gò
U+21363|bến
U+2139B|bùn
U+2139C|nấm
U+2139D|cõi
U+2139E|triêng
U+2139F|hang
U+213A0|giềng
U+213A1|mỏ
U+213A2|ngồi
U+213A3|chậu
U+213A4|mẻ
U+213A5|ngồi
U+213A6|ngồi
U+213AD|thống
U+213D8|hè
U+213DB|hè
U+213DF|dũm
U+213E0|hông
U+213E1|luống
U+213E2|mả
U+213E3|xó
U+213E4|ngạch
U+213E5|trét
U+213E6|xây
U+213E7|bụi
U+213EF|vại
U+213FD|đập
U+21417|hốc
U+21418|nứt
U+21419|đất
U+2141A|ngừa
U+2142E|ve
U+2142F|hè
U+21452|cối
U+21453|chum
U+21456|đồi
U+21457|thoai
U+2145D|lăn
U+21469|nẻo
U+2146A|cát
U+2146D|cối
U+21470|vườn
U+21471|cồn
U+21472|gốm
U+21473|cồn
U+21474|đền
U+21475|vồng
U+21498|đào
U+214AA|ệch
U+214AB|cấu
U+214AC|ghè
U+214AD|niêu
U+214AE|sướng
U+214AF|móng
U+214BB|chật
U+214C1|bãi
U+214C2|đựng
U+214C3|lối
U+214C4|vùng
U+214C5|ấm
U+214C6|xệp
U+214C7|chõ
U+214C8|ghề
U+214CB|đuôi
U+214CE|vại
U+214CF|sân
U+214D4|lấm
U+214DE|đốc
U+214DF|chĩnh
U+214E0|thó
U+214E1|rãnh
U+214E2|chễm
U+214E5|chén
U+214EE|ngồi
U+214EF|chum
U+214FE|rẫy
U+21503|nặn
U+2150D|chậu
U+21511|lõm
U+21512|nền
U+21514|làn
U+21516|bến
U+2153F|trấu
U+21575|hè
U+215A1|nhóm
U+215B1|bộn
U+215B5|đêm
U+215BC|sánh
U+215C2|sai
U+215C4|gồm
U+215C5|về
U+215C9|nhiều
U+215CA|nhiều
U+215CB|lắm
U+215CE|tụm
U+215D0|muống
U+215F6|giời
U+2162E|mất
U+2162F|lớn
U+21666|sồ
U+21667|mường
U+21674|cành
U+21675|nhớn
U+21683|xộn
U+21684|kếch
U+2168E|lạ
U+2169A|lớn
U+2169D|cồ
U+216A1|to
U+216A2|to
U+216A6|đĩ
U+216D4|gái
U+216E4|nửa
U+21724|đĩ
U+21743|bụa
U+21754|kép
U+21755|và
U+21756|nỡ
U+21766|vú
U+21795|vợ
U+21796|đĩ
U+21797|bóng
U+21823|cưới
U+21842|nhàng
U+21845|lẹo
U+21846|mìn
U+21847|cái
U+21866|đòi
U+21867|dí
U+21890|sau
U+218BB|nợ
U+218BC|vợ
U+218BD|sui
U+218C4|nịu
U+218E7|mái
U+218E8|cưới
U+218FB|sen
U+2190A|chửa
U+21913|mới
U+21914|mới
U+2191F|giỏi
U+21920|rể
U+2194C|nhắt
U+21959|cháu
U+2195A|gã
U+21964|nòi
U+21965|đứa
U+21974|nít
U+21975|con
U+21982|chữ
U+21985|so
U+219A7|rốt
U+219AB|chắt
U+219AE|nhắng
U+219B6|côi
U+219F2|giữa
U+21A0C|giữa
U+21A27|tốt
U+21A38|chữ
U+21A39|giữ
U+21A3A|trữ
U+21A87|chữa
U+21A9C|xum
U+21AA6|chở
U+21ABB|cỗ
U+21AD0|rèm
U+21AE1|sao
U+21AE8|kín
U+21AEB|lần
U+21AF6|lùng
U+21B08|xuống
U+21B37|tấc
U+21B3C|gang
U+21B49|bắn
U+21B55|cụt
U+21B5C|mọn
U+21B66|bủn
U+21B67|chút
U+21B6C|bé
U+21B70|xíu
U+21B71|chút
U+21B72|trút
U+21B7A|nhí
U+21B7B|nhọn
U+21B84|hoẻn
U+21B85|nhẻ
U+21B86|mọn
U+21B87|chút
U+21B88|nhỏ
U+21B89|mọn
U+21B8A|dẹp
U+21B8B|may
U+21B8C|bé
U+21B8D|chút
U+21B92|ót
U+21B93|choai
U+21B94|mảy
U+21B97|hoằn
U+21B98|mỏ
U+21B9B|nít
U+21B9C|xíu
U+21B9E|hẹm
U+21BA0|mày
U+21BA3|bé
U+21BA4|bé
U+21BA5|bé
U+21BA8|mảy
U+21BA9|bé
U+21BAA|khí
U+21BAB|nhen
U+21BAC|mọn
U+21BAD|nhọn
U+21BAE|mọn
U+21BAF|tẹo
U+21BB2|Thơ
U+21BB3|mảy
U+21BB5|chuộng
U+21BB6|chuộng
U+21BB7|hèn
U+21BB8|nhọn
U+21BB9|mỏng
U+21BBA|hèn
U+21BBD|nhọn
U+21BBE|nhẻo
U+21BC0|oắt
U+21C0F|ghềnh
U+21C69|thước
U+21C76|gợ
U+21C78|gang
U+21C88|vẻ
U+21CA4|vả
U+21CAB|vải
U+21CC0|ngoe
U+21CC1|xái
U+21CC3|cuối
U+21CCE|vã
U+21CD2|vẽ
U+21CDB|cứt
U+21CDC|cuối
U+21CDD|rốt
U+21CE2|đo
U+21CE3|đo
U+21CE4|đo
U+21CE5|toi
U+21CE9|vở
U+21CEA|đuôi
U+21CF0|cũ
U+21CF3|cuối
U+21CF5|cũ
U+21CF6|cũ
U+21CF9|vỡi
U+21CFA|vía
U+21CFD|nóc
U+21D09|vòm
U+21D22|nhòn
U+21D2F|ngật
U+21D49|ngút
U+21D7A|cù
U+21D80|núi
U+21D81|đùn
U+21DA8|ngàn
U+21E07|đèo
U+21E0F|vọi
U+21E5E|ghềnh
U+21E5F|chởm
U+21E60|nghi
U+21E61|ghềnh
U+21EA5|ngổng
U+21EA6|din
U+21ED3|vọi
U+21ED4|rặng
U+21ED6|von
U+21ED7|chớn
U+21F07|mỏm
U+21F08|chóp
U+21F38|vót
U+21F39|rừng
U+21F6B|non
U+21F7E|lởm
U+21FAB|đồi
U+21FAC|dốc
U+21FAD|lởm
U+21FB5|ngôi
U+21FC5|ngông
U+22025|vâng
U+22026|sửa
U+22027|trọn
U+22028|sang
U+2202B|bẫng
U+2202C|lớn
U+2202D|giầu
U+2202E|sấm
U+22031|to
U+22032|lớn
U+2204A|xức
U+2204B|trăng
U+2204D|va
U+22051|trái
U+22078|phướn
U+2208C|đãy
U+2208E|dù
U+2209C|vua
U+220B0|tranh
U+220C8|lọng
U+220C9|bịt
U+220CA|vua
U+220F1|mũ
U+22102|chợ
U+22103|phới
U+2211D|bâu
U+22129|dải
U+2212F|mấn
U+22139|kiệu
U+22144|vải
U+22145|quạt
U+22146|mành
U+22167|mền
U+2216C|chăn
U+22181|rèm
U+22195|phẳng
U+22198|nẽn
U+221A0|lài
U+221A5|năm
U+221A7|may
U+221A8|may
U+221AA|may
U+221AB|tuổi
U+221AD|nến
U+221C9|dối
U+221E1|khuya
U+221E2|sến
U+221F1|hè
U+22216|chái
U+22231|lời
U+2227D|kho
U+2227E|u
U+22291|vựa
U+222AB|vòm
U+222E0|đáy
U+222EC|chòi
U+222F4|đáy
U+2230A|rộng
U+2230C|rộng
U+2230E|nghịt
U+223D1|bắn
U+223E0|giằng
U+223E1|tên
U+223E2|cong
U+223E3|cong
U+223FF|vốn
U+2240E|khom
U+2248E|bay
U+2249E|rằn
U+22578|săn
U+22580|suốt
U+22595|sau
U+22596|sau
U+225AE|ắt
U+225B1|nải
U+225BA|nhác
U+225C6|rượn
U+225C9|nuối
U+225D6|nhầm
U+225DA|tệch
U+225E0|thít
U+225F7|thoải
U+225F8|sẩu
U+225FC|lo
U+225FD|tẻ
U+225FE|ngượng
U+2261D|nể
U+2262C|sã
U+2262D|rùng
U+2262E|rắp
U+22654|lẫy
U+22655|ghiếc
U+22669|rủi
U+2266A|đổi
U+2266B|nhớn
U+2266C|e
U+2266D|tim
U+22672|lỡ
U+22675|đẽ
U+2267D|mủi
U+226B2|cảy
U+226B3|xôn
U+226B4|dặn
U+226B5|dãi
U+226B6|thoả
U+226B7|giận
U+226B8|lòng
U+226B9|khuây
U+226BC|ngớp
U+226BD|mến
U+2270F|mừng
U+22717|vụng
U+2271C|hổ
U+2271D|sực
U+2271E|lười
U+22720|mừng
U+22721|thiếp
U+22722|bẽ
U+22758|nết
U+22759|vui
U+2275A|rẩy
U+2275B|khít
U+2275C|đành
U+22773|hòng
U+22778|ủa
U+22782|buồn
U+22783|hòng
U+22784|cáu
U+22785|éo
U+22786|ngán
U+227CE|đùa
U+227CF|sệt
U+227D0|chua
U+227D1|hên
U+227D2|năn
U+227D3|tẻ
U+227D4|thói
U+227D5|nép
U+227D6|tởm
U+227D7|nết
U+227D8|chắc
U+227D9|chăm
U+227DA|quên
U+227DB|riếu
U+227DE|nhóng
U+227DF|dát
U+227F9|nhuốc
U+22804|sùng
U+22805|thung
U+22806|thuồng
U+22807|hở
U+22808|bẳn
U+22809|ngẩu
U+22810|ngơ
U+22823|giận
U+22824|đần
U+22825|gàn
U+22826|hớn
U+22827|mẩm
U+22828|mẩn
U+22829|mơ
U+2282A|ngoảy
U+2282F|lắng
U+2287F|nhờn
U+22881|sờn
U+22882|ghét
U+22884|ngùng
U+22885|chiều
U+22886|thẹn
U+22887|tủi
U+22888|hằn
U+22889|nức
U+2288A|đòi
U+2288B|nhằng
U+228AC|gờm
U+228AF|nguôi
U+228B2|đẹp
U+228BD|khắn
U+228C0|ngấy
U+228C2|nghĩ
U+228C3|tủi
U+228C4|quớ
U+228C5|nhác
U+228C6|tuông
U+228C7|hằm
U+228C8|não
U+228E7|khuây
U+228F8|ngỡ
U+228F9|hửng
U+2291B|bỡ
U+2291C|chạnh
U+2291D|chăm
U+2291E|hờn
U+2291F|chán
U+22920|lẽn
U+22921|dỗi
U+22922|nhịt
U+22923|tẽn
U+22945|cẫm
U+22946|lung
U+22947|chán
U+22948|lo
U+22949|nhãng
U+22956|trai
U+22962|ngẩn
U+22963|giỡn
U+2296A|nản
U+22976|ngủng
U+22977|ngơi
U+22982|lờn
U+22984|thò
U+229DA|nên
U+229F2|ta
U+22A03|mác
U+22A35|ngõ
U+22A49|cổng
U+22A4A|quanh
U+22A5B|cổng
U+22A5C|họ
U+22A63|buồng
U+22A64|mướn
U+22A67|hắt
U+22A6A|tríu
U+22A6D|thuốn
U+22A6E|dắt
U+22A7D|dẩy
U+22A7E|chộp
U+22A7F|sẻ
U+22A80|nghĩ
U+22A97|vục
U+22AA5|vật
U+22AAD|giạm
U+22AAE|móc
U+22AAF|tháy
U+22AB0|ngắt
U+22AB1|vắt
U+22AB2|nâng
U+22AB3|vập
U+22AB7|múc
U+22AC3|kéo
U+22AC4|giạt
U+22AC5|thắt
U+22AC6|vụn
U+22AC8|gõ
U+22ACC|tha
U+22AD1|ngoáy
U+22AD5|vểnh
U+22AD6|trọt
U+22AD7|phạch
U+22AD8|so
U+22AD9|đậy
U+22ADA|xáo
U+22ADB|ngoặc
U+22ADC|trụm
U+22ADD|rung
U+22ADE|quấy
U+22ADF|sảy
U+22AE0|oằn
U+22AE1|dựng
U+22AE3|bắc
U+22B04|bưng
U+22B05|têm
U+22B07|giữ
U+22B10|múc
U+22B17|chùi
U+22B22|díu
U+22B23|tay
U+22B24|khuống
U+22B25|giàng
U+22B26|lẩy
U+22B27|nêm
U+22B28|nhứ
U+22B29|phiết
U+22B2D|đổi
U+22B2E|vớt
U+22B31|khép
U+22B39|cạy
U+22B3F|xới
U+22B51|thước
U+22B57|lẳng
U+22B5C|xắc
U+22B5D|nhẫn
U+22B6B|ngón
U+22B6C|gạn
U+22B6D|quáo
U+22B6E|cạy
U+22B6F|quét
U+22B70|trỏ
U+22B71|đẵn
U+22B72|vói
U+22B73|giấu
U+22B74|khuấy
U+22B75|nhổ
U+22B76|vẫy
U+22B77|vọm
U+22B78|tựa
U+22B79|lấn
U+22B7A|dụi
U+22B7B|xoi
U+22B7C|dìu
U+22B7D|chằm
U+22B7E|buông
U+22B7F|phảy
U+22B80|sờ
U+22B91|róc
U+22BA9|co
U+22BAA|rộn
U+22BAB|nhổ
U+22BAC|chút
U+22BAD|cọ
U+22BBF|quay
U+22BCF|bẻ
U+22BD0|co
U+22BD1|quải
U+22BD2|bóp
U+22BD3|và
U+22BD4|quắt
U+22BD5|ngơi
U+22BD6|khép
U+22BD7|quấy
U+22BD8|huơ
U+22BD9|chẻ
U+22BDA|nhổ
U+22BDB|sắp
U+22BDC|buộc
U+22BDD|vén
U+22BDE|vỗ
U+22BDF|đứt
U+22BE0|va
U+22BE1|rọc
U+22BE2|sửa
U+22BE4|ngáng
U+22BE5|ngón
U+22BE6|lay
U+22BE7|xỏ
U+22BE8|níu
U+22BEE|vựa
U+22BF7|vầy
U+22C25|đày
U+22C33|éo
U+22C3A|phũ
U+22C3D|gắp
U+22C4E|bới
U+22C4F|đánh
U+22C50|gieo
U+22C52|mẻ
U+22C53|rẩy
U+22C54|bòn
U+22C56|mò
U+22C57|gõ
U+22C58|ngán
U+22C59|cài
U+22C5A|phung
U+22C5B|xới
U+22C5C|đẩy
U+22C5D|nhốt
U+22C5E|đốt
U+22C68|vặn
U+22C94|bưng
U+22C9B|dò
U+22C9D|rùn
U+22C9F|tỉa
U+22CA0|đơm
U+22CA2|rờ
U+22CA3|rung
U+22CA4|cấu
U+22CA5|chằm
U+22CA6|xức
U+22CA7|gây
U+22CA8|hái
U+22CA9|cắp
U+22CAA|mài
U+22CAB|mớ
U+22CAC|thò
U+22CAD|phủi
U+22CAE|sải
U+22CAF|thiếp
U+22CB1|cấu
U+22CB2|sang
U+22CB5|cào
U+22CC1|mượn
U+22CC6|ngào
U+22CDE|đơm
U+22CE0|muỗng
U+22CE5|dạo
U+22CF3|luồn
U+22D07|chắp
U+22D09|đùa
U+22D0A|chộp
U+22D0B|chong
U+22D0C|vặn
U+22D0D|dằn
U+22D0E|thoát
U+22D0F|giầm
U+22D10|day
U+22D11|dứt
U+22D12|phành
U+22D13|móp
U+22D14|phện
U+22D15|nính
U+22D16|khảy
U+22D17|dạm
U+22D18|xay
U+22D19|lảy
U+22D1A|nức
U+22D1B|gãy
U+22D1C|xâu
U+22D1D|ngón
U+22D1E|nhúng
U+22D49|bám
U+22D4B|đua
U+22D4C|dụi
U+22D54|sườn
U+22D67|dàn
U+22D68|váo
U+22D69|dội
U+22D6A|phẩy
U+22D6B|nện
U+22D6C|dọn
U+22D6D|rời
U+22D6E|quẹt
U+22D6F|máy
U+22D70|góp
U+22D71|khơi
U+22D72|ngáng
U+22D73|sum
U+22D74|quay
U+22D75|quờ
U+22D76|dọn
U+22D77|cắt
U+22D78|xấp
U+22D79|mỏi
U+22D7A|chạm
U+22D7B|chữa
U+22D7C|vớt
U+22D7D|rớ
U+22D82|vặn
U+22D90|níu
U+22D91|níu
U+22D92|gói
U+22D9F|cùi
U+22DA2|chóng
U+22DA5|choảng
U+22DB6|ẩy
U+22DB7|cởi
U+22DB8|bụm
U+22DB9|mám
U+22DBA|dom
U+22DBB|bung
U+22DBC|ngoi
U+22DBD|ãm
U+22DBE|chĩa
U+22DBF|dọn
U+22DC0|giũ
U+22DC1|ném
U+22DC2|xắn
U+22DC3|níu
U+22DC4|giết
U+22DC5|trộ
U+22DC6|chen
U+22DE3|dở
U+22DEE|dúi
U+22DEF|xồ
U+22DF0|khênh
U+22DF1|rủ
U+22DF2|hấng
U+22DF3|khuỳnh
U+22DF4|quẫy
U+22DF5|vố
U+22DF9|chèn
U+22E1A|bồng
U+22E1B|đèo
U+22E1C|lăn
U+22E1D|dìm
U+22E1E|dựng
U+22E1F|kẽm
U+22E20|khoác
U+22E21|xỉa
U+22E22|chẹn
U+22E35|bịch
U+22E45|chọc
U+22E46|gài
U+22E47|mắc
U+22E48|rung
U+22E49|nhồi
U+22E4A|xé
U+22E4C|chìa
U+22E63|kéo
U+22E64|xâu
U+22E65|ép
U+22E66|lượm
U+22E67|xỏ
U+22E68|túm
U+22E69|sương
U+22E6A|tóm
U+22E6B|khít
U+22E7D|giâm
U+22E7E|que
U+22E7F|lảy
U+22E80|mò
U+22E81|phóc
U+22E8D|rạp
U+22E8E|rạp
U+22E92|búng
U+22E93|dìm
U+22E94|bấu
U+22E9B|sởn
U+22E9C|trạc
U+22E9D|uốn
U+22EA4|lườn
U+22EB3|mân
U+22EB9|chia
U+22EBA|chia
U+22F59|vẻ
U+22F7C|và
U+22FFC|tuồm
U+2301F|và
U+23054|lớn
U+23072|đong
U+23083|giạ
U+2308B|gáo
U+230E3|vừa
U+230E4|vừa
U+230F1|khuông
U+230F2|vuông
U+230FA|góc
U+23107|vuông
U+23112|ở
U+23116|vuông
U+23125|chếch
U+2312C|lệch
U+23145|nãy
U+23157|kỉa
U+23158|khuya
U+23159|khuya
U+23175|tăm
U+23176|lúc
U+2318F|phơi
U+23190|trưa
U+231AE|chang
U+231AF|hẵng
U+231B0|giây
U+231B1|dòn
U+231CA|bữa
U+231DC|buổi
U+231DD|rảnh
U+231DE|giờ
U+231DF|sao
U+231E0|kĩa
U+231E1|kịa
U+231EB|thuở
U+23212|kìa
U+23213|phơi
U+23214|đêm
U+23215|mai
U+23216|bóng
U+23217|ngày
U+23218|đêm
U+23219|rầy
U+2321A|chạng
U+2321B|quắt
U+2321C|ngày
U+2321D|cữ
U+2321E|hong
U+23222|tia
U+23230|nau
U+2324D|ui
U+2324E|trưa
U+2324F|lình
U+23250|thoạt
U+23272|chếch
U+23273|buổi
U+23274|chói
U+23275|rua
U+23276|háo
U+23277|dễ
U+23278|kía
U+23279|giờ
U+2328B|se
U+2328C|nôi
U+2328D|mơ
U+2328E|chớp
U+23298|ngừ
U+232BE|bây
U+232BF|chiều
U+232C0|sao
U+232C1|tối
U+232C2|chiều
U+232C3|rạng
U+232C6|nhoạng
U+232C7|đổi
U+232D1|dịp
U+232DA|hôm
U+232DB|lát
U+232DC|cợm
U+232DD|ráo
U+232E8|xôm
U+232E9|lát
U+232F0|bão
U+232F1|hẩng
U+232FB|mịt
U+232FC|giỗ
U+232FD|sớm
U+232FE|thủa
U+23301|trưa
U+23302|trưa
U+23306|trưa
U+23309|khuya
U+2330B|sớm
U+2330C|rua
U+23312|đổi
U+23314|trán
U+2331B|trán
U+2331D|nắng
U+23334|ngoặt
U+23335|quặp
U+23336|còng
U+23339|vạy
U+2333A|xéo
U+23340|ngúc
U+23341|vạy
U+23342|góc
U+23345|vẹo
U+2334A|hết
U+2334B|cúi
U+2334D|oăm
U+23355|ngoèo
U+23357|còng
U+23380|đêm
U+23383|tháng
U+2338A|mề
U+2338F|có
U+23396|chạp
U+2339E|trăng
U+233A2|chiều
U+233A3|khuỷu
U+233A6|ráng
U+233B7|ớt
U+233D2|hòn
U+233FE|qua
U+233FF|then
U+23404|truông
U+23405|nhum
U+23406|thớt
U+2341D|xốp
U+23432|quéo
U+23433|sứ
U+23434|sậy
U+2344C|trát
U+2344E|rơi
U+23473|chồi
U+23474|giàn
U+23475|nhót
U+23476|rễ
U+23477|sim
U+2347A|trồng
U+2347B|nen
U+234A0|vạy
U+234A3|măng
U+234B1|xoài
U+234B2|sao
U+234B3|cong
U+234B4|táu
U+234B5|cải
U+234BE|vông
U+234C6|rườm
U+234CB|sến
U+234E6|phím
U+234FF|lau
U+23513|bễ
U+2351D|đón
U+2351E|cui
U+2351F|bắp
U+23520|cần
U+23521|phà
U+23522|xới
U+23523|ngộc
U+23524|sứ
U+23525|chanh
U+23526|nhài
U+23527|đó
U+23528|khẳng
U+23529|bó
U+23532|quạnh
U+23558|hay
U+2356C|nọc
U+23596|chày
U+23597|chày
U+23598|hồng
U+23599|mía
U+2359A|ca
U+2359B|chót
U+2359C|vựa
U+2359D|sề
U+2359E|bí
U+2359F|ghế
U+235A0|suốt
U+235A1|trắc
U+235A2|trót
U+235A7|sòi
U+235CC|mê
U+235D1|chạn
U+235D2|chằm
U+235D3|chưa
U+235EA|chà
U+235F1|lè
U+235FC|vên
U+235FE|son
U+235FF|tủ
U+23601|cà
U+23602|ươi
U+23603|cây
U+23604|thớt
U+23606|nẹp
U+23608|son
U+23609|cùm
U+2360A|đồ
U+2360C|choác
U+23613|bẫy
U+2363D|nâu
U+2363E|vai
U+23659|rắc
U+23666|trĩ
U+23667|nhãn
U+23668|bè
U+23669|sồng
U+2366A|mơ
U+2366B|sộp
U+2366C|lặt
U+2366D|giậu
U+2366E|chay
U+2366F|rui
U+23677|máng
U+23678|sốt
U+23679|cốn
U+2367A|mâm
U+236AE|trôm
U+236DF|xanh
U+236E0|máy
U+236E1|gụ
U+236E2|vả
U+236E3|khay
U+236E4|trái
U+236E5|be
U+236E6|đu
U+236E7|chuôm
U+236E8|chèo
U+236E9|then
U+236EA|tu
U+236ED|đu
U+236EF|rạo
U+236F1|dom
U+2370B|mớ
U+23730|lim
U+23731|son
U+23732|đụn
U+23733|vông
U+23734|dó
U+23735|hèo
U+23736|ót
U+23737|sầu
U+23738|vừng
U+2373B|nhủ
U+2373E|chửa
U+2373F|nhịp
U+23740|cằn
U+23745|ngái
U+23749|duối
U+23782|giổi
U+23783|khù
U+23784|cuối
U+23785|chũm
U+2378A|sôn
U+2378D|thợ
U+2378E|tràm
U+237AA|mức
U+237B6|sến
U+237BB|bưởi
U+237BD|dặng
U+237BE|trầu
U+237C2|khuôn
U+237C3|mộng
U+237E9|duì
U+237EA|nóc
U+237EB|nhãn
U+237ED|mạ
U+237EE|mềm
U+23811|bòng
U+23812|thắm
U+23813|pheo
U+23815|chưa
U+23816|chửa
U+23817|que
U+23818|gàu
U+23829|tràm
U+23830|giần
U+23831|trâm
U+23832|rễ
U+23833|mềm
U+23836|đỏ
U+2383A|nạng
U+23853|tràm
U+23859|trái
U+2385A|trái
U+2385D|vui
U+23864|nén
U+2386F|bẫy
U+23879|siểng
U+238B9|lỏi
U+23971|trải
U+23986|trải
U+2398D|ngay
U+2398E|thẳng
U+23993|giêng
U+2399B|thẳng
U+239AE|tuổi
U+239B0|trải
U+23A15|giã
U+23A27|giuộc
U+23A2D|quàn
U+23A2E|giẫm
U+23A30|thác
U+23A41|chết
U+23A42|chết
U+23A66|ngoéo
U+23A78|toi
U+23AD5|đền
U+23AF2|đừng
U+23AF7|vắn
U+23B43|sù
U+23B5B|bờm
U+23B6F|ria
U+23B70|mào
U+23B7B|mau
U+23B87|ngù
U+23BE1|lông
U+23C0F|ngòi
U+23C19|quặm
U+23C33|lông
U+23C34|lông
U+23C35|lông
U+23C46|họ
U+23C6C|hơi
U+23C6D|bủm
U+23C70|rắm
U+23C76|vục
U+23C7C|đao
U+23C7D|lầy
U+23C7E|lẻo
U+23C7F|nhớp
U+23C8D|ngụt
U+23CA0|ngớt
U+23CA6|sểu
U+23CB9|nhèm
U+23CD4|dòng
U+23CE1|mồ
U+23CE2|ngòi
U+23CEA|lượi
U+23CEE|lả
U+23D13|cạn
U+23D19|đư
U+23D1A|hụp
U+23D1B|nhúng
U+23D1C|thác
U+23D6E|bưng
U+23D6F|xôi
U+23D70|lặn
U+23D72|bợn
U+23D74|ngấm
U+23D75|ngập
U+23D76|xuôi
U+23D88|vóng
U+23DE0|mênh
U+23DED|bể
U+23DEE|lội
U+23DEF|cặn
U+23DF0|nhơm
U+23DF1|sữa
U+23DF2|sữa
U+23DF3|đáy
U+23DF4|vẻo
U+23DF7|biển
U+23E53|đầy
U+23E54|hoảnh
U+23E55|lụt
U+23E56|tồ
U+23E57|tràn
U+23E58|dãi
U+23E59|ọ
U+23E5F|cống
U+23EBA|dò
U+23EBB|đắm
U+23EBC|đoảng
U+23EBD|bãi
U+23EBE|nhựa
U+23EC0|nuột
U+23EC1|chặm
U+23EC2|sết
U+23EC3|bụi
U+23EC4|sờ
U+23EC5|cát
U+23EC6|tuôn
U+23EC7|xối
U+23EC8|bỏng
U+23EC9|dưới
U+23ED5|mà
U+23ED7|dề
U+23EFD|kênh
U+23EFE|nít
U+23F0D|són
U+23F29|ẩm
U+23F2A|bớt
U+23F2B|chã
U+23F2C|đểnh
U+23F2D|dồi
U+23F2E|thìa
U+23F2F|vùi
U+23F30|lùng
U+23F31|ngàu
U+23F32|doi
U+23F33|xọp
U+23F34|nhẵng
U+23F36|vẩn
U+23F37|lớt
U+23F38|nhợt
U+23F39|dợn
U+23F3A|mèm
U+23F3C|tràn
U+23F3D|lắng
U+23F3E|lẻo
U+23F40|ngấu
U+23F46|veo
U+23F4A|thỏi
U+23F83|ngót
U+23FB5|choẹt
U+23FB6|dội
U+23FB8|đìa
U+23FB9|giặt
U+23FBA|khơi
U+23FBB|chã
U+23FBC|vượt
U+23FBD|xối
U+23FBE|bụi
U+23FBF|ói
U+23FC3|ngấu
U+23FC5|rỏng
U+23FC7|đắm
U+23FCC|ạt
U+2400F|thía
U+24010|đáy
U+24012|nhỏ
U+24013|lọc
U+24014|ẩm
U+24015|ráy
U+24016|ngoi
U+24017|rửa
U+24018|vùng
U+24019|ồ
U+2401A|lượn
U+2401B|lầy
U+2401C|tành
U+2401E|chứa
U+24053|dào
U+24054|khơi
U+24055|lạt
U+24056|loã
U+24058|trong
U+24059|bớt
U+2405B|chửa
U+24060|dào
U+24069|giợt
U+240A7|bồng
U+240A8|mò
U+240A9|rửa
U+240AA|dấn
U+240AB|phùn
U+240AC|lội
U+240AD|toé
U+240B1|rề
U+240B7|ứ
U+240DB|bều
U+240DC|leo
U+240DD|rách
U+240DE|mương
U+240DF|úng
U+240E0|nổi
U+240E1|rãnh
U+240E2|lõm
U+240E4|nhão
U+240E5|rèm
U+240E7|thướt
U+2410B|tỏng
U+2410C|giết
U+2410D|rượu
U+2412D|rề
U+2412E|nhiều
U+2412F|trong
U+24130|nhăn
U+24131|dẫn
U+24132|cấn
U+24149|ráng
U+2415C|veo
U+24167|xổn
U+24176|biển
U+24188|nảy
U+241B7|loá
U+241B8|tom
U+241B9|nhá
U+241BA|hóng
U+241BB|thếp
U+241CA|bừng
U+241CC|kho
U+241E2|vặc
U+241E3|xên
U+241E4|xáo
U+241E5|lập
U+241E6|mò
U+241E7|sấy
U+241E8|phơi
U+241E9|tắt
U+241EA|chín
U+241EE|bép
U+241F2|nhúm
U+241F3|nhũn
U+2421C|cháy
U+2421D|nghẹ
U+2421E|lùi
U+2421F|nhừ
U+24220|sốt
U+24221|ngút
U+24224|hông
U+2422A|chớ
U+24252|giãi
U+24253|tro
U+24254|tác
U+24255|tro
U+24256|se
U+24257|héo
U+24258|ngún
U+2425A|sôi
U+2425B|toà
U+2425C|ràng
U+24260|chườm
U+24292|luộc
U+242A0|rọi
U+242A1|bóng
U+242A2|ngời
U+242A3|tro
U+242A4|nhem
U+242A5|lừng
U+242A6|phỏng
U+242A7|rực
U+242A8|vặc
U+242A9|rom
U+242AA|rỡ
U+242AB|phơi
U+242AC|phơi
U+242AD|lốm
U+242B0|bén
U+242F5|dãi
U+242F6|rành
U+242F7|nấu
U+242F8|khét
U+242F9|kho
U+242FB|phới
U+242FC|kho
U+242FD|chới
U+242FE|um
U+242FF|đốt
U+24300|kíp
U+24304|chả
U+24305|nháng
U+2430B|khói
U+24323|rát
U+24343|hây
U+24344|tỏ
U+24345|rệt
U+24346|ngốt
U+24347|nấu
U+24349|ngùn
U+2434A|tỏ
U+2434B|hực
U+2434C|thiêng
U+24351|chong
U+24376|loà
U+2438D|quắc
U+2438E|mờ
U+2438F|nóng
U+24390|nực
U+24391|mõm
U+24392|phấp
U+24393|thiêng
U+24394|rạng
U+24395|tắt
U+2439B|rấm
U+2439C|rậng
U+243E2|nhội
U+243E3|tỏ
U+243E4|hơ
U+243E5|thui
U+243E6|khét
U+243E7|thắp
U+243E8|se
U+243EA|rao
U+243EB|buốt
U+243EC|rạng
U+24413|khê
U+2441A|hâm
U+2441B|nấu
U+2441C|ngòi
U+2441D|soi
U+24420|luộc
U+24421|khói
U+24448|chang
U+24449|rỡ
U+2444D|hửng
U+2445F|rõ
U+2446B|bùng
U+2446C|loé
U+2446D|lói
U+2446E|mồ
U+2446F|sém
U+24498|đuốc
U+24499|chín
U+2449A|nung
U+2449B|nấu
U+2449F|nhùi
U+244A0|đỏ
U+244A2|lốm
U+244A6|sém
U+244B2|chờn
U+244B4|thắp
U+244C6|ram
U+244C7|quầng
U+244DB|dìu
U+244E2|nến
U+244E9|bén
U+244FA|vấu
U+2451B|sụ
U+2452F|vuốt
U+24537|dành
U+2453B|móng
U+2453D|móng
U+2453E|móng
U+24554|cha
U+245A1|rìu
U+245B6|bánh
U+245B8|chũa
U+245B9|lớp
U+245C6|múi
U+245D6|mảnh
U+245E4|cổng
U+245F2|tấm
U+245F9|phướn
U+24601|mỏng
U+24602|mỏng
U+2460B|ngà
U+24613|nanh
U+2466D|bò
U+2466E|ngàu
U+24686|bê
U+24687|nghé
U+246A6|cộ
U+246A7|sao
U+246C7|chăn
U+246DE|nghé
U+246E0|trâu
U+24720|nái
U+2472C|săn
U+2472D|tử
U+2472F|cọp
U+2474B|vằn
U+24751|mướp
U+2475E|chuột
U+2476B|nhím
U+24779|chù
U+24790|chồn
U+24791|hòi
U+24792|ngỗng
U+24793|săn
U+24794|thấc
U+24795|tấy
U+24796|lòi
U+24798|sề
U+247A6|mọi
U+247A7|khọn
U+247A8|bò
U+247A9|rợ
U+247AA|rợ
U+247AB|rái
U+247BA|cáo
U+247BB|hùm
U+247BC|lợn
U+247BD|mường
U+247C2|độc
U+247DB|thỏ
U+24802|đười
U+24803|kễnh
U+24804|gà
U+24805|voi
U+24806|ươi
U+2480B|trâu
U+2481A|chó
U+24824|hoẵng
U+24830|gấu
U+24831|ươi
U+24832|khái
U+24833|khỉ
U+24834|vượn
U+24836|chằn
U+24837|sề
U+24839|rái
U+24841|mãn
U+2484C|muông
U+2485A|khái
U+2485B|nanh
U+2486E|nhiên nhen
U+24887|vuốt
U+24888|săn
U+24894|nhen
U+24897|lòi
U+248A4|bẵm
U+248A5|vượn
U+248AB|ngáo
U+248AC|đười
U+248BD|nhắt
U+248BE|nhím
U+248BF|sói
U+248C4|beo
U+248DA|nhím
U+248E1|dọc
U+24930|vua
U+24951|vòng
U+2496D|xà
U+24A8A|cườm
U+24AFF|dưa
U+24B00|dưa
U+24B08|hấu
U+24B2A|ngói
U+24B32|ngói
U+24B38|sành
U+24B5A|gáo
U+24B75|ấm
U+24B76|hông
U+24B77|chậu
U+24B78|bình
U+24B83|ang
U+24B84|gạch
U+24B91|be
U+24B92|hũ
U+24B97|lọ
U+24B98|gạch
U+24B9E|ngói
U+24B9F|ngói
U+24BA0|muống
U+24BA5|âu
U+24BBE|ngọt
U+24BBF|ngọt
U+24BC6|ngon
U+24BCA|chè
U+24BD1|lắm
U+24BE8|sống
U+24BE9|sống
U+24BED|sánh
U+24BF0|đẻ
U+24BF1|gã
U+24BF6|cữ
U+24BFA|siêng
U+24BFF|đẻ
U+24C01|cữ
U+24C82|dưới
U+24C8C|ruộng
U+24CBC|dái
U+24CC4|bởi
U+24CC6|trai
U+24CC7|trai
U+24CE2|trống
U+24CE7|lạ
U+24CE8|rộc
U+24CF0|ve
U+24CF1|ruộng
U+24CF7|bởi
U+24CF8|bởi
U+24CFD|ruộng
U+24D0F|lạ
U+24D25|ngất
U+24D2A|ghẻ
U+24D2C|đau
U+24D2D|bớt
U+24D35|nhức
U+24D36|sởi
U+24D4A|đòn
U+24D55|khờ
U+24D56|vết
U+24D6A|sẹo
U+24D73|bón
U+24D74|sảy
U+24D76|si
U+24D7A|dại
U+24D84|nhặm
U+24D88|tấy
U+24D8E|chau
U+24D8F|choáng
U+24D90|chồn
U+24D91|nhăn
U+24D92|ben
U+24D9C|choáng
U+24DB9|guộc
U+24DBA|xoải
U+24DBB|nghén
U+24DBC|mâng
U+24DBD|mụt
U+24DBE|lằn
U+24DBF|hầu
U+24DC2|phị
U+24DC4|quèn
U+24DD2|tê
U+24DED|điếc
U+24DEE|váng
U+24DEF|loét
U+24DF0|bủng
U+24DF1|mòn
U+24DF2|sần
U+24DF3|nhom
U+24DF4|ê
U+24DF5|phờ
U+24DF6|bướu
U+24E12|ngúng
U+24E27|hoen
U+24E28|xìu
U+24E2D|rồ
U+24E51|rôm
U+24E52|khừ
U+24E53|quặn
U+24E54|báng
U+24E55|ươn
U+24E56|hen
U+24E57|ỏng
U+24E58|nhọc
U+24E59|chốc
U+24E5A|nhức
U+24E7C|bướu
U+24E7D|nốt
U+24E7E|hủi
U+24E7F|ngơ
U+24EAD|buốt
U+24EAE|gúa
U+24EAF|mụn
U+24EB0|khom
U+24EB1|nhèn
U+24EB2|sởn
U+24EB3|tê
U+24EB4|bướu
U+24EB5|ốm
U+24EB6|ngứa
U+24ECE|cúm
U+24ECF|hủi
U+24ED0|hom
U+24ED1|rêm
U+24ED2|toi
U+24ED3|gầy
U+24ED4|ngứa
U+24EEA|nhó
U+24EEB|nhối
U+24EEC|thượt
U+24EED|ngứa
U+24EF3|luỗi
U+24EFB|mệt
U+24EFC|rỗ
U+24EFD|xải
U+24EFE|rạn
U+24F13|rôm
U+24F14|ngợm
U+24F15|nhức
U+24F1E|gầy
U+24F38|dâng
U+24F40|trẻo
U+24F57|ngươi
U+24F74|hếu
U+24F75|phau
U+24F76|vía
U+24F78|trắng
U+24F93|trăm
U+24F94|vang
U+24F9F|hớ
U+24FAF|mởn
U+24FB0|ngươi
U+24FB1|nhênh
U+24FB7|phếch
U+24FCD|vỏ
U+24FE4|bè
U+24FE6|da
U+24FED|vỏ
U+24FF0|trống
U+24FF1|bịt
U+2500C|giày
U+2502A|ủng
U+25033|mo
U+25077|vịm
U+25089|trộm
U+250D1|mâm
U+250DA|mâm
U+250DB|mâm
U+250DE|hết
U+250E8|vúc
U+250F1|nhắp
U+2512B|mập
U+2512C|ngủ
U+2512D|ngó
U+2512E|nhắm
U+2512F|ngơm
U+25130|nhơn
U+25143|nhớn
U+25158|nháy
U+2515E|thức
U+25166|lồi
U+25172|chau
U+2517F|chợp
U+25180|giương
U+25181|liếc
U+25182|nhằm
U+25183|nhơ
U+25184|quáng
U+2519F|đoái
U+251A1|dòm
U+251B9|ngớp
U+251BA|dấu
U+251BB|rử
U+251BC|lé
U+251BD|ngỏm
U+251BE|nhìn
U+251BF|quàu
U+251C0|màng
U+251C1|trố
U+251C2|bét
U+251C8|nhốn
U+251F6|him
U+251F7|nhòm
U+251F8|nhác
U+251F9|ngái
U+251FA|trợn
U+251FB|trố
U+251FC|nhõi
U+251FD|nhõ
U+25201|nghểnh
U+25222|mí
U+2522D|ngác
U+2522F|láy
U+25230|hóng
U+25231|nhìn
U+25232|ngấp
U+25233|chột
U+25234|ngước
U+25235|nhớn
U+25236|nom
U+25239|nhòm
U+2523A|dòm
U+2523F|ngóng
U+25269|trông
U+2526A|háy
U+2526B|trông
U+2526C|lét
U+2526D|trít
U+2526E|sọc
U+2526F|khoẻ
U+25270|dòm
U+25272|trợn
U+25278|ghèn
U+25280|xăm
U+25296|đui
U+25297|gượm
U+25298|ghé
U+25299|mòm
U+2529A|mờ
U+2529B|trông
U+2529C|nguýt
U+2529D|chớp
U+2529E|quắc
U+2529F|nhăn
U+252A0|sòng
U+252A1|nhỏn
U+252A2|thẳng
U+252A3|thẳng
U+252A4|ngươi
U+252A5|dòm
U+252A6|mù
U+252B4|toét
U+252D2|tré
U+252D3|ngoảnh
U+252D4|trừng
U+252D5|trộm
U+252DF|ngươi
U+252F2|lem
U+252F3|coi
U+252F4|ngắm
U+252F5|him
U+252F6|lấm
U+252F7|liếc
U+252F8|soi
U+252F9|ngáy
U+252FA|dòm
U+252FC|gườm
U+252FD|tráo
U+25300|xét
U+25308|trộm
U+2530E|nhó
U+25319|nhó
U+25325|khoé
U+25326|lén
U+25327|ló
U+2532B|trợn
U+2532C|nhìn
U+25337|hiếng
U+25338|dim
U+25339|ngắm
U+2534D|lom
U+2534E|ngóng
U+25351|ghẹo
U+25352|chăm
U+25356|trõm
U+25358|nheo
U+2535B|ngom
U+25381|mềm
U+253CB|tên
U+253CC|tên
U+253CD|tên
U+253FF|vắn
U+25406|vắn
U+25407|ngắn
U+25408|số
U+25409|ngắn
U+2540B|ngủi
U+2540D|ngắn
U+2540F|cộc
U+25410|ngủn
U+25412|cụt
U+25414|vắn
U+25426|dĩa
U+25427|lỏi
U+25428|đĩa
U+25442|chai
U+25443|bền
U+25460|cườm
U+25465|sinh
U+2546D|xách
U+25472|rắn
U+25474|ì
U+25476|lọi
U+25483|đĩa
U+25485|gại
U+254A5|đá
U+254A6|đĩa
U+254AE|vỡ
U+254C4|mài
U+254C5|vỡ
U+254C9|sành
U+254F3|bể
U+254F4|mài
U+254F5|đĩa
U+254F6|vỡ
U+254F7|canh
U+254F8|sờm
U+254F9|lỗi
U+25526|vôi
U+25527|chồng
U+25544|mài
U+2554A|mảnh
U+2554C|chởm
U+25565|gồ
U+25590|đọi
U+25591|vỡ
U+25592|quành
U+25593|vỡ
U+25594|sạn
U+25595|lở
U+25596|vỡ
U+255A9|cuội
U+255B8|oè
U+255BA|mẻ
U+255CC|gạch
U+255CD|rè
U+255CE|ghề
U+255CF|quánh
U+255D0|sỏi
U+255DC|chén
U+255E8|nén
U+255E9|gạch
U+255F3|gạch
U+255F9|tô
U+255FD|lởm
U+25600|nặng
U+25602|bến
U+25611|vạ
U+2562A|ngó
U+25636|trẽ
U+25637|trẻ
U+25652|trẩy
U+25653|rúng
U+25667|nhẽ
U+25669|lấy
U+2566A|rưỡi
U+25684|lạy
U+25685|nhễ
U+25686|nhìn
U+25687|lưỡi
U+256A4|thờ
U+256A5|lãi
U+256AF|dễ
U+256C9|lậy
U+256D7|nhòm
U+256ED|lẻ
U+25700|vải
U+25721|nhẽ
U+25724|rẻ
U+2574E|gặt
U+25765|cặp
U+2577D|cấy
U+25796|giống
U+257B5|thê
U+257C8|thóc
U+257C9|thóc
U+257CA|ngô
U+257CC|bông
U+257F9|lụi
U+257FC|bắp
U+2582C|trấu
U+2582D|giống
U+2582E|rơm
U+2582F|rơm
U+25857|má
U+25858|vựa
U+25882|mạ
U+25883|nành
U+25884|mấm
U+25885|riêng
U+25886|riêng
U+25889|thóc
U+25890|cau
U+258AB|gặt
U+258AC|vè
U+258B3|chứa
U+258D0|vừng
U+258D1|trồng
U+258D2|giỗ
U+258FD|chuỗi
U+2599D|dòm
U+259CE|hang
U+259E9|núp
U+259EA|rỗng
U+25A0B|lủng
U+25A27|xó
U+25A28|trống
U+25A47|hoắm
U+25A49|chui
U+25A4D|xỏ
U+25A6F|dựng
U+25A70|sập
U+25A85|xòi
U+25A9D|trong
U+25A9E|trong
U+25AB8|đứng
U+25ACC|trỗi
U+25ADF|giễ
U+25AED|nứa
U+25B09|gầu
U+25B0A|cần
U+25B0B|sề
U+25B27|chòm
U+25B28|khau
U+25B29|nia
U+25B2E|giang
U+25B4C|trạc
U+25B4D|dằm
U+25B4E|măng
U+25B4F|mấu
U+25B75|nả
U+25B76|măng
U+25B87|bương
U+25B88|hum
U+25B89|bu
U+25B8A|đũa
U+25B8B|thẻ
U+25BC7|rổ
U+25BC8|ván
U+25BC9|đó
U+25BCA|rá
U+25BCB|mành
U+25BCC|tre
U+25BCD|mui
U+25BCE|xóm
U+25BCF|cổng
U+25BD2|tơi
U+25BD3|trúm
U+25BDD|đốt
U+25BEA|trấu
U+25C04|cảu
U+25C06|rế
U+25C07|kè
U+25C08|siểng
U+25C0A|thấp
U+25C68|rọ
U+25C6A|cót
U+25C6B|sáo
U+25C6C|ghi
U+25C6D|giành
U+25C6E|nôi
U+25C6F|thời
U+25C70|giò
U+25C71|chòm
U+25C72|kèn
U+25C74|vó
U+25CC2|lược
U+25CC3|khại
U+25CC4|giần
U+25CC5|rá
U+25CC9|giô
U+25CD0|khay
U+25CD3|sáo
U+25D17|thúng
U+25D18|mui
U+25D19|dậu
U+25D1A|gầu
U+25D1B|chòi
U+25D1C|chiếu
U+25D22|trĩ
U+25D55|chiếu
U+25D56|tơi
U+25D57|hom
U+25D58|rây
U+25D59|giậu
U+25D5A|cần
U+25D5B|nong
U+25D7E|chõng
U+25D7F|mung
U+25D80|thùng
U+25D81|lạt
U+25D82|gây
U+25D83|mủng
U+25D84|nón
U+25D87|rổ
U+25DAE|toi
U+25DAF|còi
U+25DB0|nừng
U+25DB1|phách
U+25DB2|chổi
U+25DB3|dằm
U+25DD2|lách
U+25DD3|nôi
U+25DE7|trạc
U+25DFA|mo
U+25DFB|mây
U+25E01|nan
U+25E04|giậm
U+25E06|liếp
U+25E0D|siểng
U+25E12|nẳn
U+25E13|níp
U+25E1D|trúm
U+25E20|thẻ
U+25E37|xôi
U+25E3F|bả
U+25E40|tấm
U+25E58|bánh
U+25E59|cháo
U+25E5E|dại
U+25E6F|dồi
U+25E70|lâu
U+25E78|bột
U+25E86|sền
U+25E8A|gạo
U+25E8E|bổi
U+25E8F|xôi
U+25E90|thính
U+25E91|tấm
U+25E92|thính
U+25E93|lớ
U+25E94|xôi
U+25E95|bã
U+25E96|bã
U+25EB9|oản
U+25EBA|xệp
U+25EBB|cốm
U+25EBD|suông
U+25EBE|khằn
U+25EBF|ỉa
U+25ED9|mẻ
U+25EE0|dẻo
U+25EE1|mày
U+25EE2|thính
U+25EE3|dầy
U+25EE7|hèm
U+25EEE|tẻ
U+25EF8|bún
U+25EF9|chè
U+25EFA|khê
U+25EFB|nếp
U+25EFC|ú
U+25EFD|cứt
U+25F15|lép
U+25F16|mẳn
U+25F31|kẹo
U+25F32|hẩm
U+25F33|ú
U+25F44|thúng
U+25F47|cám
U+25F4C|gạo
U+25F4D|cốm
U+25F4E|hèm
U+25F54|men
U+25F61|phân
U+25F62|phèn
U+25F64|xia
U+25F69|xầy
U+25F6A|đúc
U+25F75|nhão
U+25F83|men
U+25F8B|nái
U+25F97|díu
U+25F98|Sợi
U+25F9B|chặt
U+25FB5|phảng
U+25FBD|bền
U+25FBE|buộc
U+25FBF|ngó
U+25FC0|vít
U+25FC1|vương
U+25FC2|tim
U+25FD7|giấy
U+25FE0|bủa
U+25FE1|nỉ
U+25FE3|chão
U+25FE4|khâu
U+25FE5|sợi
U+25FFA|vòng
U+26005|niền
U+2600A|dai
U+2600B|buông
U+2600C|nhợ
U+2600D|rách
U+2600E|riết
U+2600F|thùa
U+26010|chằng
U+26011|trói
U+26016|kép
U+26017|xích
U+2601A|giềng
U+26028|nơ
U+2602A|vá
U+2602B|yếm
U+26034|mạng
U+26035|chuỗi
U+26039|thun
U+2603A|xe
U+2603B|cửi
U+2603C|nối
U+2603D|kéo
U+2603E|ràng
U+2603F|vải
U+26040|bối
U+26041|nuộc
U+26042|bận
U+26045|sô
U+26062|chằng
U+26063|go
U+26078|mạng
U+26079|rớ
U+2607A|món
U+2607B|nịt
U+2607C|may
U+2607D|vướng
U+2607E|ửng
U+2607F|gò
U+26081|đỏi
U+26088|trủ
U+2609B|the
U+260BA|ươm
U+260BB|luốt
U+260BC|giậm
U+260BD|đột
U+260BE|dệt
U+260BF|buộc
U+260C0|chải
U+260D0|tao
U+260EE|gai
U+260EF|tói
U+260FE|lượt
U+260FF|vải
U+26100|mã
U+26101|thùn
U+26102|dải
U+26103|chít
U+26104|quấn
U+26105|dệt
U+26106|may
U+26107|nịt
U+26108|xuyến
U+2610C|chắp
U+26113|xâu
U+2611E|vấn
U+26120|nút
U+26123|cuộn
U+26134|chài
U+26135|dứt
U+26136|rìa
U+26137|thòng
U+26138|xụng
U+26139|chão
U+2613A|rắng
U+2613B|quắn
U+2613E|vóc
U+2616D|đũi
U+2616E|tàn
U+2616F|nhẳng
U+26170|đùm
U+26171|thùa
U+26172|vợt
U+26174|vở
U+26199|sồi
U+2619A|néo
U+2619F|mùng
U+261B9|đũi
U+261BA|lĩnh
U+261C7|nhão
U+261D2|rối
U+261EE|chùng
U+26202|nhàu
U+2623D|chậu
U+26271|bảy
U+2629A|bốn
U+2629B|tư
U+262D5|bẫy
U+262E6|ra
U+26349|lạ
U+2635B|dáng
U+2638D|giòn
U+2639B|gương
U+263A1|xinh
U+263AC|tanh
U+263C4|đỏm
U+263D2|miều
U+263D3|bọn
U+26443|cánh
U+26445|lượn
U+26457|quạt
U+264AE|lông
U+264B5|khụ
U+264B9|sáu
U+264C5|già
U+264C7|khụ
U+264C9|lụ
U+264CA|cỗi
U+264DC|lẫu
U+264E1|mà
U+264FF|cầy
U+26519|cấy
U+2655F|vểnh
U+26573|lảu
U+26587|bịt
U+26591|nghe
U+265A1|điếc
U+265BB|tai
U+265CF|lắng
U+265DD|lỏm
U+265DE|ghé
U+265FD|điếc
U+26627|vẽ
U+26631|vóc
U+26639|sườn
U+26640|phỡn
U+2664F|ngực
U+2665C|nách
U+26663|mọc
U+26664|mào
U+26665|họng
U+26666|tim
U+2666B|giêng
U+26694|chạo
U+26695|cằm
U+26696|mập
U+26697|tóp
U+266AD|truồng
U+266C9|đéo
U+266CA|chồn
U+266CB|gật
U+266CC|ruột
U+266CD|tái
U+266DC|hàm
U+266FA|bét
U+266FB|thộn
U+266FC|bênh
U+266FD|ngóm
U+266FE|nục
U+266FF|mang
U+26700|phị
U+26718|vú
U+2671E|rốn
U+26742|đít
U+26743|ròm
U+26744|răng
U+26745|phễn
U+26746|sần
U+26747|đít
U+26748|ngắc
U+26749|đẻ
U+2674A|trôn
U+2674B|mụn
U+2674C|mép
U+2674D|sần
U+2674E|phốp
U+26765|sáp
U+2676C|nhót
U+26779|lườn
U+2677A|mẩy
U+26781|tươi
U+2678D|cáy
U+2678E|nghén
U+2678F|ôi
U+26790|ngực
U+26791|vòi
U+26792|đẫy
U+26793|phay
U+26794|hoẳn
U+267A2|tao
U+267C2|mề
U+267C9|còm
U+267CA|phổi
U+267CB|bọ
U+267CD|gây
U+267CE|sươi
U+267CF|khu
U+267D0|má
U+267D1|iả
U+267D2|giòn
U+267D6|mỡ
U+267D7|nem
U+267DC|nách
U+267EA|lườn
U+267F5|bệu
U+267F6|nem
U+267F7|bòi
U+267F8|nách
U+267F9|lồn
U+267FA|ngoải
U+267FB|nạc
U+267FC|bế
U+267FD|mật
U+267FE|khù
U+267FF|đùi
U+26806|sụn
U+26818|vai
U+2682F|nhờn
U+26830|vác
U+26831|phét
U+26832|ú
U+26833|sườn
U+26834|cằm
U+26835|rọi
U+26836|seo
U+2683D|vòi
U+2684B|rốn
U+2685E|ngấm
U+2685F|lưng
U+26860|sống
U+26861|ngậy
U+26862|rau
U+26863|bầm
U+26864|chũn
U+26865|nách
U+26866|dỏng
U+2686C|cằm
U+2686E|phổi
U+2686F|đít
U+26872|nính
U+26876|lọm
U+26884|buồi
U+26889|mật
U+2689E|chó
U+2689F|phịch
U+268A0|răng
U+268A1|nóc
U+268A2|nóc
U+268A9|tủy
U+268B3|vai
U+268B4|lột
U+268B5|rõm
U+268B6|đùi
U+268B7|má
U+268BE|gáy
U+268CE|nân
U+268D5|phèo
U+268D7|nhau
U+268D8|nứng
U+268D9|nấng
U+268F0|nằm
U+26920|hôi
U+2692D|lẹt
U+2692E|thối
U+2692F|khắm
U+26930|thủm
U+26931|khẳn
U+2693E|đến
U+26943|đến
U+269C3|lâu
U+269D8|thịt
U+269DC|lưỡi
U+269F7|liếm
U+269FD|lưỡi
U+26A02|múa
U+26A11|chài
U+26A1C|qua
U+26A22|đáy
U+26A3B|khoang
U+26A5A|mui
U+26A5B|gụ
U+26A70|xuồng
U+26A73|giã
U+26A82|đò
U+26A83|sõng
U+26A8F|thong
U+26A90|sõng
U+26AA6|xưởng
U+26AA8|trẩy
U+26AB5|ghe
U+26ABB|khoang
U+26ABC|ghe
U+26AD8|bợt
U+26B11|nở
U+26B36|ngò
U+26B66|trổ
U+26B67|túp
U+26B6A|húng
U+26BB2|rễ
U+26BB4|nen
U+26BEC|dưa
U+26C1F|ngọn
U+26C20|óng
U+26C22|nưa
U+26C23|đay
U+26C24|lau
U+26C26|cải
U+26C92|nhài
U+26CB5|chênh
U+26CB9|rạ
U+26CBA|sả
U+26CBB|rơm
U+26CBC|ngó
U+26CBE|mướp
U+26CBF|lá
U+26CD9|tré
U+26D0B|mống
U+26D57|ké
U+26D58|sả
U+26D59|nhựa
U+26D5A|nụ
U+26D5B|đốt
U+26D5C|ráy
U+26D60|hẹ
U+26DE8|chè
U+26DE9|bốm
U+26DEB|hái
U+26DEC|bí
U+26DED|cói
U+26DEE|ngổ
U+26DEF|mài
U+26DFE|đấy
U+26E6F|cỏ
U+26E70|mầm
U+26E71|gừng
U+26E73|thơm
U+26E74|bìm
U+26E75|cỏ
U+26E76|vối
U+26E77|bụi
U+26E78|dền
U+26E79|nhài
U+26E7A|rác
U+26E7B|dâm
U+26E93|trầu
U+26F03|sắng
U+26F07|úa
U+26F14|lều
U+26F1A|lùm
U+26F1B|sắn
U+26F1C|sắn
U+26F1D|nẫu
U+26F1E|dưa
U+26F1F|khay
U+26F20|súng
U+26F25|dứa
U+26F28|cũ
U+26F54|om
U+26F70|tranh
U+26FA0|dưa
U+26FA2|rậm
U+26FA3|chồi
U+26FA4|dó
U+26FA5|vừng
U+2700F|súng
U+27010|gồi
U+27011|giống
U+27012|non
U+27013|rú
U+2701C|sam
U+2701E|trái
U+2701F|đầy
U+27028|lốp
U+27074|ghém
U+27075|vỏ
U+27076|giền
U+27077|khó
U+27078|vừng
U+27079|khó
U+2707A|rườm
U+27081|chện
U+27084|rườm
U+270CB|dưa
U+270CC|rạp
U+270F5|đắng
U+270F6|muống
U+270F7|khoai
U+270FD|ứng
U+27108|rêu
U+2710A|han
U+27132|mo
U+27133|kiệu
U+27134|ngồng
U+27135|rạp
U+27155|rạp
U+2716B|rác
U+2716C|men
U+2716D|muống
U+27184|thuốc
U+27223|nái
U+27259|trùn
U+2725A|vắt
U+2725D|cáy
U+2727B|bạng
U+27289|bướm
U+2728A|nhộng
U+2728B|thằn
U+2728C|chão
U+2728E|vắt
U+27290|trút
U+27295|nhông
U+272C0|chấu
U+272C1|nhái
U+272C2|vò
U+272C3|chuồn
U+272C4|còng
U+272C5|rận
U+272C6|dòi
U+272C7|chạch
U+272CD|chét
U+272D8|đỉa
U+272DF|mối
U+272F5|cuống
U+272F6|mọt
U+272F7|ghẹ
U+272F8|trạnh
U+272F9|giời
U+272FA|chấy
U+272FB|lằn
U+272FC|nhộng
U+272FD|mang
U+272FE|ộp
U+272FF|khoải
U+27300|thằn
U+27302|bọ
U+2730E|đẻn
U+27345|sứa
U+27346|cua
U+27347|sứa
U+27348|đóm
U+27349|đỉa
U+2734A|giời
U+2734B|ngài
U+2734C|chẫu
U+2734D|rầy
U+2734E|hôn
U+2734F|cua
U+27350|rầy
U+27374|gián
U+2739B|đọt
U+2739C|ốc
U+2739D|chấu
U+273A0|rận
U+273B4|rết
U+273B7|sò
U+273EF|nhúc
U+273F0|sam
U+273F1|đóm
U+273F2|rết
U+273F3|bọ
U+273F4|choi
U+273F5|rồng
U+273F6|rận
U+273F7|nhúc
U+27416|lươn
U+27438|điu
U+27439|dời
U+2743A|thuồng
U+2743B|nhồi
U+2743C|chẫu
U+2743D|róm
U+2743E|bọ
U+2743F|sùng
U+27441|sam
U+27442|cáy
U+27443|ngao
U+27445|vét
U+27446|chàng
U+27450|quít
U+27452|giun
U+27485|bướm
U+27487|sâu
U+27489|rùa
U+2748A|ráy
U+2748B|rọm
U+2748C|rùa
U+2748D|rùa
U+274C5|nòng
U+274C6|chuồn
U+274C7|riện
U+274CF|hầu
U+274ED|mèn
U+274EE|vích
U+274EF|ngoé
U+274F0|sam
U+27519|bậu
U+2751A|còng
U+2751B|nhặng
U+2751C|rạm
U+2753E|giòi
U+2753F|điu
U+27540|vích
U+2755A|trai
U+2756C|rẽ
U+2756D|rạm
U+27583|hến
U+27590|róm
U+275A6|mọi
U+275B0|máu
U+275B1|máu
U+275C5|mủ
U+27607|ấy
U+27638|xòn
U+2767B|lốt
U+2767C|rách
U+2767D|truồng
U+2769F|váy
U+276A0|sống
U+276A2|xống
U+276AD|mền
U+276C6|đụp
U+276C7|tràng
U+276C8|lụn
U+276C9|may
U+276CA|rách
U+276CB|nệm
U+276CC|vạt
U+276DE|hò
U+276F6|đãy
U+276F7|tơi
U+27710|trễ
U+27716|chăn
U+27717|mớ
U+27718|viền
U+27719|xống
U+27735|đai
U+27739|xười
U+2773A|bâu
U+2773B|đũng
U+27766|rách
U+27767|chẻn
U+27768|chéo
U+27769|toàng
U+2778A|dải
U+2778B|rèm
U+277A3|yếm
U+277A4|toạc
U+277A5|nòi
U+277B4|địu
U+277BE|mặc
U+277BF|rách
U+277C0|chẽn
U+277C1|viền
U+277DD|vạt
U+27805|úp
U+2784A|thấy
U+27891|dớn
U+2789F|nghiến
U+278E0|chánh
U+278E7|dia
U+278F2|cạnh
U+278F3|góc
U+27901|sừng
U+27902|sừng
U+27925|kèn
U+2792D|ba
U+27938|mám
U+27939|thoi
U+27943|chọi
U+27947|còi
U+27954|va
U+27994|ghế
U+27995|kể
U+27996|đồn
U+279BF|béng
U+279C0|ngoa
U+279EF|khoang
U+27AFC|mơ
U+27BC4|hang
U+27BC5|hang
U+27BF5|phộng
U+27BF6|há
U+27C17|nành
U+27C1C|chòng
U+27C26|ụt
U+27C7A|ỷ
U+27CAB|cọp
U+27CBC|beo
U+27CC7|cọp
U+27CD8|hùm
U+27D0B|beo
U+27D24|bói
U+27D31|nợ
U+27D46|gần
U+27D5F|quà
U+27D84|dành
U+27DAB|biếu
U+27DAC|đắt
U+27DAD|buôn
U+27DAE|của
U+27DAF|cõng
U+27DDD|xoe
U+27DF8|mua
U+27DF9|tậu
U+27DFA|tròn
U+27E12|vủi
U+27E13|chứa
U+27E1D|bán
U+27E30|khềnh
U+27E3A|còng
U+27E3B|búi
U+27E45|nghèo
U+27E4B|vay
U+27E5F|đà
U+27E65|đỏ
U+27E66|đỏ
U+27E6A|son
U+27E6B|lòm
U+27E70|hường
U+27E71|thắm
U+27E7B|đỏ
U+27E7C|đỏ
U+27E7F|tím
U+27E80|thắm
U+27E81|thắm
U+27E82|đổ
U+27E83|đỏ
U+27E95|rượt
U+27ED0|đuổi
U+27EDA|cản
U+27EE9|rảo
U+27EEA|nhông
U+27EED|dậy
U+27F0B|chạy
U+27F0C|chạy
U+27F0D|lanh
U+27F47|dấy
U+27F48|dấy
U+27F8C|trốn
U+27FBF|tréo
U+27FD0|chen
U+27FD1|nhắc
U+27FE8|trở
U+27FEB|dấu
U+27FEC|nhón
U+27FED|vết
U+27FFA|xoắt
U+28008|bước
U+2800A|dậng
U+2800B|sẩy
U+2800C|lánh
U+2800D|dùng
U+2800E|lộp
U+2800F|đến
U+28010|rong
U+28011|ngoáy
U+28012|vó
U+28015|đi
U+28024|chọi
U+28030|băng
U+28039|giạng
U+2803A|lết
U+2803B|nhòng
U+2803C|rảo
U+2803D|ríu
U+2803E|nhỡ
U+2803F|cẳng
U+2804B|đậu
U+2804D|rén
U+2804E|choành
U+28058|choải
U+2805D|buột
U+28061|noi
U+28065|đủ
U+28066|lõng
U+28067|noi
U+28068|cuống
U+28069|bả
U+2806A|dấu
U+2806B|lỉa
U+2806C|duỗi
U+2806D|rảo
U+2806E|lần
U+2806F|xếch
U+28070|xụi
U+28071|vã
U+28072|ập
U+2807C|bon
U+28094|dọc
U+28095|lồm
U+28096|khập
U+28097|co
U+28098|rầm
U+28099|ghềnh
U+2809A|rón
U+280BC|rẽ
U+280C8|cẳng
U+280C9|giãy
U+280CA|nhổm
U+280CB|ríu
U+280CC|giày
U+280CD|tọt
U+280CE|lồm
U+280CF|xăm
U+280D0|giày
U+280D1|khoèo
U+280D5|sộc
U+280EB|nhảo
U+280F0|cồm
U+280F4|gót
U+280F5|chỗm
U+280F6|ghếch
U+280F7|chúc
U+280F8|xông
U+280F9|lảng
U+280FA|nập
U+280FB|lết
U+280FC|tọ
U+280FD|nhúc
U+280FE|xửng
U+28101|đâm
U+28102|lứng
U+28109|sững
U+2810A|té
U+28111|bậc
U+2811E|chóng
U+2811F|đùi
U+28120|tắt
U+28133|bò
U+28134|sụp
U+28135|sạo
U+28136|dạng
U+28137|sững
U+28138|đỉnh
U+28139|dạo
U+2813A|chui
U+2813B|dận
U+2813C|dời
U+2813D|hổm
U+2813E|ghé
U+2813F|giong
U+28140|lệp
U+28141|sụp
U+28142|mọp
U+28143|xồng
U+28144|nhón
U+28147|tòi
U+28149|lửng
U+2814D|rén
U+28150|què
U+2815E|nhấp
U+28165|bay
U+2816E|đua
U+28170|chững
U+28177|dọi
U+28178|đứng
U+28179|trèo
U+2817A|chổm
U+2817B|khèo
U+2817C|láy
U+2817D|lòn
U+2817E|sụm
U+2817F|vượt
U+28182|khúm
U+2818F|đuổi
U+28192|choạng
U+28193|cầm
U+2819D|cúi
U+2819E|lỏng
U+2819F|đủng
U+281A0|quày
U+281A1|dép
U+281A2|lôi
U+281A3|vợn
U+281A4|quằn
U+281A5|tuốn
U+281B6|bò
U+281B7|đuổi
U+281B8|ngoèn
U+281B9|giạt
U+281BA|vêu
U+281BE|xẹt
U+281BF|gác
U+281C0|khiễng
U+281C9|leo
U+281CD|lẻn
U+281D1|bải
U+281D2|lủi
U+281D3|gượm
U+281D7|sịch
U+281DB|đủ
U+281DC|đủ
U+281E3|lôm
U+281EC|sóm
U+281F5|nhào
U+281F6|khụy
U+281F7|ngoẹo
U+281F8|chồm
U+281F9|ống
U+28212|vóc
U+28251|rình
U+28253|mình
U+2825E|lưng
U+2825F|mình
U+28260|bắn
U+2828B|mẩy
U+2828C|lăn
U+282E3|bánh
U+282E4|so
U+28300|nhẹ
U+28344|cộ
U+28366|sau
U+28386|so
U+2839E|ngáo
U+2839F|trước
U+283A0|trước
U+283C4|nhẹ
U+283E7|so
U+2842E|cay
U+28437|chát
U+28438|đắng
U+2843A|nồng
U+2843F|chát
U+28457|trên
U+2845C|xuống
U+2846E|mười
U+2847B|đem
U+28492|mười
U+2849F|đong
U+284B8|chuồn
U+284B9|bạch
U+284BA|quanh
U+284BB|đuổi
U+284D0|lạ
U+284D1|nghểnh
U+284E1|lùng
U+284E2|ngót
U+28508|chơi
U+28509|gỡ
U+2850A|suốt
U+2850C|co
U+2850D|lạ
U+2853E|chở
U+2853F|chục
U+28540|địt
U+2856D|trên
U+28585|sang
U+285A7|mau
U+285A8|rời
U+285A9|quýnh
U+285B2|lên
U+285BC|chóng
U+285CA|đò
U+285DB|chầu
U+285DC|nhanh
U+285EE|mặn
U+285F5|địt
U+28617|đuổi
U+28618|vã
U+28631|nhanh
U+2864C|tít
U+2864D|kéo
U+28656|suốt
U+2865B|chóng
U+2865D|lui
U+28665|xoảng
U+286E6|quẩn
U+28809|tăm
U+28823|chuếnh
U+28832|giấm
U+28833|gây
U+28834|sưa
U+28835|xoàng
U+28848|choáng
U+28849|dấm
U+2884A|miệt
U+28867|choạng
U+28868|gây
U+2887C|giấm
U+28887|rượu
U+2889F|cay
U+288A5|mặn
U+288BB|miền
U+288BC|mến
U+288E4|giấm
U+288E5|dấu
U+28914|vẻ
U+28927|lẽ
U+2892E|dặm
U+2892F|chồng
U+28930|nhẽ
U+28935|dặm
U+2893B|nhẽ
U+2893C|nặng
U+2897F|chảo
U+28980|kéo
U+28981|sã
U+28999|lề
U+289A5|chì
U+289A6|vỡ
U+289A7|nén
U+289A9|vòng
U+289AD|lao
U+289BD|rảng
U+289C6|bửa
U+289DD|đẵn
U+289DF|nhẫn
U+289E0|gang
U+289E2|bịt
U+289E3|xớt
U+28A05|hoắt
U+28A20|cuốc
U+28A24|khép
U+28A26|mai
U+28A27|thép
U+28A28|chiêng
U+28A2A|chẻ
U+28A2B|hái
U+28A56|lình
U+28A60|tĩn
U+28A80|mỏ
U+28A9D|kền
U+28A9E|thuổng
U+28AC4|băm
U+28AC5|lon
U+28AC7|chũm
U+28AC8|chọc
U+28AC9|thìa
U+28ACA|sắt
U+28ACB|cồng
U+28AEA|han
U+28AF5|cuốc
U+28B08|mạ
U+28B09|duì
U+28B0A|giáo
U+28B0B|miểng
U+28B4D|bay
U+28B4F|choang
U+28B51|thuổng
U+28B52|choang
U+28B61|thau
U+28B7A|cốm
U+28B87|bung
U+28B88|hom
U+28B89|cùn
U+28B8A|đâm
U+28B8B|giũa
U+28B8C|rựa
U+28B8D|vằm
U+28B8E|lạp
U+28B90|nhọn
U+28B91|thoi
U+28B92|muỗng
U+28BB5|muổng
U+28BB6|vếu
U+28BB9|thiếc
U+28BBB|rèn
U+28BC3|sỏ
U+28BD8|kẽm
U+28BDB|ấm
U+28BF7|đấng
U+28BF8|duì
U+28BF9|đúc
U+28C07|kẽm
U+28C08|kiềng
U+28C27|sủng
U+28C2A|thiếc
U+28C32|lõm
U+28C34|nén
U+28C3A|bén
U+28C6A|đườn
U+28C7D|dài
U+28C7E|dài
U+28C85|nhằng
U+28C96|ngòng
U+28CB7|đườn
U+28CD2|mọn
U+28CE6|suồng
U+28CF1|ngõ
U+28D26|cửa
U+28D63|cửa
U+28D9B|cổng
U+28DC8|muôn
U+28DD1|mở
U+28DEF|cửa
U+28DF6|cửa
U+28E08|mở
U+28E0D|cụp
U+28E3E|bậc
U+28E6C|lở
U+28EEB|luống
U+28EEC|xó
U+28EEE|vện
U+28F0B|hờ
U+28F1A|be
U+28F3C|nhỏ
U+29033|sống
U+29066|loi
U+29071|nhóm
U+29076|ngất
U+29080|cơn
U+29081|ngút
U+29084|đùn
U+2908F|che
U+29090|râm
U+29091|bùng
U+29095|phất
U+2909F|mù
U+290A0|đậy
U+290B6|sét
U+290F3|bóng
U+2910E|mưa
U+2910F|bùng
U+29110|ráng
U+29111|nồm
U+29112|ũm
U+29113|rợp
U+29114|xẩng
U+29128|guốt
U+29130|sét
U+29131|dông
U+29132|mây
U+29133|tạnh
U+29134|bóng
U+29135|nấp
U+29136|xối
U+29158|tóc
U+29159|sẩm
U+2915A|dồi
U+2915B|bùng
U+2915C|ráng
U+29179|mây
U+2917A|râu
U+2917B|chở
U+2918B|rào
U+2918D|rào
U+2918F|rợp
U+29190|sấm
U+291A0|mống
U+291A1|rào
U+291A2|ầm
U+291AA|mịt
U+291AC|mống
U+291B4|lờ
U+291B7|sấm
U+291BE|khuya
U+291C5|mù
U+291C6|sấm
U+291CD|loà
U+291E2|xanh
U+29202|bay
U+29218|mặt
U+29229|nạ
U+2922A|trán
U+292BD|hia
U+292BE|dõn
U+29302|giầy
U+29353|ủng
U+29362|roi
U+29363|dép
U+293F3|vía
U+29470|trán
U+294DB|ngụp
U+294DC|màng
U+29546|chạng
U+29585|sỏ
U+295AB|vuông
U+295C2|mát
U+295C3|tố
U+29604|may
U+29623|tố
U+29628|dông
U+29629|thói
U+2962A|giông
U+2962B|hẩy
U+2962C|thói
U+2964B|gió
U+2964C|gió
U+2964D|gió
U+29655|bão
U+29673|liệng
U+29679|bổng
U+2967B|bay
U+29694|nhử
U+296A6|thết
U+296A7|quà
U+296A9|cỗ
U+296C2|no
U+296C3|quà
U+296C4|bánh
U+296DC|đói
U+296F7|bữa
U+296F8|mồi
U+2972A|nhạy
U+2972B|mồi
U+2973D|ngán
U+29747|mồi
U+2977A|nuôi
U+2977B|chăn
U+2979D|mềm
U+297C2|quà
U+297E1|đói
U+297E2|bò
U+297EC|sổi
U+297F5|đúc
U+297FB|nấng
U+297FC|nuôi
U+29813|gật
U+29814|mào
U+29818|ngoái
U+29820|cúi
U+29827|gục
U+29829|sỏ
U+2982D|óc
U+29831|chui
U+29833|chui
U+29834|cúi
U+29835|chọi
U+29838|nóc
U+2984B|thơm
U+2985C|lựng
U+298A6|giong
U+298AC|lừa
U+29915|bíu
U+29993|mở
U+299CD|ruổi
U+29A1C|bả
U+29A3C|kheo
U+29A47|sống
U+29A56|sống
U+29A69|vêu
U+29A6A|xương
U+29A6B|xương
U+29A6C|xác
U+29A7F|hom
U+29A9E|sụn
U+29AB5|sọ
U+29ABD|cụt
U+29ADB|chót
U+29AE6|rôm
U+29B06|gáy
U+29B11|chơm
U+29B2A|bợp
U+29B46|cợp
U+29B5C|xùi
U+29B75|quăn
U+29B76|râu
U+29B94|quăn
U+29B95|xồm
U+29BAD|ria
U+29BBF|chóp
U+29BC0|tóc
U+29BC1|râu
U+29BC2|gáy
U+29BEE|mờn
U+29BEF|xoàm
U+29BF9|sói
U+29C08|nheo
U+29C7B|quẻ
U+29CA1|coi
U+29CA5|trơi
U+29CCA|ranh
U+29CF3|trơi
U+29CF4|quẻ
U+29D05|vía
U+29D1A|trơi
U+29D2C|vía
U+29D43|trơi
U+29D5C|cá
U+29D5D|chài
U+29D5E|thiên
U+29D7D|tom
U+29D7E|trê
U+29D7F|ngừ
U+29D9D|chình
U+29D9F|bướp
U+29DAA|cháy
U+29DC6|gỏi
U+29DC7|húng
U+29DC8|liệt
U+29DC9|giếc
U+29DCA|thu
U+29DD5|lươn
U+29DDB|giếc
U+29DF3|vẩy
U+29DF6|măng
U+29E04|quả
U+29E18|quản
U+29E2E|bống
U+29E2F|chuối
U+29E30|go
U+29E31|ghím
U+29E32|sứa
U+29E33|mòi
U+29E34|trê
U+29E35|chình
U+29E36|nhám
U+29E37|rói
U+29E38|thia
U+29E64|thu
U+29E69|nâu
U+29E6A|mè
U+29E6B|tép
U+29E6C|khô
U+29E6D|chày
U+29E6E|mú
U+29E6F|tươi
U+29E70|trạnh
U+29E79|giếc
U+29E8B|ngờ
U+29E8C|giải
U+29EA1|bơn
U+29EA2|chạch
U+29EA3|tràu
U+29EA4|sặt
U+29EA5|sò
U+29EA6|thờn
U+29EA7|cháy
U+29EA8|bống
U+29EA9|vảy
U+29EAA|bơn
U+29EAF|sốc
U+29EB1|nược
U+29EBA|gáy
U+29ED0|mắm
U+29ED1|lẹp
U+29ED2|sộp
U+29ED3|dưa
U+29ED4|thệ
U+29ED5|trắm
U+29EDB|trắm
U+29EDF|vây
U+29EF9|chèo
U+29EFA|vây
U+29EFB|leo
U+29F00|vây
U+29F01|rô
U+29F08|úc
U+29F22|vích
U+29F24|trám
U+29F28|ngờ
U+29F37|đuối
U+29F38|đuối
U+29F49|sấu
U+29F4A|lúi
U+29F4B|sủ
U+29F56|ruốc
U+29F57|quỳnh
U+29F64|sấu
U+29F65|lươn
U+29F78|nheo
U+29FB0|trĩ
U+29FB7|quạ
U+29FD8|mào
U+29FD9|quạ
U+29FDA|khướu
U+29FE0|vẹt
U+29FE8|khướu
U+2A004|chim
U+2A005|quạ
U+2A006|sẻ
U+2A00E|sả
U+2A010|bịp
U+2A01A|nhồng
U+2A042|diệc
U+2A043|chiện
U+2A044|két
U+2A045|sắc
U+2A046|hâu
U+2A047|sống
U+2A04E|sáo
U+2A073|trả
U+2A074|cốc
U+2A075|cốc
U+2A076|quạ
U+2A0A0|quạ
U+2A0AE|cò
U+2A0AF|gô
U+2A0B0|giẻ
U+2A0B1|vạc
U+2A0B2|cò
U+2A0B3|cun
U+2A0CF|môi
U+2A0D9|chả
U+2A0F1|hâu
U+2A0F2|chả
U+2A0F4|gà
U+2A0F5|trả
U+2A105|sét
U+2A10C|ngỗng
U+2A11E|sồ
U+2A124|sáo
U+2A125|cút
U+2A126|choè
U+2A127|hịch
U+2A128|sáo
U+2A138|trích
U+2A164|kên
U+2A165|vạc
U+2A166|cuốc
U+2A167|choi
U+2A168|ri
U+2A169|sấm
U+2A16A|quạch
U+2A16B|vạc
U+2A16C|yểng
U+2A16D|tu
U+2A174|ác
U+2A1A3|yểng
U+2A1A4|đủi
U+2A1A5|khướu
U+2A1A6|tu
U+2A1A7|vẹt
U+2A1BC|lôi
U+2A1CB|cùi
U+2A1CC|nông
U+2A1CD|quạ
U+2A1CE|quắm
U+2A1CF|cưởng
U+2A1D0|sáo
U+2A1E8|bồ
U+2A1E9|ngan
U+2A1EA|chích
U+2A1EB|cùi
U+2A1F4|vẹt
U+2A23E|nhạn
U+2A265|muối
U+2A274|muối
U+2A27D|mặn
U+2A27E|mặn
U+2A285|mắm
U+2A422|sì
U+2A43E|sì
U+2A451|ngăm
U+2A497|thâm
U+2A4B3|ngòn
U+2A4B7|ngòm
U+2A4BD|trũi
U+2A4C7|đen
U+2A4C8|nghịt
U+2A4EA|trạnh
U+2A4EB|sam
U+2A51A|đùng
U+2A520|trống
U+2A521|bỏi
U+2A5A0|sẹo
U+2A5AB|mũi
U+2A5AC|mũi
U+2A5AD|ngửi
U+2A5BA|ngáy
U+2A5C0|hít
U+2A60C|lợi
U+2A635|răng
U+2A69A|trong
U+2A6A4|trông
U+2A6C5|rùa
U+2A6C7|rùa
